ticker,name,entry_date,exit_date,entry_price,exit_price,shares,pnl,pnl_pct,holding_days,exit_reason
1060.SR,Saudi Awwal Bank,2022-02-13 00:00:00+03:00,2022-02-27 00:00:00+03:00,32.81576258506997,32.75019086633554,1523,-149.74426832196932,-0.00199817750888609,11,stop_loss
7010.SR,STC,2022-02-27 00:00:00+03:00,2022-03-21 00:00:00+03:00,35.82069351735376,34.6067091232479,1266,-1580.716336688047,-0.03389058878823015,21,stop_loss
4310.SR,Emaar EC,2022-02-20 00:00:00+03:00,2022-03-22 00:00:00+03:00,17.87786061096191,16.723259771347045,2656,-3111.0368079697796,-0.0645827185220873,29,stop_loss
1304.SR,Yamamah Steel,2022-02-27 00:00:00+03:00,2022-03-22 00:00:00+03:00,39.55448765945434,38.60892424803911,1089,-1071.763673537299,-0.02390533836656128,22,stop_loss
4009.SR,ME Healthcare,2022-02-23 00:00:00+03:00,2022-04-03 00:00:00+03:00,31.656148645691864,32.13760642870857,1425,640.2812516378995,0.015208981623297646,36,stop_loss
1080.SR,Arab National Bank,2022-03-20 00:00:00+03:00,2022-04-28 00:00:00+03:00,16.45706443806438,22.150854093426705,2244,12727.157470047412,0.3459784505791246,38,take_profit
1180.SR,Al Rajhi Bank,2022-03-02 00:00:00+03:00,2022-05-09 00:00:00+03:00,42.79466851984883,51.12895998048468,956,7918.7033506265325,0.19475069556316993,67,time_exit
2010.SR,SABIC,2022-04-26 00:00:00+03:00,2022-05-12 00:00:00+03:00,104.2641727287688,106.44009966101528,379,784.3355095498923,0.020869363610709346,15,stop_loss
2280.SR,Almarai,2022-03-13 00:00:00+03:00,2022-05-15 00:00:00+03:00,46.078428226608736,49.80244894071507,843,3097.365997534614,0.0808191784622514,60,time_exit
1320.SR,Saudi Steel Pipe,2022-04-14 00:00:00+03:00,2022-05-15 00:00:00+03:00,21.709992553657653,21.998814103628227,2021,539.2487491870982,0.01330362270999097,28,stop_loss
8210.SR,Bupa Arabia,2022-04-20 00:00:00+03:00,2022-05-15 00:00:00+03:00,124.25195335539837,115.20910989182659,335,-3067.94761211031,-0.07277828009437004,22,stop_loss
2380.SR,Petro Rabigh,2022-04-26 00:00:00+03:00,2022-05-15 00:00:00+03:00,18.229795675277707,20.537518781661987,2064,4720.751052811805,0.12659072803069837,16,stop_loss
1010.SR,Riyad Bank,2022-05-15 00:00:00+03:00,2022-05-18 00:00:00+03:00,30.46584807822611,29.689069358825684,1467,-1183.0882461098217,-0.025496704290191352,2,stop_loss
4190.SR,Jarir Marketing,2022-05-10 00:00:00+03:00,2022-05-23 00:00:00+03:00,15.179305248600619,14.277450209779786,2679,-2454.3189381130096,-0.05941345957872313,12,stop_loss
8210.SR,Bupa Arabia,2022-05-15 00:00:00+03:00,2022-05-24 00:00:00+03:00,115.43975876047888,113.30361422431669,368,-827.7969193422351,-0.018504409218269346,8,stop_loss
1140.SR,Bank Albilad,2022-05-18 00:00:00+03:00,2022-06-02 00:00:00+03:00,28.867927528381344,30.293362913131713,1399,1951.8036885502945,0.049377821921887444,14,stop_loss
1211.SR,Maaden,2022-05-11 00:00:00+03:00,2022-06-05 00:00:00+03:00,41.70833078765869,39.02759898376465,926,-2518.497207064848,-0.06427329392638403,22,stop_loss
1150.SR,Alinma Bank,2022-05-15 00:00:00+03:00,2022-06-05 00:00:00+03:00,26.482405733108518,26.00549339701834,1777,-893.6849829987453,-0.01800864849275896,18,stop_loss
1010.SR,Riyad Bank,2022-05-18 00:00:00+03:00,2022-06-05 00:00:00+03:00,29.748506935119625,30.91032193565369,1429,1616.0627857171312,0.039054565093567195,15,stop_loss
4190.SR,Jarir Marketing,2022-05-24 00:00:00+03:00,2022-06-13 00:00:00+03:00,13.65204425481781,12.319401745608724,2963,-3985.122142158759,-0.09761486883100279,19,stop_loss
7020.SR,Mobily,2022-05-22 00:00:00+03:00,2022-06-14 00:00:00+03:00,33.18626136221696,31.997936510886806,1156,-1410.6931427442437,-0.03580773496477907,22,stop_loss
1304.SR,Yamamah Steel,2022-05-25 00:00:00+03:00,2022-06-14 00:00:00+03:00,35.40609438231667,34.56510150598367,1085,-949.9804059552943,-0.02375277169099521,19,stop_loss
1180.SR,Al Rajhi Bank,2022-05-26 00:00:00+03:00,2022-06-14 00:00:00+03:00,44.07681853722183,42.96872773676545,828,-953.0772893439253,-0.02513999052632676,18,stop_loss
2010.SR,SABIC,2022-05-26 00:00:00+03:00,2022-06-14 00:00:00+03:00,97.0970712691071,92.30485882384711,339,-1655.8513660844214,-0.04935486088945207,18,stop_loss
1321.SR,East Pipes,2022-05-30 00:00:00+03:00,2022-06-14 00:00:00+03:00,46.24862170028686,43.73998543502338,676,-1725.4063454721904,-0.05424240059564678,14,stop_loss
3020.SR,Yamama Cement,2022-05-26 00:00:00+03:00,2022-06-19 00:00:00+03:00,28.27900538319329,26.530066515019506,1226,-2176.7249139284736,-0.061845840915367156,21,stop_loss
7010.SR,STC,2022-05-31 00:00:00+03:00,2022-06-20 00:00:00+03:00,33.44389852688711,31.80751621039582,889,-1483.0207612717982,-0.048929173588292185,19,stop_loss
1322.SR,Almasane Mining,2022-06-15 00:00:00+03:00,2022-06-20 00:00:00+03:00,54.22580260584446,50.95731557570043,706,-2343.5277080781298,-0.06027549382536479,4,stop_loss
7020.SR,Mobily,2022-06-15 00:00:00+03:00,2022-06-23 00:00:00+03:00,30.945629046852776,30.928367831660807,1520,-73.2481661959168,-0.000557791705117161,7,stop_loss
4310.SR,Emaar EC,2022-06-15 00:00:00+03:00,2022-06-26 00:00:00+03:00,13.113100381851195,12.56741992378235,3075,-1716.6122248273318,-0.04161338220395838,8,stop_loss
4190.SR,Jarir Marketing,2022-06-15 00:00:00+03:00,2022-07-14 00:00:00+03:00,12.344063889902158,12.498889951074984,3439,489.4631418316042,0.012542551833313098,28,stop_loss
4310.SR,Emaar EC,2022-06-26 00:00:00+03:00,2022-07-14 00:00:00+03:00,12.59257992362976,11.868120114326477,3450,-2540.3313564907544,-0.05753068979485665,17,stop_loss
1320.SR,Saudi Steel Pipe,2022-06-15 00:00:00+03:00,2022-07-17 00:00:00+03:00,18.732728699466314,17.809441633071632,2385,-2244.515171646192,-0.04928737725331955,29,stop_loss
1304.SR,Yamamah Steel,2022-06-28 00:00:00+03:00,2022-07-17 00:00:00+03:00,31.509544088956147,30.85604162979126,1309,-895.8252775402339,-0.020739825918139387,16,stop_loss
1211.SR,Maaden,2022-07-03 00:00:00+03:00,2022-08-14 00:00:00+03:00,33.50013384246826,47.28599872970581,1111,15263.561145132215,0.4115167107112019,39,take_profit
4300.SR,Dar Al Arkan,2022-07-06 00:00:00+03:00,2022-08-18 00:00:00+03:00,10.910899618148802,14.285700190544128,3243,10898.14973056011,0.30930543681126,42,take_profit
3020.SR,Yamama Cement,2022-06-22 00:00:00+03:00,2022-08-22 00:00:00+03:00,24.74985846822402,27.673603633168742,1665,4821.959149583738,0.11813179330695878,60,stop_loss
1321.SR,East Pipes,2022-06-28 00:00:00+03:00,2022-08-29 00:00:00+03:00,39.10957312315551,47.08553525695596,1002,7944.734351740574,0.20393886961343832,61,time_exit
2050.SR,Savola,2022-07-19 00:00:00+03:00,2022-08-29 00:00:00+03:00,18.318548400867275,19.095771978246635,2175,1648.9279767474209,0.04242822959392156,40,stop_loss
4190.SR,Jarir Marketing,2022-07-19 00:00:00+03:00,2022-09-01 00:00:00+03:00,11.771820970485265,14.16625521464228,3563,8480.894844601673,0.2034038956386124,43,stop_loss
4009.SR,ME Healthcare,2022-08-25 00:00:00+03:00,2022-09-07 00:00:00+03:00,33.04544503541762,31.147233767484583,1364,-2631.6449963195146,-0.05744244829805023,12,stop_loss
1180.SR,Al Rajhi Bank,2022-09-01 00:00:00+03:00,2022-09-11 00:00:00+03:00,45.067866733103266,43.35758620573552,1052,-1844.8272954792997,-0.03794900116964062,7,stop_loss
1050.SR,Banque Saudi Fransi,2022-09-01 00:00:00+03:00,2022-09-11 00:00:00+03:00,20.129208308216704,19.57860115432861,2126,-1212.2149152201916,-0.027353641805343054,7,stop_loss
1010.SR,Riyad Bank,2022-09-01 00:00:00+03:00,2022-09-15 00:00:00+03:00,30.375594729575553,28.222745064612603,1483,-3234.5303840708757,-0.07087432144552552,13,stop_loss
1180.SR,Al Rajhi Bank,2022-09-11 00:00:00+03:00,2022-09-19 00:00:00+03:00,43.44438818012138,41.54292179140524,908,-1764.252453940849,-0.04376782522135236,7,stop_loss
1050.SR,Banque Saudi Fransi,2022-09-11 00:00:00+03:00,2022-09-19 00:00:00+03:00,19.617797553035974,18.35366390790368,1912,-2452.115734884857,-0.06443810227497537,7,stop_loss
7020.SR,Mobily,2022-08-31 00:00:00+03:00,2022-09-20 00:00:00+03:00,33.62490645415149,32.30988925837363,1405,-1892.9945544759116,-0.03910842689096916,19,stop_loss
1060.SR,Saudi Awwal Bank,2022-09-01 00:00:00+03:00,2022-09-20 00:00:00+03:00,33.69594270447111,32.903124802954075,1206,-995.8195577419043,-0.02352858646723166,18,stop_loss
4009.SR,ME Healthcare,2022-09-07 00:00:00+03:00,2022-09-20 00:00:00+03:00,31.209590591843906,28.671299817581524,1184,-3039.2830957106767,-0.0813304732977087,12,stop_loss
2380.SR,Petro Rabigh,2022-09-14 00:00:00+03:00,2022-09-20 00:00:00+03:00,15.79577973270416,14.345639657020568,2142,-3136.9284022595925,-0.0918055392150835,5,stop_loss
1304.SR,Yamamah Steel,2022-09-18 00:00:00+03:00,2022-09-20 00:00:00+03:00,30.079532079624478,27.804885877656396,927,-2134.372158432999,-0.07562106338445673,1,stop_loss
2222.SR,Saudi Aramco,2022-09-01 00:00:00+03:00,2022-09-26 00:00:00+03:00,28.670664443448377,26.705823140625107,1279,-2547.1887741078226,-0.0685314184712682,24,stop_loss
4310.SR,Emaar EC,2022-09-18 00:00:00+03:00,2022-09-26 00:00:00+03:00,13.012999999999998,11.868120114326477,2256,-2609.623501057385,-0.08797970380953835,7,stop_loss
4009.SR,ME Healthcare,2022-09-20 00:00:00+03:00,2022-09-26 00:00:00+03:00,28.728699817216317,26.74007336502403,1115,-2247.1336759964,-0.06922089982647095,5,stop_loss
1010.SR,Riyad Bank,2022-09-18 00:00:00+03:00,2022-09-27 00:00:00+03:00,28.493160746959944,25.874410167952508,1141,-3017.517112649118,-0.09190804074928194,8,stop_loss
4190.SR,Jarir Marketing,2022-09-18 00:00:00+03:00,2022-09-27 00:00:00+03:00,13.617598267720219,13.261328579770048,2269,-838.4658765064357,-0.02616244663309597,8,stop_loss
1050.SR,Banque Saudi Fransi,2022-09-20 00:00:00+03:00,2022-09-27 00:00:00+03:00,17.83807957946382,16.414174807544587,2096,-3018.908512339325,-0.07982388269858998,6,stop_loss
1080.SR,Arab National Bank,2022-09-01 00:00:00+03:00,2022-09-28 00:00:00+03:00,19.06449501723955,19.343507943668353,2025,525.8305724323955,0.014635212009366017,26,stop_loss
2280.SR,Almarai,2022-09-11 00:00:00+03:00,2022-10-10 00:00:00+03:00,48.858577532392644,50.27585867623949,729,996.5468528893698,0.029007826576760376,28,stop_loss
1050.SR,Banque Saudi Fransi,2022-09-27 00:00:00+03:00,2022-10-10 00:00:00+03:00,16.4470360183705,16.659164709063035,1988,388.59341765514057,0.012897685057392527,12,stop_loss
1180.SR,Al Rajhi Bank,2022-09-27 00:00:00+03:00,2022-10-12 00:00:00+03:00,39.74284436984786,39.92267938281058,960,134.31584023671257,0.004524965835086547,14,stop_loss
1010.SR,Riyad Bank,2022-09-27 00:00:00+03:00,2022-10-16 00:00:00+03:00,25.926210788909366,27.53959281001785,1328,2105.9987447803646,0.0622297656315689,16,stop_loss
2010.SR,SABIC,2022-09-20 00:00:00+03:00,2022-10-17 00:00:00+03:00,79.44920066172281,78.4191288822861,447,-495.49543601859136,-0.012965162278001152,26,stop_loss
1304.SR,Yamamah Steel,2022-09-20 00:00:00+03:00,2022-10-17 00:00:00+03:00,27.860551314848898,28.739918259904407,1211,1030.1093294494767,0.03156315663383258,26,stop_loss
4009.SR,ME Healthcare,2022-09-27 00:00:00+03:00,2022-10-23 00:00:00+03:00,26.24781090267058,32.33568346061867,1124,6806.423446923915,0.23193829689350132,23,stop_loss
1211.SR,Maaden,2022-09-19 00:00:00+03:00,2022-10-25 00:00:00+03:00,41.57486615753174,54.87840101623535,724,9592.027275365663,0.31998984213911985,35,take_profit
3020.SR,Yamama Cement,2022-09-15 00:00:00+03:00,2022-10-30 00:00:00+03:00,25.804018823599403,27.078964207203146,1327,1655.9187385392088,0.04940879141034138,42,stop_loss
2222.SR,Saudi Aramco,2022-09-27 00:00:00+03:00,2022-11-03 00:00:00+03:00,26.109421445233973,26.1717066822052,1190,42.975101043936746,0.0023855464243769386,36,stop_loss
2380.SR,Petro Rabigh,2022-11-02 00:00:00+03:00,2022-11-10 00:00:00+03:00,12.011999999999999,11.368620114326477,3479,-2277.8700516359236,-0.05356142904374972,7,stop_loss
2050.SR,Savola,2022-09-25 00:00:00+03:00,2022-11-13 00:00:00+03:00,16.89150875315216,16.45084696138365,1802,-823.7169749912665,-0.026087769790621884,46,stop_loss
1180.SR,Al Rajhi Bank,2022-11-02 00:00:00+03:00,2022-11-13 00:00:00+03:00,37.08033407735791,36.941438768369956,1248,-219.44426119989353,-0.0037457944337337956,8,stop_loss
4300.SR,Dar Al Arkan,2022-11-02 00:00:00+03:00,2022-11-14 00:00:00+03:00,12.612600381851195,12.627360342979431,3488,7.438511538975952,0.001170255195706904,11,stop_loss
4009.SR,ME Healthcare,2022-11-07 00:00:00+03:00,2022-11-14 00:00:00+03:00,29.77067256695291,26.591516653966625,1316,-4218.763617406572,-0.10678817906570659,6,stop_loss
7020.SR,Mobily,2022-09-27 00:00:00+03:00,2022-11-15 00:00:00+03:00,30.007878878145004,31.908804184204996,1207,2255.902917764075,0.06334753995039799,48,stop_loss
3020.SR,Yamama Cement,2022-11-07 00:00:00+03:00,2022-11-27 00:00:00+03:00,26.124848391592835,24.42595855819314,1579,-2721.115635501503,-0.06502965329920951,17,stop_loss
1304.SR,Yamamah Steel,2022-11-21 00:00:00+03:00,2022-11-28 00:00:00+03:00,26.233297595529905,22.63760503283224,1516,-5485.388534279433,-0.13706597691745637,6,stop_loss
1180.SR,Al Rajhi Bank,2022-11-17 00:00:00+03:00,2022-11-30 00:00:00+03:00,35.00227610017665,33.18248254394531,1259,-2332.896832818083,-0.05199072057551579,12,stop_loss
1050.SR,Banque Saudi Fransi,2022-11-20 00:00:00+03:00,2022-12-06 00:00:00+03:00,16.447035758226086,16.046691838871375,2546,-1060.1304960988605,-0.024341402623538233,15,stop_loss
1150.SR,Alinma Bank,2022-11-22 00:00:00+03:00,2022-12-06 00:00:00+03:00,24.614616871684778,22.884834599587393,1535,-2690.344008779852,-0.07027459663965863,13,stop_loss
2222.SR,Saudi Aramco,2022-11-15 00:00:00+03:00,2022-12-08 00:00:00+03:00,26.04222924655844,24.642560503799317,1782,-2538.122742414526,-0.05374611864090295,22,stop_loss
1010.SR,Riyad Bank,2022-12-01 00:00:00+03:00,2022-12-08 00:00:00+03:00,29.519944173812863,25.746318742918273,1221,-4639.032906307399,-0.1278330815490557,6,stop_loss
3020.SR,Yamama Cement,2022-11-27 00:00:00+03:00,2022-12-12 00:00:00+03:00,24.47485937612746,23.41964502621669,1546,-1667.5681561725814,-0.043114215027523994,14,stop_loss
2380.SR,Petro Rabigh,2022-12-01 00:00:00+03:00,2022-12-13 00:00:00+03:00,10.390380114555358,10.309679695129395,3298,-300.15130690136147,-0.007766839955442362,11,stop_loss
1140.SR,Bank Albilad,2022-12-11 00:00:00+03:00,2022-12-18 00:00:00+03:00,29.91134870266505,26.790691188812257,1006,-3166.3328942718563,-0.10433021743264792,4,stop_loss
1304.SR,Yamamah Steel,2022-11-28 00:00:00+03:00,2022-12-26 00:00:00+03:00,22.6829255634285,22.44075669498984,1660,-439.25197772186027,-0.010676262537717252,27,stop_loss
1321.SR,East Pipes,2022-12-13 00:00:00+03:00,2023-01-01 00:00:00+03:00,35.384851047770184,34.89596012042904,784,-410.64891976987457,-0.013816390711413051,16,stop_loss
1010.SR,Riyad Bank,2022-12-11 00:00:00+03:00,2023-01-05 00:00:00+03:00,26.525166164838414,26.386774441143917,1194,-196.7455267739549,-0.005217374429795196,24,stop_loss
1060.SR,Saudi Awwal Bank,2022-12-07 00:00:00+03:00,2023-01-12 00:00:00+03:00,30.788171527893052,31.665525929563678,1012,855.837142249955,0.028496476345656774,35,stop_loss
2010.SR,SABIC,2022-11-15 00:00:00+03:00,2023-01-16 00:00:00+03:00,74.47272028034935,81.81728751218888,656,4764.363963478738,0.09862090714816407,61,time_exit
1180.SR,Al Rajhi Bank,2022-12-07 00:00:00+03:00,2023-01-22 00:00:00+03:00,31.040978045487392,31.14098131942749,1112,76.57486939418388,0.0032216534476958714,43,stop_loss
2280.SR,Almarai,2022-11-29 00:00:00+03:00,2023-01-29 00:00:00+03:00,50.85086711003362,50.65458645629883,703,-173.59547385433456,-0.003859927369774585,58,stop_loss
1080.SR,Arab National Bank,2023-01-18 00:00:00+03:00,2023-01-29 00:00:00+03:00,18.9373981024117,17.69455207520392,1646,-2074.8497934997904,-0.06562918625286229,8,stop_loss
1150.SR,Alinma Bank,2022-12-11 00:00:00+03:00,2023-02-05 00:00:00+03:00,22.500701210853602,22.527258649264354,1482,5.97272640652416,0.0011802938122631446,53,stop_loss
7010.SR,STC,2022-12-06 00:00:00+03:00,2023-02-06 00:00:00+03:00,30.123499966032732,29.736549144744874,1206,-502.52496874171885,-0.012845480164130452,61,time_exit
1050.SR,Banque Saudi Fransi,2022-12-07 00:00:00+03:00,2023-02-06 00:00:00+03:00,15.751515088105526,15.720043469951325,2082,-98.25303950148599,-0.0019980057777404525,60,stop_loss
1140.SR,Bank Albilad,2022-12-18 00:00:00+03:00,2023-02-06 00:00:00+03:00,26.844326206207274,26.980026193031623,983,106.87172130058511,0.005055071443475834,49,stop_loss
2050.SR,Savola,2022-12-12 00:00:00+03:00,2023-02-08 00:00:00+03:00,15.289726290714325,16.479914008023435,1895,2224.1762872555582,0.07784231677397191,57,stop_loss
4190.SR,Jarir Marketing,2022-12-14 00:00:00+03:00,2023-02-08 00:00:00+03:00,12.62195102140288,12.11288691044801,2090,-1089.259925538516,-0.04033165000336769,55,stop_loss
1060.SR,Saudi Awwal Bank,2023-01-18 00:00:00+03:00,2023-02-08 00:00:00+03:00,31.472354716766674,28.678211567987834,1042,-2941.3798574813945,-0.08878087368817944,20,stop_loss
1010.SR,Riyad Bank,2023-02-06 00:00:00+03:00,2023-02-09 00:00:00+03:00,24.98499638056467,23.01370555549433,1558,-3107.126458715051,-0.078898983815894,2,stop_loss
2222.SR,Saudi Aramco,2022-12-11 00:00:00+03:00,2023-02-12 00:00:00+03:00,24.22891716608808,24.91208771881384,1180,776.7449887081953,0.028196495453868486,60,time_exit
7020.SR,Mobily,2022-12-13 00:00:00+03:00,2023-02-12 00:00:00+03:00,29.204102256071234,30.482708518981934,1000,1248.1235543917173,0.04378173489804471,58,stop_loss
1150.SR,Alinma Bank,2023-02-06 00:00:00+03:00,2023-02-23 00:00:00+03:00,21.640798888094338,20.16725343132019,1894,-2829.091873129155,-0.06809108408584752,15,stop_loss
1010.SR,Riyad Bank,2023-02-09 00:00:00+03:00,2023-02-23 00:00:00+03:00,23.05977904008991,22.800224354918985,1712,-483.3916051082463,-0.01125573166679894,12,stop_loss
1140.SR,Bank Albilad,2023-02-09 00:00:00+03:00,2023-02-23 00:00:00+03:00,25.832527366163987,24.86580246113273,1310,-1298.9838268150297,-0.037422776770092314,12,stop_loss
1050.SR,Banque Saudi Fransi,2023-02-09 00:00:00+03:00,2023-02-26 00:00:00+03:00,15.178734726129644,14.107206703576146,2472,-2683.690286723486,-0.07059402788750901,14,stop_loss
1211.SR,Maaden,2023-02-14 00:00:00+03:00,2023-02-26 00:00:00+03:00,46.713330787658684,43.48979949188232,752,-2456.799863641719,-0.06900666772038433,9,stop_loss
4009.SR,ME Healthcare,2022-12-27 00:00:00+03:00,2023-02-27 00:00:00+03:00,24.858511716997555,29.71119114839087,1083,5223.274604185253,0.19521198560230735,61,time_exit
1060.SR,Saudi Awwal Bank,2023-02-09 00:00:00+03:00,2023-02-28 00:00:00+03:00,28.26524980841882,27.56863765727127,1261,-913.1919746828769,-0.024645533150040033,18,stop_loss
1304.SR,Yamamah Steel,2023-02-06 00:00:00+03:00,2023-03-01 00:00:00+03:00,22.584303939445796,21.574623189659274,1638,-1689.196300934985,-0.04470718922724959,22,stop_loss
2010.SR,SABIC,2023-02-07 00:00:00+03:00,2023-03-01 00:00:00+03:00,79.7984189907357,77.37352554618181,440,-1100.9974668440304,-0.030387737942971116,21,stop_loss
1080.SR,Arab National Bank,2023-02-23 00:00:00+03:00,2023-03-15 00:00:00+03:00,15.582046085435268,16.616391504052007,2172,2210.5074468887574,0.06638059038880373,19,stop_loss
2050.SR,Savola,2023-02-23 00:00:00+03:00,2023-03-16 00:00:00+03:00,16.163424733442266,15.433568435184197,1989,-1482.38154485288,-0.04515480538898353,20,stop_loss
1050.SR,Banque Saudi Fransi,2023-02-26 00:00:00+03:00,2023-03-16 00:00:00+03:00,14.135449359639361,13.474323299642913,2399,-1618.3663195273225,-0.046770784796141496,17,stop_loss
2380.SR,Petro Rabigh,2023-02-27 00:00:00+03:00,2023-03-16 00:00:00+03:00,10.170159847259521,9.630360342979431,3326,-1827.4037297363293,-0.05307679646997343,16,stop_loss
1211.SR,Maaden,2023-02-28 00:00:00+03:00,2023-03-16 00:00:00+03:00,41.841799236297604,40.359601524353025,809,-1231.748866596366,-0.035423852200380024,15,stop_loss
1140.SR,Bank Albilad,2023-02-28 00:00:00+03:00,2023-03-16 00:00:00+03:00,23.239788748844553,23.035576032371686,1384,-314.5116368272502,-0.008787201926825583,15,stop_loss
7020.SR,Mobily,2023-02-15 00:00:00+03:00,2023-04-12 00:00:00+03:00,29.56133146632545,38.77186779821633,1129,10354.922079960616,0.31157379843945754,55,take_profit
7010.SR,STC,2023-02-21 00:00:00+03:00,2023-04-26 00:00:00+03:00,29.059364425277703,35.953045232141264,1091,7481.780987939878,0.23722751488903837,63,time_exit
4190.SR,Jarir Marketing,2023-02-23 00:00:00+03:00,2023-04-26 00:00:00+03:00,12.187289980580436,13.935112082083556,2923,5068.151670077689,0.1434135155796037,61,time_exit
4300.SR,Dar Al Arkan,2023-05-10 00:00:00+03:00,2023-06-04 00:00:00+03:00,14.914899618148802,15.244740228652955,3351,1054.2107612932004,0.022114839452408663,22,stop_loss
1211.SR,Maaden,2023-05-28 00:00:00+03:00,2023-06-11 00:00:00+03:00,42.776066921234126,43.956,1001,1137.1130558446432,0.027583954385954845,11,take_profit
7020.SR,Mobily,2023-06-01 00:00:00+03:00,2023-06-11 00:00:00+03:00,38.670873497178775,41.394144514352355,1052,2821.334470037508,0.0704217611575868,7,stop_loss
2280.SR,Almarai,2023-05-25 00:00:00+03:00,2023-06-20 00:00:00+03:00,54.92865683315461,60.8884905473958,821,4843.034028652601,0.10850135535525895,25,stop_loss
2010.SR,SABIC,2023-06-11 00:00:00+03:00,2023-07-20 00:00:00+03:00,79.27065290002103,76.26138063068612,527,-1626.0762335318716,-0.03796199676985523,38,stop_loss
1140.SR,Bank Albilad,2023-05-25 00:00:00+03:00,2023-07-25 00:00:00+03:00,24.708454186335718,29.067057719037198,1921,8317.039568441272,0.17640130377366448,60,time_exit
4310.SR,Emaar EC,2023-06-01 00:00:00+03:00,2023-07-27 00:00:00+03:00,14.994979541778562,15.044940419197083,2450,85.5440456483424,0.0033318403189095402,55,stop_loss
1080.SR,Arab National Bank,2023-06-01 00:00:00+03:00,2023-08-01 00:00:00+03:00,16.64235348526511,17.669551454544067,2323,2345.1345146061067,0.0617219175273751,60,time_exit
4190.SR,Jarir Marketing,2023-07-06 00:00:00+03:00,2023-08-01 00:00:00+03:00,14.050659564349957,13.336884339298393,3005,-2184.971888719539,-0.05080012235600595,25,stop_loss
2380.SR,Petro Rabigh,2023-07-16 00:00:00+03:00,2023-08-01 00:00:00+03:00,11.13111988544464,10.389599618911744,3423,-2573.78747183764,-0.06661686103143394,15,stop_loss
4310.SR,Emaar EC,2023-07-27 00:00:00+03:00,2023-08-08 00:00:00+03:00,15.075060420036314,14.425559580802917,2715,-1802.5601727805533,-0.043084460104063194,11,stop_loss
7010.SR,STC,2023-08-01 00:00:00+03:00,2023-08-08 00:00:00+03:00,35.72686437829905,33.77075546868732,1197,-2381.885959101258,-0.05475176575529239,6,stop_loss
1010.SR,Riyad Bank,2023-08-06 00:00:00+03:00,2023-08-08 00:00:00+03:00,28.54332235545497,26.883939723645646,1284,-2165.1662778483305,-0.05813558110526662,1,stop_loss
1050.SR,Banque Saudi Fransi,2023-08-06 00:00:00+03:00,2023-08-16 00:00:00+03:00,16.507892284824454,16.08927910891207,2110,-917.2221800949345,-0.0253583660887593,9,stop_loss
1304.SR,Yamamah Steel,2023-08-10 00:00:00+03:00,2023-08-20 00:00:00+03:00,23.66914103206943,23.031303776527288,1356,-896.1377664361147,-0.02694805251605592,7,stop_loss
4009.SR,ME Healthcare,2023-08-07 00:00:00+03:00,2023-08-27 00:00:00+03:00,56.16733546519661,58.432008612299775,559,1233.288796416395,0.04032011004877467,17,stop_loss
7020.SR,Mobily,2023-08-06 00:00:00+03:00,2023-09-06 00:00:00+03:00,40.9723210744051,40.15781415102233,942,-805.0941827568348,-0.019879443048970602,30,stop_loss
1211.SR,Maaden,2023-08-09 00:00:00+03:00,2023-09-07 00:00:00+03:00,40.94090152740478,38.611351524353026,868,-2055.5640557720635,-0.05690031035326415,28,stop_loss
2050.SR,Savola,2023-08-20 00:00:00+03:00,2023-09-07 00:00:00+03:00,23.018034025192257,22.40792852783203,1259,-796.3344031930659,-0.02650554329238075,17,stop_loss
1060.SR,Saudi Awwal Bank,2023-08-06 00:00:00+03:00,2023-09-10 00:00:00+03:00,30.613853572119368,30.845540742874146,1081,217.10980204286838,0.0075680498767976,32,stop_loss
3020.SR,Yamama Cement,2023-08-17 00:00:00+03:00,2023-09-10 00:00:00+03:00,31.721626329810103,30.618724634170533,1014,-1149.389706157573,-0.03476813213082741,21,stop_loss
1050.SR,Banque Saudi Fransi,2023-08-20 00:00:00+03:00,2023-09-10 00:00:00+03:00,16.42202691057309,15.896465932846072,1858,-1006.0279303200308,-0.03200341715361854,18,stop_loss
2222.SR,Saudi Aramco,2023-07-12 00:00:00+03:00,2023-09-11 00:00:00+03:00,27.86965394592285,29.5492077351143,1439,2374.35659271567,0.06026460868335115,60,time_exit
8210.SR,Bupa Arabia,2023-07-30 00:00:00+03:00,2023-09-14 00:00:00+03:00,167.61217419565043,191.31138414688965,231,5430.3245689983305,0.14139313009313748,45,stop_loss
1180.SR,Al Rajhi Bank,2023-08-20 00:00:00+03:00,2023-09-14 00:00:00+03:00,31.851082857833223,31.158879194790995,1008,-729.1494425749155,-0.0217325001517803,24,stop_loss
7010.SR,STC,2023-09-03 00:00:00+03:00,2023-09-17 00:00:00+03:00,33.75398307345271,32.33908087921142,782,-1131.7426771442288,-0.04191808093173155,11,stop_loss
1140.SR,Bank Albilad,2023-08-23 00:00:00+03:00,2023-09-19 00:00:00+03:00,26.180720664512442,25.585399650158028,1052,-653.1935475328105,-0.02273890860312955,26,stop_loss
4300.SR,Dar Al Arkan,2023-09-14 00:00:00+03:00,2023-09-20 00:00:00+03:00,17.437420076370238,16.303679695129393,1967,-2262.1366678610607,-0.06501766753771088,5,stop_loss
2010.SR,SABIC,2023-07-23 00:00:00+03:00,2023-09-25 00:00:00+03:00,75.43209439968503,75.74773997858328,506,121.38830649335415,0.004184499733306701,60,stop_loss
4009.SR,ME Healthcare,2023-09-10 00:00:00+03:00,2023-09-25 00:00:00+03:00,56.861984775543206,52.588806537080764,555,-2400.8007099747356,-0.07515000145229489,11,stop_loss
1321.SR,East Pipes,2023-08-02 00:00:00+03:00,2023-09-27 00:00:00+03:00,58.224570562958014,60.2778657976042,697,1389.133106087461,0.0352650988198524,55,stop_loss
4190.SR,Jarir Marketing,2023-08-27 00:00:00+03:00,2023-09-27 00:00:00+03:00,12.783040161720646,12.376677919285912,2175,-910.7571517699918,-0.03178917043940788,30,stop_loss
1010.SR,Riyad Bank,2023-09-17 00:00:00+03:00,2023-09-27 00:00:00+03:00,25.77818621063232,24.391386821155084,1185,-1672.2610699135937,-0.05379739979165965,9,stop_loss
4300.SR,Dar Al Arkan,2023-09-20 00:00:00+03:00,2023-10-04 00:00:00+03:00,16.33631969451904,14.745240228652953,1690,-2713.8437533001115,-0.09739522093216058,13,stop_loss
1211.SR,Maaden,2023-09-17 00:00:00+03:00,2023-10-05 00:00:00+03:00,38.838799236297604,38.06189847564697,827,-673.9741190974339,-0.02000321266174898,17,stop_loss
7020.SR,Mobily,2023-09-07 00:00:00+03:00,2023-10-08 00:00:00+03:00,39.32057813853102,39.19622895723763,764,-124.94869343147926,-0.0031624453957744825,28,stop_loss
1080.SR,Arab National Bank,2023-09-12 00:00:00+03:00,2023-10-08 00:00:00+03:00,16.160736792209015,15.198471250800923,1988,-1943.198457165879,-0.05954342019059389,23,stop_loss
1050.SR,Banque Saudi Fransi,2023-09-17 00:00:00+03:00,2023-10-08 00:00:00+03:00,15.799490371704099,14.825274836991014,1836,-1815.8789263339404,-0.06166119993704633,18,stop_loss
1010.SR,Riyad Bank,2023-09-28 00:00:00+03:00,2023-10-08 00:00:00+03:00,24.79700996450031,23.14511136817932,1331,-2229.4831749342843,-0.06661684609095486,7,stop_loss
2380.SR,Petro Rabigh,2023-08-09 00:00:00+03:00,2023-10-09 00:00:00+03:00,10.13011988544464,10.34963965702057,3335,697.582389949558,0.02167000727122126,60,time_exit
3020.SR,Yamama Cement,2023-09-10 00:00:00+03:00,2023-10-09 00:00:00+03:00,30.680023382186885,30.42971671831463,1083,-304.037500179587,-0.008158620375028347,28,stop_loss
1180.SR,Al Rajhi Bank,2023-09-17 00:00:00+03:00,2023-10-09 00:00:00+03:00,30.63642170333862,29.09359341476814,1104,-1735.4017577117133,-0.05035928489006103,21,stop_loss
7010.SR,STC,2023-09-19 00:00:00+03:00,2023-10-09 00:00:00+03:00,32.19285273421052,30.317885896648338,898,-1710.945681666028,-0.0582417113836482,19,stop_loss
4009.SR,ME Healthcare,2023-09-25 00:00:00+03:00,2023-10-09 00:00:00+03:00,52.69408943305089,59.02623151775626,561,3519.21799363825,0.1201679761968466,13,stop_loss
1150.SR,Alinma Bank,2023-09-20 00:00:00+03:00,2023-10-12 00:00:00+03:00,25.45358734958264,23.63044516957153,1141,-2107.1675653311586,-0.07162613878239854,21,stop_loss
4300.SR,Dar Al Arkan,2023-10-05 00:00:00+03:00,2023-10-16 00:00:00+03:00,15.2151998090744,13.566419923782348,2246,-3733.6298015147645,-0.10836399823738851,10,stop_loss
1150.SR,Alinma Bank,2023-10-15 00:00:00+03:00,2023-10-23 00:00:00+03:00,23.418778836544128,23.076606476136607,1536,-561.0224131332972,-0.014611024887154822,7,stop_loss
2010.SR,SABIC,2023-10-10 00:00:00+03:00,2023-10-24 00:00:00+03:00,73.71259772487277,69.20051022482264,549,-2515.127117640948,-0.06121189103782754,13,stop_loss
2280.SR,Almarai,2023-10-12 00:00:00+03:00,2023-10-24 00:00:00+03:00,57.92125539976974,51.25423255928082,653,-4387.034928700475,-0.11510494367695323,11,stop_loss
1304.SR,Yamamah Steel,2023-10-17 00:00:00+03:00,2023-10-24 00:00:00+03:00,21.499467963994004,20.649433534879897,1660,-1445.335211997318,-0.03953746346363973,6,stop_loss
3020.SR,Yamama Cement,2023-10-18 00:00:00+03:00,2023-10-24 00:00:00+03:00,29.354340619075277,27.074887435616002,1155,-2664.0399218835987,-0.07765301946445435,5,stop_loss
1010.SR,Riyad Bank,2023-10-11 00:00:00+03:00,2023-10-29 00:00:00+03:00,23.726635343166855,22.70001552772522,1620,-1699.8981261703625,-0.0432686641233897,15,stop_loss
1140.SR,Bank Albilad,2023-10-23 00:00:00+03:00,2023-10-29 00:00:00+03:00,23.428223134277296,23.44529585454246,1451,-9.246607180185993,0.0007287245032332468,3,stop_loss
2380.SR,Petro Rabigh,2023-10-24 00:00:00+03:00,2023-11-13 00:00:00+03:00,10.009999999999998,9.630360342979431,3351,-1304.4438281852438,-0.03792603966239427,19,stop_loss
1050.SR,Banque Saudi Fransi,2023-10-08 00:00:00+03:00,2023-11-30 00:00:00+03:00,14.854955066894897,15.72507592090647,2582,2206.0498990301,0.058574452099871,52,stop_loss
1080.SR,Arab National Bank,2023-10-08 00:00:00+03:00,2023-12-10 00:00:00+03:00,15.228898620672394,15.557177157702517,2393,748.3422141747014,0.02155628881687499,60,time_exit
7010.SR,STC,2023-10-10 00:00:00+03:00,2023-12-11 00:00:00+03:00,30.50516222430394,32.679944892334284,1396,2990.3754015006593,0.07129228332041637,61,time_exit
1150.SR,Alinma Bank,2023-10-24 00:00:00+03:00,2023-12-25 00:00:00+03:00,22.64184965488346,28.226856582641602,1728,9602.115962991269,0.24666743277988123,61,time_exit
2010.SR,SABIC,2023-10-24 00:00:00+03:00,2023-12-25 00:00:00+03:00,69.33904978483228,74.20185365091277,536,2566.69067866225,0.07013081201963933,61,time_exit
1304.SR,Yamamah Steel,2023-10-24 00:00:00+03:00,2023-12-25 00:00:00+03:00,20.69077374215693,23.425000395788622,1707,4627.338422073684,0.13214714382868986,61,time_exit
4310.SR,Emaar EC,2023-10-26 00:00:00+03:00,2023-12-26 00:00:00+03:00,12.952939579963683,13.906080076217652,2460,2310.516663797268,0.07358487935266367,60,time_exit
1211.SR,Maaden,2023-11-01 00:00:00+03:00,2024-01-01 00:00:00+03:00,36.035999999999994,51.34860152435303,938,14315.055241613303,0.4249251172259141,60,take_profit
4190.SR,Jarir Marketing,2023-11-02 00:00:00+03:00,2024-01-02 00:00:00+03:00,12.48817935775319,13.788581039428712,2572,3309.1688948360325,0.10413060578507616,60,time_exit
3020.SR,Yamama Cement,2024-01-07 00:00:00+03:00,2024-01-15 00:00:00+03:00,30.301254755840176,29.43744440460205,1427,-1274.6646043821725,-0.028507411927277904,7,stop_loss
4300.SR,Dar Al Arkan,2023-12-21 00:00:00+03:00,2024-01-16 00:00:00+03:00,14.214199809074401,13.286700190544128,2445,-2300.2225492723987,-0.06525162379792593,25,stop_loss
2222.SR,Saudi Aramco,2023-12-17 00:00:00+03:00,2024-01-17 00:00:00+03:00,29.256272104263303,28.487837357734083,1250,-996.1532298586924,-0.02626564122013486,30,stop_loss
2380.SR,Petro Rabigh,2023-12-28 00:00:00+03:00,2024-01-18 00:00:00+03:00,10.370359656333923,9.52046973323822,3967,-3409.281028352407,-0.08195375582529707,20,stop_loss
2222.SR,Saudi Aramco,2024-01-17 00:00:00+03:00,2024-02-01 00:00:00+03:00,28.54487006515697,27.156634181307176,1479,-2093.365534168,-0.0486334630594214,14,stop_loss
7020.SR,Mobily,2023-12-03 00:00:00+03:00,2024-02-04 00:00:00+03:00,42.02759503947107,48.995278034600496,812,5617.974426280995,0.16578828716193694,60,time_exit
2380.SR,Petro Rabigh,2024-01-18 00:00:00+03:00,2024-02-12 00:00:00+03:00,9.539529732704162,8.811179695129395,4182,-3082.808210622707,-0.07635072775943874,24,stop_loss
1320.SR,Saudi Steel Pipe,2024-02-01 00:00:00+03:00,2024-02-28 00:00:00+03:00,31.436957597748755,43.370140781749384,1269,15088.172751844759,0.3795909049689714,26,take_profit
2380.SR,Petro Rabigh,2024-02-27 00:00:00+03:00,2024-03-03 00:00:00+03:00,8.668659847259521,8.361629885673523,3950,-1245.796786313104,-0.03541838842402634,2,stop_loss
1180.SR,Al Rajhi Bank,2024-02-07 00:00:00+03:00,2024-03-05 00:00:00+03:00,35.7199994289643,36.36699320983887,1008,615.5118019660459,0.01811292808560183,26,stop_loss
3020.SR,Yamama Cement,2024-01-16 00:00:00+03:00,2024-03-18 00:00:00+03:00,29.449032175218864,34.16255694389848,1521,7117.309924050026,0.1600570348334236,61,time_exit
1080.SR,Arab National Bank,2024-01-16 00:00:00+03:00,2024-03-18 00:00:00+03:00,16.333793888596333,19.762655244991194,2606,8884.111215196563,0.2099243678340259,61,time_exit
2010.SR,SABIC,2024-01-18 00:00:00+03:00,2024-03-19 00:00:00+03:00,71.16134940314198,71.35507255935946,590,72.19716935828703,0.002722308638640314,60,time_exit
2380.SR,Petro Rabigh,2024-03-03 00:00:00+03:00,2024-03-26 00:00:00+03:00,8.37836988544464,7.662330076217652,4407,-3189.355327909227,-0.08546290257140965,22,stop_loss
4009.SR,ME Healthcare,2024-03-21 00:00:00+03:00,2024-04-01 00:00:00+03:00,111.54079346433426,91.11431915033718,363,-7447.884673832511,-0.1831300789565259,10,stop_loss
8210.SR,Bupa Arabia,2024-02-04 00:00:00+03:00,2024-04-02 00:00:00+03:00,196.51083737817558,231.68866064460005,203,7094.065324973313,0.1790121284696704,57,stop_loss
2280.SR,Almarai,2024-02-06 00:00:00+03:00,2024-04-02 00:00:00+03:00,56.28014853546845,55.20427917285442,673,-761.2125609225723,-0.019116320596346714,55,stop_loss
1050.SR,Banque Saudi Fransi,2024-02-21 00:00:00+03:00,2024-04-17 00:00:00+03:00,16.400559385535168,15.810770992821938,2197,-1330.5013626621949,-0.03596148026715518,55,stop_loss
1180.SR,Al Rajhi Bank,2024-03-14 00:00:00+03:00,2024-04-17 00:00:00+03:00,35.85496028945797,34.48129507228058,1029,-1448.9827611049109,-0.038311720500811,33,stop_loss
2222.SR,Saudi Aramco,2024-03-31 00:00:00+03:00,2024-04-17 00:00:00+03:00,27.806599688091527,27.0752866173243,1308,-991.9719714589953,-0.02629998198163086,16,stop_loss
7010.SR,STC,2024-03-14 00:00:00+03:00,2024-04-18 00:00:00+03:00,34.26593351189213,32.86566013690924,1023,-1466.1012329275525,-0.040864883324918555,34,stop_loss
4190.SR,Jarir Marketing,2024-03-25 00:00:00+03:00,2024-04-22 00:00:00+03:00,13.111339629250779,12.656122305872954,2940,-1375.5479303100724,-0.03471936020650834,27,stop_loss
3020.SR,Yamama Cement,2024-03-27 00:00:00+03:00,2024-04-23 00:00:00+03:00,33.26768644092779,31.742893114250922,1151,-1791.5731889795775,-0.045834065719730366,26,stop_loss
2380.SR,Petro Rabigh,2024-03-31 00:00:00+03:00,2024-04-25 00:00:00+03:00,7.4074000954627985,7.332660152435302,4667,-383.0328390407403,-0.010089902268580864,24,stop_loss
4009.SR,ME Healthcare,2024-04-02 00:00:00+03:00,2024-04-30 00:00:00+03:00,88.22042928701963,89.62876119882486,438,577.5919799656074,0.015963784388571822,27,stop_loss
1150.SR,Alinma Bank,2024-04-23 00:00:00+03:00,2024-05-06 00:00:00+03:00,31.343044979095456,29.79087962663707,1315,-2080.272445191804,-0.04952184299558693,12,stop_loss
2050.SR,Savola,2024-04-30 00:00:00+03:00,2024-05-13 00:00:00+03:00,32.03055087471008,30.399566493988036,1212,-2013.5973440258306,-0.050919648154094,12,stop_loss
1140.SR,Bank Albilad,2024-04-30 00:00:00+03:00,2024-05-21 00:00:00+03:00,28.849291067427764,28.105172662103108,1417,-1094.2408100072373,-0.02579329951593856,20,stop_loss
1180.SR,Al Rajhi Bank,2024-05-07 00:00:00+03:00,2024-05-26 00:00:00+03:00,33.331210510253904,31.01016942523647,1165,-2740.1397114257115,-0.06963566727657244,16,stop_loss
1050.SR,Banque Saudi Fransi,2024-04-18 00:00:00+03:00,2024-05-27 00:00:00+03:00,15.799491079096457,14.743791140556336,2502,-2678.250211661055,-0.06681860404585227,38,stop_loss
4190.SR,Jarir Marketing,2024-04-24 00:00:00+03:00,2024-05-27 00:00:00+03:00,12.448608404843002,11.857211991117664,3147,-1898.4391601296861,-0.04750703006251378,32,stop_loss
1010.SR,Riyad Bank,2024-05-21 00:00:00+03:00,2024-05-28 00:00:00+03:00,23.49315618080828,22.351451537045584,1502,-1748.4122551402136,-0.04859732915304771,6,stop_loss
2050.SR,Savola,2024-05-15 00:00:00+03:00,2024-05-29 00:00:00+03:00,28.70188526344299,27.14023105430603,1285,-2041.6008556457734,-0.0544094645631521,13,stop_loss
4300.SR,Dar Al Arkan,2024-05-08 00:00:00+03:00,2024-05-30 00:00:00+03:00,12.952939579963683,12.287700190544129,2849,-1930.2746782991699,-0.05135817899193962,21,stop_loss
2222.SR,Saudi Aramco,2024-04-17 00:00:00+03:00,2024-06-05 00:00:00+03:00,27.129491395336956,26.008867117057402,1549,-1776.1347422193503,-0.04130649786055951,48,stop_loss
1304.SR,Yamamah Steel,2024-05-23 00:00:00+03:00,2024-06-06 00:00:00+03:00,34.22163345242109,32.775316031077935,884,-1307.51797983882,-0.04226324916237534,13,stop_loss
3020.SR,Yamama Cement,2024-05-23 00:00:00+03:00,2024-06-09 00:00:00+03:00,32.53706385164006,30.090122337040434,978,-2422.536940924063,-0.07520474268228383,14,stop_loss
4310.SR,Emaar EC,2024-05-21 00:00:00+03:00,2024-06-13 00:00:00+03:00,14.274260229110716,14.005980457305908,2348,-662.8069463114439,-0.018794653277910855,22,stop_loss
2010.SR,SABIC,2024-05-26 00:00:00+03:00,2024-06-23 00:00:00+03:00,71.9628043597906,68.66418076217647,424,-1427.7300180315517,-0.04583789677125538,18,stop_loss
1080.SR,Arab National Bank,2024-05-28 00:00:00+03:00,2024-06-23 00:00:00+03:00,18.368067617792352,18.294961395847174,1533,-140.11801406179146,-0.003980071473297708,16,stop_loss
7010.SR,STC,2024-04-18 00:00:00+03:00,2024-06-24 00:00:00+03:00,32.93145725430045,33.48045482342702,1263,651.0981153648694,0.016670916348679787,66,time_exit
2380.SR,Petro Rabigh,2024-05-15 00:00:00+03:00,2024-06-24 00:00:00+03:00,7.06705994272232,6.693299809455872,4961,-1887.429481489561,-0.052887641578779565,39,stop_loss
4300.SR,Dar Al Arkan,2024-06-06 00:00:00+03:00,2024-06-25 00:00:00+03:00,12.011999999999999,11.788200190544128,2343,-551.9827066015503,-0.018631352768553988,18,stop_loss
1140.SR,Bank Albilad,2024-05-28 00:00:00+03:00,2024-07-02 00:00:00+03:00,26.62389034336295,26.086123381842036,1005,-566.6723503272716,-0.020198661975595722,34,stop_loss
1211.SR,Maaden,2024-05-30 00:00:00+03:00,2024-07-02 00:00:00+03:00,46.796749999999996,42.10785152435303,617,-2919.0309038647033,-0.10019709650022635,32,stop_loss
1060.SR,Saudi Awwal Bank,2024-05-28 00:00:00+03:00,2024-07-08 00:00:00+03:00,34.800367672975575,33.81566283551161,852,-867.7794662551545,-0.02829581706484796,40,stop_loss
1320.SR,Saudi Steel Pipe,2024-06-25 00:00:00+03:00,2024-07-22 00:00:00+03:00,61.62314628073288,64.67301360095418,587,1752.3090579861405,0.04949223634780342,26,stop_loss
1180.SR,Al Rajhi Bank,2024-05-27 00:00:00+03:00,2024-07-29 00:00:00+03:00,30.657339322040013,34.506862645200734,1067,4070.6225633700597,0.1255661257072378,62,time_exit
1050.SR,Banque Saudi Fransi,2024-05-27 00:00:00+03:00,2024-07-29 00:00:00+03:00,14.773308239936828,16.37464607061827,2104,3334.762540421171,0.10839399034215846,62,time_exit
1010.SR,Riyad Bank,2024-05-28 00:00:00+03:00,2024-07-29 00:00:00+03:00,22.396199187770396,25.133978740858897,1393,3778.715285066265,0.12224304356890547,61,time_exit
2280.SR,Almarai,2024-05-30 00:00:00+03:00,2024-07-30 00:00:00+03:00,51.386387542724606,58.53992352235059,534,3788.727893959341,0.13921071944740748,60,time_exit
4310.SR,Emaar EC,2024-06-23 00:00:00+03:00,2024-08-01 00:00:00+03:00,13.7136998090744,13.786200190544129,2384,139.9746081695755,0.00528671200909292,38,stop_loss
2222.SR,Saudi Aramco,2024-06-05 00:00:00+03:00,2024-08-04 00:00:00+03:00,26.060936921095553,25.00148137027269,1078,-1169.0446807042017,-0.04065301082729944,57,stop_loss
1321.SR,East Pipes,2024-07-23 00:00:00+03:00,2024-08-05 00:00:00+03:00,148.2080054151993,132.06416846544988,260,-4231.734290735864,-0.1089268889661058,12,stop_loss
2380.SR,Petro Rabigh,2024-06-25 00:00:00+03:00,2024-08-06 00:00:00+03:00,6.636630114555358,6.973020019054413,5184,1707.697129144322,0.05068685442650933,41,stop_loss
4009.SR,ME Healthcare,2024-07-31 00:00:00+03:00,2024-08-06 00:00:00+03:00,79.68617047265373,75.86257377779886,519,-2023.8193604203557,-0.047983190460470615,5,stop_loss
4009.SR,ME Healthcare,2024-08-06 00:00:00+03:00,2024-08-07 00:00:00+03:00,76.01445080237903,69.02899915810224,378,-2666.59368321839,-0.09189636405369084,0,stop_loss
4009.SR,ME Healthcare,2024-08-07 00:00:00+03:00,2024-08-11 00:00:00+03:00,69.16719535261295,61.50216608726251,392,-3028.8003211235796,-0.11081885316115936,1,stop_loss
7020.SR,Mobily,2024-07-30 00:00:00+03:00,2024-09-01 00:00:00+03:00,47.72822451905128,47.632861209533516,912,-130.41250770329628,-0.0019980485442047113,30,stop_loss
1180.SR,Al Rajhi Bank,2024-08-06 00:00:00+03:00,2024-09-01 00:00:00+03:00,32.27088379223114,33.23296911621094,1412,1311.539525067387,0.029812797510411215,23,stop_loss
1150.SR,Alinma Bank,2024-08-06 00:00:00+03:00,2024-09-01 00:00:00+03:00,29.476644379497614,29.652722095835436,1469,215.09831654147854,0.005973465434901737,23,stop_loss
2280.SR,Almarai,2024-08-11 00:00:00+03:00,2024-09-01 00:00:00+03:00,56.397299849776665,53.53902457303125,479,-1394.7590503315366,-0.05068106601484279,18,stop_loss
4009.SR,ME Healthcare,2024-08-11 00:00:00+03:00,2024-09-01 00:00:00+03:00,61.625293546896664,73.2876025373533,416,4821.032897374419,0.1892454918950066,18,stop_loss
1304.SR,Yamamah Steel,2024-08-06 00:00:00+03:00,2024-09-08 00:00:00+03:00,30.621950234461455,33.46428507917803,1094,3072.904392243316,0.09282017712633661,30,stop_loss
1080.SR,Arab National Bank,2024-08-07 00:00:00+03:00,2024-09-09 00:00:00+03:00,18.14918403870799,17.902831181296914,1575,-416.2027095329864,-0.013573770417758868,32,stop_loss
1010.SR,Riyad Bank,2024-08-06 00:00:00+03:00,2024-09-10 00:00:00+03:00,22.816696851294346,23.9626108728397,1713,1921.902766482019,0.05022260798807743,34,stop_loss
8210.SR,Bupa Arabia,2024-08-06 00:00:00+03:00,2024-09-10 00:00:00+03:00,215.2740176583615,220.31266775246104,147,708.2956016730224,0.02340575118589494,34,stop_loss
1321.SR,East Pipes,2024-08-14 00:00:00+03:00,2024-09-10 00:00:00+03:00,135.621969956269,133.8259114147148,179,-345.4493170814362,-0.01324312382524262,26,stop_loss
1060.SR,Saudi Awwal Bank,2024-09-08 00:00:00+03:00,2024-09-12 00:00:00+03:00,32.88151368382433,31.49942019495461,952,-1345.740449429571,-0.042032538470077374,3,stop_loss
2050.SR,Savola,2024-08-06 00:00:00+03:00,2024-10-01 00:00:00+03:00,26.75493102264404,28.87738948059082,1130,2365.7466073667947,0.0793296180113654,55,stop_loss
8210.SR,Bupa Arabia,2024-09-12 00:00:00+03:00,2024-10-01 00:00:00+03:00,212.92558895907104,204.49232664682236,176,-1520.244816445607,-0.039606617285767975,18,stop_loss
3020.SR,Yamama Cement,2024-08-06 00:00:00+03:00,2024-10-06 00:00:00+03:00,29.419740318692398,29.50679255624573,1398,80.44853210592848,0.002958973689445532,58,stop_loss
2280.SR,Almarai,2024-09-01 00:00:00+03:00,2024-10-06 00:00:00+03:00,53.64620980741169,54.42153965779283,608,438.3122529197955,0.014452649183689825,32,stop_loss
7010.SR,STC,2024-08-05 00:00:00+03:00,2024-10-07 00:00:00+03:00,33.39821881215569,37.83574442322861,1318,5798.791244244295,0.13286713390409388,62,time_exit
4190.SR,Jarir Marketing,2024-08-06 00:00:00+03:00,2024-10-07 00:00:00+03:00,11.354118625386809,11.723725459116585,3270,1170.2777640450563,0.03255266621077646,61,time_exit
2222.SR,Saudi Aramco,2024-08-06 00:00:00+03:00,2024-10-07 00:00:00+03:00,24.868004158395316,25.156269184564955,1418,373.08821740483614,0.011591803842944115,61,time_exit
1211.SR,Maaden,2024-09-17 00:00:00+03:00,2024-10-10 00:00:00+03:00,40.03999999999999,47.10285152435303,889,6237.000570144699,0.1763948932156103,22,stop_loss
1050.SR,Banque Saudi Fransi,2024-09-18 00:00:00+03:00,2024-10-10 00:00:00+03:00,14.849152824062699,14.093261200240534,2279,-1754.7955529660635,-0.050904696906160285,21,stop_loss
8210.SR,Bupa Arabia,2024-10-06 00:00:00+03:00,2024-11-03 00:00:00+03:00,201.57476260496836,196.67982658580064,185,-941.9489314644006,-0.024283476541954063,25,stop_loss
7020.SR,Mobily,2024-09-05 00:00:00+03:00,2024-11-04 00:00:00+03:00,46.40768122164732,49.04656591464798,668,1730.0118688934529,0.05686310161451713,59,stop_loss
3020.SR,Yamama Cement,2024-10-07 00:00:00+03:00,2024-11-05 00:00:00+03:00,29.371031417836964,29.409569719934463,1418,12.944542511387738,0.001312119467282269,28,stop_loss
4009.SR,ME Healthcare,2024-10-10 00:00:00+03:00,2024-11-13 00:00:00+03:00,66.78554610795639,68.13766756937497,647,830.7375146204334,0.020245719923184025,33,stop_loss
1150.SR,Alinma Bank,2024-10-06 00:00:00+03:00,2024-11-17 00:00:00+03:00,26.442332155430304,26.19326103401184,1486,-409.04287232437844,-0.009419408241088667,39,stop_loss
2050.SR,Savola,2024-11-10 00:00:00+03:00,2024-11-19 00:00:00+03:00,28.238613845825192,26.096603713989257,1440,-3122.0736991918907,-0.07585394040694426,8,stop_loss
1140.SR,Bank Albilad,2024-10-15 00:00:00+03:00,2024-11-21 00:00:00+03:00,30.38145495393737,29.62513342106311,1285,-1009.9414661894904,-0.024894184100825667,36,stop_loss
1180.SR,Al Rajhi Bank,2024-11-03 00:00:00+03:00,2024-11-28 00:00:00+03:00,31.502084294573013,30.258994595954952,1235,-1572.5856361193091,-0.03946055400633319,24,stop_loss
2010.SR,SABIC,2024-11-14 00:00:00+03:00,2024-11-28 00:00:00+03:00,67.14844140949764,64.83109625991901,498,-1186.3237704275964,-0.03451078090475024,13,stop_loss
1080.SR,Arab National Bank,2024-10-15 00:00:00+03:00,2024-12-16 00:00:00+03:00,17.618339133745256,19.200411536000978,2332,3644.61748235839,0.0897969093593789,61,time_exit
4009.SR,ME Healthcare,2024-11-20 00:00:00+03:00,2024-12-17 00:00:00+03:00,67.67866078347254,70.91071055114472,477,1507.863330246734,0.04775581742098334,26,stop_loss
1322.SR,Almasane Mining,2024-11-12 00:00:00+03:00,2024-12-18 00:00:00+03:00,65.87042345428466,65.0660402526176,586,-509.4972557649339,-0.01221159906806002,35,stop_loss
4300.SR,Dar Al Arkan,2024-12-05 00:00:00+03:00,2024-12-19 00:00:00+03:00,15.275260229110716,14.445540038108826,2154,-1818.332984660157,-0.05431790873327691,13,stop_loss
2280.SR,Almarai,2024-11-13 00:00:00+03:00,2024-12-22 00:00:00+03:00,53.744466532365855,55.99044562683973,689,1508.902179055607,0.04178995977420863,36,stop_loss
2050.SR,Savola,2024-11-26 00:00:00+03:00,2024-12-22 00:00:00+03:00,25.934514181137082,38.01194923782349,1194,14375.071190293605,0.46568965866615963,23,take_profit
8210.SR,Bupa Arabia,2024-11-12 00:00:00+03:00,2025-01-13 00:00:00+03:00,189.8325464961666,203.12514683119733,193,2526.2687113225093,0.07002276785713946,61,time_exit
1060.SR,Saudi Awwal Bank,2024-11-14 00:00:00+03:00,2025-01-14 00:00:00+03:00,30.997185393239214,31.311364870260746,1136,321.33817540384496,0.010135742101605727,60,time_exit
7010.SR,STC,2024-11-17 00:00:00+03:00,2025-01-19 00:00:00+03:00,36.63312744522094,38.1514774350992,920,1361.782631447708,0.041447457418117395,60,time_exit
1150.SR,Alinma Bank,2024-11-17 00:00:00+03:00,2025-01-19 00:00:00+03:00,26.24569999504089,28.583157314180472,1221,2819.135351588814,0.08906058209844825,60,time_exit
4190.SR,Jarir Marketing,2024-11-26 00:00:00+03:00,2025-01-27 00:00:00+03:00,11.918906024677712,12.044716759051612,2735,311.15005817661006,0.010555560561800847,61,time_exit
2280.SR,Almarai,2024-12-31 00:00:00+03:00,2025-01-27 00:00:00+03:00,56.692059831742434,53.83320016609338,681,-1983.543841620117,-0.05042786722045256,26,stop_loss
1322.SR,Almasane Mining,2025-01-08 00:00:00+03:00,2025-01-30 00:00:00+03:00,61.2479317653991,59.780029509834115,569,-869.2512202075729,-0.023966560392399305,21,stop_loss
8210.SR,Bupa Arabia,2025-01-30 00:00:00+03:00,2025-02-18 00:00:00+03:00,189.8325393230479,174.414196545796,239,-3726.668916737655,-0.08122075821265673,18,stop_loss
7020.SR,Mobily,2024-12-22 00:00:00+03:00,2025-02-24 00:00:00+03:00,50.488554105593145,60.3502620013636,848,8311.551273436191,0.1953256152898617,60,time_exit
2010.SR,SABIC,2024-12-22 00:00:00+03:00,2025-02-24 00:00:00+03:00,63.72444822563379,63.96704230150033,638,113.964047414492,0.003806923129527462,60,time_exit
2222.SR,Saudi Aramco,2025-02-05 00:00:00+03:00,2025-02-25 00:00:00+03:00,26.312621326446532,25.833442322664087,1644,-830.240461396799,-0.01821099455799291,19,stop_loss
1211.SR,Maaden,2025-01-08 00:00:00+03:00,2025-02-26 00:00:00+03:00,48.49845076370239,46.953,757,-1205.4496491227046,-0.03186598209563929,48,stop_loss
1304.SR,Yamamah Steel,2025-02-11 00:00:00+03:00,2025-02-26 00:00:00+03:00,35.84888527679443,34.44853013992309,1146,-1644.2850023948997,-0.03906272471400407,14,stop_loss
2380.SR,Petro Rabigh,2025-02-13 00:00:00+03:00,2025-02-26 00:00:00+03:00,7.8378299236297595,7.552439942836761,4983,-1459.7320825266659,-0.03641186190230983,12,stop_loss
2010.SR,SABIC,2025-02-27 00:00:00+03:00,2025-03-02 00:00:00+03:00,62.43663396232358,60.46200057991635,691,-1406.2509096441208,-0.031626198548736606,0,stop_loss
2050.SR,Savola,2025-02-24 00:00:00+03:00,2025-03-06 00:00:00+03:00,37.13709847259521,34.415550762176515,1120,-3086.678852522579,-0.07328380036009075,9,stop_loss
2222.SR,Saudi Aramco,2025-02-25 00:00:00+03:00,2025-03-06 00:00:00+03:00,25.88516092591266,25.217231236273268,1608,-1114.5802487680721,-0.02580357493434604,8,stop_loss
8210.SR,Bupa Arabia,2025-02-25 00:00:00+03:00,2025-03-09 00:00:00+03:00,169.87077534957706,162.10949404907225,232,-1838.2266643364997,-0.04568932639845125,9,stop_loss
1211.SR,Maaden,2025-03-02 00:00:00+03:00,2025-03-11 00:00:00+03:00,45.69565152740478,42.757199237823485,943,-2811.280547956426,-0.0643048559624767,8,stop_loss
4009.SR,ME Healthcare,2025-03-04 00:00:00+03:00,2025-03-12 00:00:00+03:00,72.64044116557346,69.12804456790012,483,-1729.876402202521,-0.04835318372678021,7,stop_loss
2280.SR,Almarai,2025-03-02 00:00:00+03:00,2025-03-13 00:00:00+03:00,55.7095300775906,52.95068366837935,663,-1864.2214725791955,-0.04952198313948819,10,stop_loss
1320.SR,Saudi Steel Pipe,2025-02-24 00:00:00+03:00,2025-03-26 00:00:00+03:00,63.02579670288094,56.46056696264644,694,-4595.45307319482,-0.10416734232150371,29,stop_loss
1322.SR,Almasane Mining,2025-03-06 00:00:00+03:00,2025-04-06 00:00:00+03:00,52.484474198102944,51.94834121351799,711,-418.12582264271254,-0.010215077749684887,28,stop_loss
2010.SR,SABIC,2025-03-02 00:00:00+03:00,2025-04-07 00:00:00+03:00,60.58304562612238,58.4173938013216,642,-1427.8524383425465,-0.03574682986665467,35,stop_loss
2222.SR,Saudi Aramco,2025-03-09 00:00:00+03:00,2025-04-07 00:00:00+03:00,24.93524732577551,23.891570314815738,1497,-1598.1501661680584,-0.04185549063637828,28,stop_loss
1150.SR,Alinma Bank,2025-03-16 00:00:00+03:00,2025-04-07 00:00:00+03:00,28.017762515048464,26.766835586349973,1386,-1770.8835572987887,-0.04464763836964536,21,stop_loss
1140.SR,Bank Albilad,2025-03-26 00:00:00+03:00,2025-04-07 00:00:00+03:00,29.43843901182501,27.415524044211693,1320,-2706.4362489879386,-0.06871678782970592,11,stop_loss
2050.SR,Savola,2025-03-13 00:00:00+03:00,2025-04-10 00:00:00+03:00,31.781749999999995,27.572400381088258,1287,-5452.918638829867,-0.13244549525786775,27,stop_loss
1140.SR,Bank Albilad,2025-04-07 00:00:00+03:00,2025-04-10 00:00:00+03:00,27.470409978234134,26.392556854248046,1514,-1671.8279607922693,-0.03923687796578623,2,stop_loss
1320.SR,Saudi Steel Pipe,2025-04-07 00:00:00+03:00,2025-04-24 00:00:00+03:00,45.81993981291339,50.86117024300316,1005,5015.321106146,0.11002263317397465,16,stop_loss
1211.SR,Maaden,2025-04-07 00:00:00+03:00,2025-04-30 00:00:00+03:00,38.038,49.85010152435303,1151,13538.35138767581,0.3105342427139448,22,take_profit
4190.SR,Jarir Marketing,2025-03-02 00:00:00+03:00,2025-05-04 00:00:00+03:00,11.88142578580626,12.036563611834763,3448,493.41315281267595,0.013057172499771452,60,time_exit
1140.SR,Bank Albilad,2025-04-10 00:00:00+03:00,2025-05-05 00:00:00+03:00,26.4453948059082,27.497362901658402,1291,1322.5917161074688,0.039778876567015065,24,stop_loss
1322.SR,Almasane Mining,2025-04-08 00:00:00+03:00,2025-05-06 00:00:00+03:00,53.03631642132904,58.23320299790463,672,3453.1750670442025,0.0979873212779463,27,stop_loss
1150.SR,Alinma Bank,2025-04-10 00:00:00+03:00,2025-05-06 00:00:00+03:00,26.86831409835815,27.326892114155516,1337,576.5827523644504,0.01706761407204871,25,stop_loss
1304.SR,Yamamah Steel,2025-04-07 00:00:00+03:00,2025-05-11 00:00:00+03:00,29.028999999999996,32.917050762176515,1361,5246.83698123492,0.13393677915796331,31,stop_loss
2010.SR,SABIC,2025-04-08 00:00:00+03:00,2025-05-11 00:00:00+03:00,58.92457610236098,57.346409316847094,637,-1041.8219051071771,-0.02678282797948972,30,stop_loss
4009.SR,ME Healthcare,2025-04-08 00:00:00+03:00,2025-05-11 00:00:00+03:00,60.53370112274369,63.680992350529024,559,1723.7381216080541,0.051992380598100185,30,stop_loss
1010.SR,Riyad Bank,2025-05-06 00:00:00+03:00,2025-05-26 00:00:00+03:00,28.341886638390015,27.752488779505978,1524,-940.5371298392404,-0.020795999447887126,19,stop_loss
1150.SR,Alinma Bank,2025-05-11 00:00:00+03:00,2025-05-26 00:00:00+03:00,27.429976801640816,25.76682580653223,1709,-2886.3605559439397,-0.06063260669652115,14,stop_loss
1321.SR,East Pipes,2025-05-22 00:00:00+03:00,2025-05-27 00:00:00+03:00,120.49294048668287,109.84574773839378,316,-3399.224164744684,-0.08836362284200239,4,stop_loss
1140.SR,Bank Albilad,2025-05-21 00:00:00+03:00,2025-06-02 00:00:00+03:00,26.81440181136207,24.747627754271523,1499,-3135.191005582384,-0.07707701524092148,11,stop_loss
2010.SR,SABIC,2025-05-27 00:00:00+03:00,2025-06-02 00:00:00+03:00,56.485645460125845,53.549278367224005,713,-2131.8103727148423,-0.051984306260157154,5,stop_loss
1321.SR,East Pipes,2025-05-27 00:00:00+03:00,2025-06-03 00:00:00+03:00,110.06565914527745,112.15829115968532,347,687.2243819671196,0.019012578770329913,6,stop_loss
1010.SR,Riyad Bank,2025-05-29 00:00:00+03:00,2025-06-03 00:00:00+03:00,27.41980399365985,26.638513173094584,1260,-1017.9909605103363,-0.028493669055618454,4,stop_loss
1320.SR,Saudi Steel Pipe,2025-05-06 00:00:00+03:00,2025-06-15 00:00:00+03:00,49.466835003895845,47.15280076217651,919,-2169.930892040508,-0.04677950876657233,37,stop_loss
2050.SR,Savola,2025-05-11 00:00:00+03:00,2025-06-15 00:00:00+03:00,28.128100381851194,24.4755,1583,-5820.81112097044,-0.1298559210279242,32,stop_loss
1150.SR,Alinma Bank,2025-05-26 00:00:00+03:00,2025-06-16 00:00:00+03:00,25.81841104338214,24.790809697844082,1572,-1654.3604680308401,-0.03980110719483865,20,stop_loss
4300.SR,Dar Al Arkan,2025-05-28 00:00:00+03:00,2025-06-16 00:00:00+03:00,19.439420076370237,18.92106053352356,1870,-1004.714728320977,-0.0266653810046924,18,stop_loss
4310.SR,Emaar EC,2025-06-01 00:00:00+03:00,2025-06-16 00:00:00+03:00,13.553539961814879,12.287700190544129,2421,-3094.346608407793,-0.09339550957440412,14,stop_loss
1010.SR,Riyad Bank,2025-06-04 00:00:00+03:00,2025-06-19 00:00:00+03:00,26.449191415616326,25.5729735581293,1384,-1248.0785101664972,-0.033128341948846285,14,stop_loss
7010.SR,STC,2025-05-15 00:00:00+03:00,2025-06-22 00:00:00+03:00,42.49302217804918,40.60662674331665,995,-1917.367051168465,-0.04439306356766948,35,stop_loss
4310.SR,Emaar EC,2025-06-16 00:00:00+03:00,2025-07-15 00:00:00+03:00,12.312300190925598,13.196790038108826,3124,2721.919510521355,0.07183790465368234,28,stop_loss
1321.SR,East Pipes,2025-06-16 00:00:00+03:00,2025-07-15 00:00:00+03:00,103.30724395250596,115.33803076289993,336,4003.590789956042,0.11645637179058776,28,stop_loss
1320.SR,Saudi Steel Pipe,2025-06-23 00:00:00+03:00,2025-07-17 00:00:00+03:00,50.95090152740478,55.044898475646974,658,2657.630448746387,0.08035180586628421,23,stop_loss
1080.SR,Arab National Bank,2025-06-03 00:00:00+03:00,2025-07-21 00:00:00+03:00,20.451050633270615,20.303584301583534,1885,-316.24629163863267,-0.007210697109476416,47,stop_loss
1140.SR,Bank Albilad,2025-06-18 00:00:00+03:00,2025-07-21 00:00:00+03:00,23.222747834897902,25.493982868299664,1349,3029.5046771696407,0.09780216577078238,32,stop_loss
3020.SR,Yamama Cement,2025-06-16 00:00:00+03:00,2025-07-22 00:00:00+03:00,33.13309847259521,34.4655,1222,1586.0778254886545,0.04021361082504371,35,stop_loss
1060.SR,Saudi Awwal Bank,2025-06-11 00:00:00+03:00,2025-07-23 00:00:00+03:00,31.326939972181044,31.09012050427508,1110,-297.37964313536474,-0.007559610613620871,41,stop_loss
2010.SR,SABIC,2025-06-15 00:00:00+03:00,2025-07-23 00:00:00+03:00,53.16869781991102,52.088840763092044,698,-790.0982365122815,-0.02031001512349584,37,stop_loss
4009.SR,ME Healthcare,2025-06-17 00:00:00+03:00,2025-07-23 00:00:00+03:00,55.27421772387554,57.09285152435303,596,1049.8784055760711,0.03290202693708921,35,stop_loss
1304.SR,Yamamah Steel,2025-06-16 00:00:00+03:00,2025-08-12 00:00:00+03:00,28.328299236297603,32.68728121948242,1290,5580.9201655352845,0.15387376230478278,56,stop_loss
1321.SR,East Pipes,2025-07-29 00:00:00+03:00,2025-08-14 00:00:00+03:00,109.19672030098327,104.12566649925552,384,-1987.2689157991729,-0.04643961638912053,15,stop_loss
8210.SR,Bupa Arabia,2025-08-06 00:00:00+03:00,2025-08-31 00:00:00+03:00,154.3541969451904,147.2525939025879,221,-1601.9970956676257,-0.046008486864300924,22,stop_loss
1320.SR,Saudi Steel Pipe,2025-08-03 00:00:00+03:00,2025-09-01 00:00:00+03:00,51.5515,48.4515,699,-2200.767598499996,-0.06013404071656492,28,stop_loss
3020.SR,Yamama Cement,2025-07-30 00:00:00+03:00,2025-09-02 00:00:00+03:00,33.8337992362976,32.4675,1180,-1650.544748831168,-0.040382672568199385,33,stop_loss
7020.SR,Mobily,2025-07-21 00:00:00+03:00,2025-09-03 00:00:00+03:00,55.84010084870839,61.58835152435303,739,4202.443457524893,0.10294126601273135,43,stop_loss
1050.SR,Banque Saudi Fransi,2025-08-28 00:00:00+03:00,2025-09-08 00:00:00+03:00,16.21620076370239,15.804179695129395,2050,-877.0417589496524,-0.02540799010673589,10,stop_loss
2050.SR,Savola,2025-08-11 00:00:00+03:00,2025-09-10 00:00:00+03:00,24.144120840072627,23.176800762176512,1347,-1334.1992955527191,-0.040064415031034306,29,stop_loss
4300.SR,Dar Al Arkan,2025-09-10 00:00:00+03:00,2025-09-22 00:00:00+03:00,17.577559465408324,15.774209961891174,2289,-4163.9741801535265,-0.10259385024787104,11,stop_loss
1150.SR,Alinma Bank,2025-07-27 00:00:00+03:00,2025-09-28 00:00:00+03:00,25.348985466003416,26.24369806480408,1837,1595.377370651772,0.03529579517099801,60,time_exit
2222.SR,Saudi Aramco,2025-07-27 00:00:00+03:00,2025-09-28 00:00:00+03:00,23.43820374259041,24.013861115368005,1888,1041.5029500182845,0.024560643772011836,60,time_exit
1060.SR,Saudi Awwal Bank,2025-07-30 00:00:00+03:00,2025-09-29 00:00:00+03:00,31.152362407564205,31.928039085388182,1217,905.1420933448628,0.02489944960436241,60,time_exit
4300.SR,Dar Al Arkan,2025-09-22 00:00:00+03:00,2025-10-12 00:00:00+03:00,15.80578996181488,18.4815,2083,5535.007045039608,0.1692867009272776,17,stop_loss
4009.SR,ME Healthcare,2025-09-14 00:00:00+03:00,2025-10-20 00:00:00+03:00,53.95390152740478,55.19475,673,797.9449553065815,0.022998308509069698,35,stop_loss
3020.SR,Yamama Cement,2025-09-09 00:00:00+03:00,2025-10-22 00:00:00+03:00,30.73070076370239,28.371599618911745,1324,-3161.0139135982545,-0.07676691667171809,42,stop_loss
2050.SR,Savola,2025-09-17 00:00:00+03:00,2025-10-23 00:00:00+03:00,22.872850381851194,24.335640609741212,1432,2059.8669689853564,0.06395312361465422,35,stop_loss
1010.SR,Riyad Bank,2025-08-28 00:00:00+03:00,2025-10-28 00:00:00+03:00,26.12610038185119,26.953019542694094,1340,1071.9546293422784,0.03165107493108055,60,time_exit
4009.SR,ME Healthcare,2025-10-21 00:00:00+03:00,2025-11-04 00:00:00+03:00,53.90384847259521,47.952,773,-4637.845765316097,-0.11041602114218496,13,stop_loss
3020.SR,Yamama Cement,2025-10-22 00:00:00+03:00,2025-11-10 00:00:00+03:00,28.428399618148802,25.91406053352356,1458,-3703.68908564148,-0.08844462292629651,18,stop_loss
1180.SR,Al Rajhi Bank,2025-09-14 00:00:00+03:00,2025-11-11 00:00:00+03:00,34.23420076370239,38.68128121948242,1116,4919.773478809574,0.12990168768581722,57,stop_loss
4009.SR,ME Healthcare,2025-11-04 00:00:00+03:00,2025-11-12 00:00:00+03:00,48.047999999999995,43.67628121948242,800,-3532.316049389646,-0.09098648810601018,7,stop_loss
7020.SR,Mobily,2025-09-17 00:00:00+03:00,2025-11-17 00:00:00+03:00,62.06199999999999,62.98694923782349,555,478.38907016504913,0.014903632461465977,60,stop_loss
1150.SR,Alinma Bank,2025-11-02 00:00:00+03:00,2025-11-18 00:00:00+03:00,25.544351835374744,24.72525,1681,-1418.4733305149466,-0.03206586883290663,15,stop_loss
1050.SR,Banque Saudi Fransi,2025-11-04 00:00:00+03:00,2025-11-18 00:00:00+03:00,17.38737084007263,16.753230457305907,2452,-1595.9911396253203,-0.03647132097195638,13,stop_loss
4300.SR,Dar Al Arkan,2025-11-06 00:00:00+03:00,2025-11-19 00:00:00+03:00,16.38637084007263,16.42356053352356,2119,44.00343565198457,0.0022695503363066027,12,stop_loss
1320.SR,Saudi Steel Pipe,2025-11-06 00:00:00+03:00,2025-11-24 00:00:00+03:00,48.68863938903808,46.07387893295288,677,-1801.3848448072897,-0.05370370765944832,17,stop_loss
2010.SR,SABIC,2025-11-04 00:00:00+03:00,2025-11-25 00:00:00+03:00,58.758700763702386,55.74419923782349,689,-2115.3993046054215,-0.0513030663833377,20,stop_loss
4190.SR,Jarir Marketing,2025-11-19 00:00:00+03:00,2025-11-27 00:00:00+03:00,13.2131998090744,12.687299809455872,3267,-1759.5647072312215,-0.039801108529166185,7,stop_loss
1211.SR,Maaden,2025-11-09 00:00:00+03:00,2025-12-01 00:00:00+03:00,59.859799236297604,60.03989847564697,523,62.79103527695568,0.0030086843198124935,21,stop_loss
1320.SR,Saudi Steel Pipe,2025-11-25 00:00:00+03:00,2025-12-01 00:00:00+03:00,45.44540152740478,42.31764060974121,797,-2526.5526109438306,-0.06882458538247149,5,stop_loss
2280.SR,Almarai,2025-11-25 00:00:00+03:00,2025-12-03 00:00:00+03:00,46.14609847259521,43.71623832321167,639,-1580.6153117446165,-0.052655809045840885,7,stop_loss
2010.SR,SABIC,2025-11-25 00:00:00+03:00,2025-12-16 00:00:00+03:00,55.8557992362976,53.39655076217652,556,-1397.030633835092,-0.04402852537687707,20,stop_loss
1304.SR,Yamamah Steel,2025-12-03 00:00:00+03:00,2025-12-16 00:00:00+03:00,32.37234015274048,32.10785939025879,977,-289.76708356889316,-0.00816996118395541,12,stop_loss
1080.SR,Arab National Bank,2025-12-02 00:00:00+03:00,2025-12-17 00:00:00+03:00,21.89187084007263,21.30866992378235,1454,-878.9569383552478,-0.02664006747302483,14,stop_loss
1320.SR,Saudi Steel Pipe,2025-12-04 00:00:00+03:00,2025-12-17 00:00:00+03:00,41.94190152740478,39.66030076217651,716,-1662.0229232491592,-0.054399077822865904,12,stop_loss
4009.SR,ME Healthcare,2025-12-07 00:00:00+03:00,2025-12-18 00:00:00+03:00,38.038,33.966,751,-3083.580465999997,-0.10705084389294905,10,stop_loss
1140.SR,Bank Albilad,2025-12-09 00:00:00+03:00,2025-12-29 00:00:00+03:00,25.68565984725952,24.49548045730591,1056,-1282.6966631539267,-0.046336336968995306,19,stop_loss
4009.SR,ME Healthcare,2025-12-18 00:00:00+03:00,2025-12-29 00:00:00+03:00,34.034,32.54742182922363,846,-1285.180251344331,-0.04367920816760795,10,stop_loss
2380.SR,Petro Rabigh,2025-12-18 00:00:00+03:00,2025-12-29 00:00:00+03:00,6.906900095462798,6.613379885673523,3962,-1189.1292822921455,-0.04249666358748849,10,stop_loss
2280.SR,Almarai,2025-12-10 00:00:00+03:00,2025-12-31 00:00:00+03:00,43.94390152740478,42.417539085388185,586,-919.3050689257641,-0.03473434057885627,20,stop_loss
1010.SR,Riyad Bank,2025-11-05 00:00:00+03:00,2026-01-05 00:00:00+03:00,26.486459083557126,27.172800762176514,1380,909.6530514429529,0.025912926920664603,60,time_exit
2010.SR,SABIC,2025-12-17 00:00:00+03:00,2026-01-06 00:00:00+03:00,52.65259847259521,49.910039085388185,579,-1616.8397978233065,-0.05208782599085737,19,stop_loss
8210.SR,Bupa Arabia,2025-12-31 00:00:00+03:00,2026-01-21 00:00:00+03:00,138.13799999999998,131.4684060974121,196,-1333.0082125023166,-0.04828210848997294,20,stop_loss
2380.SR,Petro Rabigh,2026-01-11 00:00:00+03:00,2026-01-21 00:00:00+03:00,6.506499999999999,6.453540038108826,4245,-252.21031568980288,-0.008139546897897976,9,stop_loss
1180.SR,Al Rajhi Bank,2025-11-25 00:00:00+03:00,2026-01-26 00:00:00+03:00,37.23720076370239,42.937019542694095,1194,6754.316820782119,0.1530678639127918,61,time_exit
7010.SR,STC,2025-11-25 00:00:00+03:00,2026-01-26 00:00:00+03:00,42.64259847259521,44.135820304870606,991,1436.0442378627902,0.035017139802937525,61,time_exit
7020.SR,Mobily,2025-11-25 00:00:00+03:00,2026-01-26 00:00:00+03:00,62.26220076370239,70.62929695129395,644,5342.924677572334,0.13438484481694402,61,time_exit
1150.SR,Alinma Bank,2025-11-25 00:00:00+03:00,2026-01-26 00:00:00+03:00,24.524499999999996,27.332640609741212,1555,4324.156391999443,0.11450348059047966,61,time_exit
1050.SR,Banque Saudi Fransi,2025-11-25 00:00:00+03:00,2026-01-26 00:00:00+03:00,16.516499999999997,17.79218946647644,2084,2621.4579252887706,0.07723727584394058,61,time_exit
1060.SR,Saudi Awwal Bank,2025-11-25 00:00:00+03:00,2026-01-26 00:00:00+03:00,30.910879159927365,34.58537893295288,1057,3847.389514555836,0.1188739975338231,61,time_exit
4190.SR,Jarir Marketing,2025-11-27 00:00:00+03:00,2026-01-27 00:00:00+03:00,12.712699809074401,13.87611034297943,2368,2722.097514994934,0.09151561441532508,60,time_exit
2222.SR,Saudi Aramco,2025-12-17 00:00:00+03:00,2026-01-29 00:00:00+03:00,23.773749999999996,25.799999237060547,1219,2438.5476209068343,0.08523052682309484,43,simulation_end
1080.SR,Arab National Bank,2025-12-21 00:00:00+03:00,2026-01-29 00:00:00+03:00,21.321299236297605,22.799999237060547,1219,1774.7421018600492,0.06935318454916617,39,simulation_end
1320.SR,Saudi Steel Pipe,2025-12-29 00:00:00+03:00,2026-01-29 00:00:00+03:00,36.63659847259521,41.119998931884766,782,3473.8633199996984,0.12237491050494809,31,simulation_end
2050.SR,Savola,2025-12-29 00:00:00+03:00,2026-01-29 00:00:00+03:00,21.921899618148803,23.829999923706055,1242,2340.2637195968637,0.0870408285227966,31,simulation_end
2010.SR,SABIC,2026-01-06 00:00:00+03:00,2026-01-29 00:00:00+03:00,50.00995908355712,56.849998474121094,581,3941.033036804204,0.13677354502801276,23,simulation_end
1321.SR,East Pipes,2026-01-15 00:00:00+03:00,2026-01-29 00:00:00+03:00,131.8316969451904,152.1999969482422,199,4023.0039012146053,0.1545022970577401,14,simulation_end
