ticker,entry_date,exit_date,entry_price,exit_price,shares,pnl,pnl_pct,holding_days,exit_reason,regime
1211.SR,2022-03-29 00:00:00+03:00,2022-04-20 00:00:00+03:00,45.31193307876586,47.28599872970581,1855,3661.8917824936048,0.04356613185114888,21,trailing_stop,BULL
2380.SR,2022-03-29 00:00:00+03:00,2022-04-24 00:00:00+03:00,20.2631189289093,19.34795178794861,3323,-3041.1004094123746,-0.04516417952100282,23,trailing_stop,BULL
4250.SR,2022-04-06 00:00:00+03:00,2022-04-24 00:00:00+03:00,27.026999999999997,28.071900381088255,1542,1611.236387638094,0.03866135276161842,15,trailing_stop,BULL
4261.SR,2022-04-07 00:00:00+03:00,2022-05-11 00:00:00+03:00,38.24085844802856,38.46168673324585,626,138.23850654602177,0.00577466861831577,33,trailing_stop,BULL
1010.SR,2022-03-29 00:00:00+03:00,2022-05-12 00:00:00+03:00,31.643292665481564,29.646957201004028,3318,-6623.841071136463,-0.06308874002405129,43,trailing_stop,BULL
7020.SR,2022-04-05 00:00:00+03:00,2022-05-15 00:00:00+03:00,34.80191421127319,34.9066934967041,413,43.273844882964994,0.003010733398020049,37,trailing_stop,BEAR
1050.SR,2022-04-07 00:00:00+03:00,2022-05-15 00:00:00+03:00,21.32043434333801,19.616742862701415,1749,-2979.756399633407,-0.0799088542569466,35,trailing_stop,BULL
4250.SR,2022-04-24 00:00:00+03:00,2022-05-17 00:00:00+03:00,28.128100381851194,26.273699237823486,1231,-2282.767808298109,-0.06592699538374103,22,trailing_stop,BULL
2170.SR,2022-03-29 00:00:00+03:00,2022-05-23 00:00:00+03:00,57.039266830444326,60.921618564605716,846,3284.469567100535,0.06806454482842694,54,trailing_stop,BULL
2050.SR,2022-03-29 00:00:00+03:00,2022-06-13 00:00:00+03:00,20.682383905410763,20.083983741760253,3639,-2177.5781955242055,-0.02893284286701403,75,trailing_stop,BULL
1080.SR,2022-05-12 00:00:00+03:00,2022-06-14 00:00:00+03:00,17.72775490570068,17.72262752151489,2274,-11.659671638487865,-0.000289229189655682,32,trailing_stop,BULL
4003.SR,2022-06-14 00:00:00+03:00,2022-09-18 00:00:00+03:00,70.70372024536132,74.5406801147461,221,847.9681311340344,0.05426814679721903,93,trailing_stop,BEAR
2010.SR,2022-03-29 00:00:00+03:00,2022-09-26 00:00:00+03:00,109.91791357421874,75.36950134277343,854,-29504.344045654296,-0.3143110263653025,180,time_exit,BULL
4030.SR,2022-03-29 00:00:00+03:00,2022-09-26 00:00:00+03:00,14.096215426445006,13.262891701698303,4276,-3563.2922470169046,-0.05911684090634417,180,time_exit,BULL
2060.SR,2022-03-29 00:00:00+03:00,2022-09-26 00:00:00+03:00,23.543520458221433,13.366620114326476,2291,-23315.278687863345,-0.43225907365698013,180,time_exit,BULL
8210.SR,2022-04-07 00:00:00+03:00,2022-10-05 00:00:00+03:00,127.7768267288208,129.41613912963868,233,381.9597893905674,0.012829496887545755,180,time_exit,BULL
2030.SR,2022-04-07 00:00:00+03:00,2022-10-05 00:00:00+03:00,122.45368358612059,96.20685083770752,218,-5721.809539154049,-0.21434090000203143,180,time_exit,BULL
3040.SR,2022-04-20 00:00:00+03:00,2022-10-18 00:00:00+03:00,66.5686918258667,63.16209740066528,460,-1567.0334355926495,-0.05117412302637003,180,time_exit,BULL
3060.SR,2022-04-24 00:00:00+03:00,2022-10-24 00:00:00+03:00,34.24858127975463,35.221960189819335,1129,1098.9447894630498,0.028420999460205376,182,time_exit,BULL
4001.SR,2022-04-07 00:00:00+03:00,2022-10-27 00:00:00+03:00,9.133366070747375,9.453490613937378,3655,1170.055205359461,0.035050006833220904,202,trailing_stop,BULL
2330.SR,2022-09-26 00:00:00+03:00,2022-10-30 00:00:00+03:00,41.96129193115234,42.85135090255737,487,433.4587190742509,0.02121142916346308,31,trailing_stop,BEAR
7030.SR,2022-10-06 00:00:00+03:00,2022-11-03 00:00:00+03:00,10.577921556472777,10.822924595832825,1839,450.5605893831286,0.02316173721387904,27,trailing_stop,BEAR
1180.SR,2022-05-11 00:00:00+03:00,2022-11-08 00:00:00+03:00,49.25105656051635,37.459916221618656,680,-8017.975430450435,-0.23940888099343705,180,time_exit,BULL
4320.SR,2022-09-26 00:00:00+03:00,2022-11-13 00:00:00+03:00,14.460107206344603,14.073261589050293,1364,-527.6574219894376,-0.026752610597836624,45,trailing_stop,BEAR
1010.SR,2022-05-15 00:00:00+03:00,2022-11-14 00:00:00+03:00,31.98492156600952,31.851996734619142,1287,-171.0742579994141,-0.004155859226231073,182,time_exit,BULL
1120.SR,2022-05-15 00:00:00+03:00,2022-11-14 00:00:00+03:00,95.58357860565185,77.19632411956788,385,-7079.092977142331,-0.1923683414485251,182,time_exit,BULL
2290.SR,2022-05-17 00:00:00+03:00,2022-11-14 00:00:00+03:00,46.80929381179809,36.81011882400513,777,-7769.358965515132,-0.21361516428758232,180,time_exit,BULL
3050.SR,2022-05-23 00:00:00+03:00,2022-11-21 00:00:00+03:00,54.139148998260495,49.0580858001709,233,-1183.8877251548756,-0.09385192216916538,181,time_exit,BEAR
2350.SR,2022-11-13 00:00:00+03:00,2022-11-27 00:00:00+03:00,11.331319694519042,11.048940419197082,1855,-523.813555722235,-0.02492024609088972,11,trailing_stop,BEAR
4001.SR,2022-10-30 00:00:00+03:00,2022-11-30 00:00:00+03:00,9.650530056953428,9.878994707107545,2173,496.4536847848943,0.023673792921820036,30,trailing_stop,BEAR
1080.SR,2022-10-27 00:00:00+03:00,2022-12-06 00:00:00+03:00,19.90095216178894,19.614850759506226,1054,-301.55087800598073,-0.014376267022642608,39,trailing_stop,BEAR
2270.SR,2022-11-14 00:00:00+03:00,2022-12-07 00:00:00+03:00,187.45904606628415,187.2603366394043,118,-23.447712371821638,-0.0010600151395712132,22,trailing_stop,BEAR
4009.SR,2022-06-13 00:00:00+03:00,2022-12-12 00:00:00+03:00,33.938567749023434,25.848736289978028,435,-3519.076684684752,-0.23836690808138739,181,time_exit,BEAR
3050.SR,2022-11-30 00:00:00+03:00,2023-02-01 00:00:00+03:00,46.48675556182861,46.21013703918457,466,-128.90423155212062,-0.005950480288436699,62,trailing_stop,BEAR
3060.SR,2022-12-12 00:00:00+03:00,2023-02-07 00:00:00+03:00,27.625633848190304,31.44221443748474,771,2942.5836343460096,0.13815359351635115,56,trailing_stop,BEAR
6020.SR,2022-09-26 00:00:00+03:00,2023-02-19 00:00:00+03:00,23.88386061096191,24.775199237823486,797,710.3968856086755,0.037319704773878914,143,trailing_stop,BEAR
2330.SR,2022-11-27 00:00:00+03:00,2023-02-26 00:00:00+03:00,40.30235850143432,43.433280292510986,538,1684.4359235992465,0.07768582056966311,88,trailing_stop,BEAR
1180.SR,2022-12-07 00:00:00+03:00,2023-02-27 00:00:00+03:00,30.066892553329463,30.59010871696472,720,376.7156378173857,0.01740173723331173,81,trailing_stop,BEAR
1212.SR,2022-10-05 00:00:00+03:00,2023-03-16 00:00:00+03:00,52.256973903656,54.946448135375974,385,1035.4475792121912,0.05146632173302734,161,trailing_stop,BEAR
1050.SR,2022-09-18 00:00:00+03:00,2023-03-20 00:00:00+03:00,18.656340644836423,14.49510532951355,841,-3499.5989001865364,-0.22304670538241866,182,time_exit,BEAR
4300.SR,2022-10-18 00:00:00+03:00,2023-04-17 00:00:00+03:00,16.63662084007263,15.864120114326477,1189,-918.5033629121768,-0.04643375197236155,180,time_exit,BEAR
1060.SR,2022-10-24 00:00:00+03:00,2023-04-26 00:00:00+03:00,36.09057799148559,30.47060325050354,567,-3186.525678136821,-0.15571861282764443,183,time_exit,BEAR
2310.SR,2022-11-03 00:00:00+03:00,2023-05-04 00:00:00+03:00,32.15554413604736,31.99476001739502,651,-104.67046124267391,-0.005000198969486447,181,trailing_stop,BEAR
1140.SR,2022-11-08 00:00:00+03:00,2023-05-08 00:00:00+03:00,33.07322038650512,25.808992595672606,637,-4627.313102760311,-0.2196407760097211,180,time_exit,BEAR
7010.SR,2022-12-06 00:00:00+03:00,2023-05-14 00:00:00+03:00,30.000727287292477,37.11016485214233,721,5125.9044842567455,0.23697550718582838,156,take_profit,BEAR
1010.SR,2022-11-14 00:00:00+03:00,2023-05-15 00:00:00+03:00,31.915764495849604,28.85099340248108,744,-2280.189693466182,-0.09602687392204168,181,time_exit,BEAR
1150.SR,2022-11-14 00:00:00+03:00,2023-05-15 00:00:00+03:00,27.15848664093017,22.67086227607727,844,-3787.554963935849,-0.16523838106979305,181,time_exit,BEAR
1080.SR,2023-02-26 00:00:00+03:00,2023-05-17 00:00:00+03:00,14.884060360908506,17.230728326797486,1248,2928.6416214294463,0.1576631583712378,79,trailing_stop,BEAR
1212.SR,2023-03-20 00:00:00+03:00,2023-05-17 00:00:00+03:00,53.00349681091308,68.45024192047119,350,5406.360788345338,0.2914287931730897,57,take_profit,BEAR
1304.SR,2022-11-21 00:00:00+03:00,2023-05-22 00:00:00+03:00,25.789500461578367,25.73797298812866,843,-43.43766011810233,-0.0019980019980019303,181,time_exit,BEAR
1321.SR,2023-02-27 00:00:00+03:00,2023-05-23 00:00:00+03:00,43.206768341064446,60.87044984436035,432,7630.710409423831,0.40881746498286575,84,take_profit,BEAR
2010.SR,2023-02-07 00:00:00+03:00,2023-06-01 00:00:00+03:00,79.53649591827391,78.6668293762207,807,-701.8208994369404,-0.010934182251966629,113,trailing_stop,BULL
6010.SR,2023-04-17 00:00:00+03:00,2023-06-05 00:00:00+03:00,13.185555691719054,16.574395265579223,4225,14317.847199559214,0.257011509646762,48,take_profit,BULL
1211.SR,2023-02-01 00:00:00+03:00,2023-06-11 00:00:00+03:00,49.315933078765866,43.25669923782348,432,-2617.5890192871093,-0.12286564326512417,127,take_profit,BEAR
1304.SR,2023-05-23 00:00:00+03:00,2023-06-11 00:00:00+03:00,25.592259044647214,27.509612279891968,1282,2458.0468475837743,0.07491926491912326,16,trailing_stop,BULL
2270.SR,2023-05-22 00:00:00+03:00,2023-06-14 00:00:00+03:00,253.43217985534665,319.54149728393554,132,8726.429900573734,0.26085605019189995,22,take_profit,BULL
3020.SR,2023-03-19 00:00:00+03:00,2023-06-15 00:00:00+03:00,27.774838384628293,34.96582696151734,676,4861.108277976994,0.25890298540382606,87,take_profit,BEAR
3060.SR,2023-02-19 00:00:00+03:00,2023-06-22 00:00:00+03:00,30.56725317764282,37.803250064849856,1949,14102.957933166515,0.2367238183017215,122,take_profit,BULL
1321.SR,2023-06-15 00:00:00+03:00,2023-07-26 00:00:00+03:00,60.06112646102905,59.428880619049075,597,-377.4507676620439,-0.01052670636123032,40,trailing_stop,BULL
1060.SR,2023-06-01 00:00:00+03:00,2023-08-01 00:00:00+03:00,31.487285449981687,32.73190665435791,1144,1423.8466578063951,0.03952773910451346,60,trailing_stop,BULL
7020.SR,2023-05-15 00:00:00+03:00,2023-08-02 00:00:00+03:00,40.01050963211059,41.62309963989258,1071,1727.0838983345104,0.040304160647026466,78,trailing_stop,BULL
1150.SR,2023-06-14 00:00:00+03:00,2023-08-02 00:00:00+03:00,24.9473830165863,26.838081418991088,1497,2830.3755083999667,0.07578744436431495,48,trailing_stop,BULL
1050.SR,2023-05-08 00:00:00+03:00,2023-08-03 00:00:00+03:00,15.935624141693113,16.174974758148192,2827,676.6441927185082,0.015019845744783433,86,trailing_stop,BULL
1180.SR,2023-05-04 00:00:00+03:00,2023-08-08 00:00:00+03:00,31.950134922027583,32.14662368774414,1515,297.68048006058154,0.0061498571507154765,95,trailing_stop,BULL
2310.SR,2023-06-11 00:00:00+03:00,2023-08-24 00:00:00+03:00,31.498647432327267,32.143498764038085,1167,752.5415041065246,0.02047234990315805,73,trailing_stop,BULL
3060.SR,2023-08-08 00:00:00+03:00,2023-09-06 00:00:00+03:00,32.48030475997925,30.913877489089966,436,-682.9622901077269,-0.04822698809216108,28,trailing_stop,BEAR
4300.SR,2023-04-26 00:00:00+03:00,2023-09-10 00:00:00+03:00,16.016,17.682300762176514,3226,5375.486258781439,0.104039757878154,134,trailing_stop,BULL
1320.SR,2023-09-06 00:00:00+03:00,2023-09-13 00:00:00+03:00,32.45403339767456,33.45037615585327,460,458.317668762208,0.030700121182783535,6,trailing_stop,BEAR
1321.SR,2023-08-02 00:00:00+03:00,2023-10-23 00:00:00+03:00,57.657449550628655,59.240215255737304,717,1134.8430105629013,0.027451191779109596,81,trailing_stop,BULL
4310.SR,2023-05-14 00:00:00+03:00,2023-11-13 00:00:00+03:00,15.615600381851195,12.26771973323822,2762,-9246.846351469036,-0.21439333530230176,182,time_exit,BULL
7010.SR,2023-05-17 00:00:00+03:00,2023-11-14 00:00:00+03:00,36.56334032058715,31.573583181381224,1069,-5334.0503818111365,-0.13646885365110972,180,time_exit,BULL
2330.SR,2023-05-17 00:00:00+03:00,2023-11-14 00:00:00+03:00,46.28970125198364,37.21275,755,-6853.098195247646,-0.19609008065470424,180,time_exit,BULL
2350.SR,2023-06-05 00:00:00+03:00,2023-12-04 00:00:00+03:00,13.59357992362976,11.26871973323822,2913,-6772.317734610556,-0.1710263376868244,181,time_exit,BULL
1212.SR,2023-11-14 00:00:00+03:00,2023-12-07 00:00:00+03:00,90.27580879211425,115.24505980682373,539,13458.426296928412,0.2765885052573529,22,take_profit,BULL
2010.SR,2023-06-11 00:00:00+03:00,2023-12-11 00:00:00+03:00,79.35992028808593,73.11064643096924,517,-3230.8745841293294,-0.07874596943181245,182,time_exit,BULL
3030.SR,2023-06-22 00:00:00+03:00,2023-12-20 00:00:00+03:00,53.40464294815063,46.56840192031861,248,-1695.387774902342,-0.1280083650118058,180,time_exit,BEAR
6020.SR,2023-10-23 00:00:00+03:00,2023-12-24 00:00:00+03:00,15.2151998090744,17.582400381088256,1135,2686.772649235726,0.15558130039160245,59,trailing_stop,BEAR
1211.SR,2023-12-07 00:00:00+03:00,2024-01-02 00:00:00+03:00,39.038999999999994,48.35160152435303,1245,11594.188897819527,0.23854610836222845,25,take_profit,BULL
1120.SR,2023-09-10 00:00:00+03:00,2024-01-08 00:00:00+03:00,67.35267815399169,84.30744623565674,243,4120.008643844608,0.25173116416990204,119,take_profit,BEAR
2082.SR,2023-11-13 00:00:00+03:00,2024-01-11 00:00:00+03:00,211.9471174621582,241.59905570983886,252,7472.28843841553,0.1399025313612714,58,trailing_stop,BULL
7030.SR,2023-05-15 00:00:00+03:00,2024-01-15 00:00:00+03:00,12.51572568798065,12.543297989845275,3064,84.48153291321101,0.002203012638021029,244,trailing_stop,BULL
5110.SR,2023-12-04 00:00:00+03:00,2024-01-21 00:00:00+03:00,16.877433387756344,16.9171060295105,2788,110.60732521058436,0.002350632400240249,45,trailing_stop,BULL
2083.SR,2023-07-26 00:00:00+03:00,2024-01-23 00:00:00+03:00,78.27779981994628,63.20838056945801,539,-8122.416976013179,-0.19251204409361,180,time_exit,BULL
4001.SR,2023-08-01 00:00:00+03:00,2024-01-29 00:00:00+03:00,13.092917636871336,12.473980894088745,3183,-1970.0756522769861,-0.04727263700487849,180,time_exit,BULL
1304.SR,2023-12-11 00:00:00+03:00,2024-01-30 00:00:00+03:00,23.037964748382567,28.49385654258728,2061,11244.592987855915,0.23682177891116685,49,take_profit,BULL
1320.SR,2023-09-13 00:00:00+03:00,2024-01-31 00:00:00+03:00,33.517343875885004,31.189591032028197,488,-1135.9433878021218,-0.06944920374587238,139,trailing_stop,BEAR
1010.SR,2024-01-08 00:00:00+03:00,2024-02-01 00:00:00+03:00,25.465994218826292,25.326094705581664,1602,-224.11902021789533,-0.005493581442078788,23,trailing_stop,BULL
4006.SR,2023-12-24 00:00:00+03:00,2024-02-26 00:00:00+03:00,22.14212084007263,26.973,1861,8990.266116624836,0.21817599112658104,63,take_profit,BULL
1320.SR,2024-02-01 00:00:00+03:00,2024-02-26 00:00:00+03:00,30.78972541236877,38.5717412109375,1316,10241.132790916452,0.2527471646578101,24,take_profit,BULL
1211.SR,2024-01-23 00:00:00+03:00,2024-03-05 00:00:00+03:00,46.596549236297605,48.20175,901,1446.2858880958552,0.03444891928718152,41,trailing_stop,BULL
1080.SR,2023-11-14 00:00:00+03:00,2024-03-11 00:00:00+03:00,15.343813974380492,19.289894897460936,3549,14004.641196012497,0.2571773178213188,117,take_profit,BULL
4009.SR,2024-02-26 00:00:00+03:00,2024-03-12 00:00:00+03:00,114.71632444000242,109.93140904998779,365,-1746.4941173553407,-0.041710849901900215,14,trailing_stop,BULL
4261.SR,2023-08-24 00:00:00+03:00,2024-03-13 00:00:00+03:00,43.84222982788086,45.86535887145996,341,689.8870038604744,0.04614566940417175,201,trailing_stop,BEAR
2270.SR,2024-02-26 00:00:00+03:00,2024-03-17 00:00:00+03:00,336.80711273193356,375.12510974121096,139,5326.20158428956,0.11376837234365333,17,trailing_stop,BULL
4320.SR,2024-01-31 00:00:00+03:00,2024-03-19 00:00:00+03:00,22.404994840621946,29.262031385421754,1809,12404.379109542853,0.3060494587736964,47,take_profit,BULL
2350.SR,2024-01-30 00:00:00+03:00,2024-03-27 00:00:00+03:00,9.309300190925597,8.831160152435302,4674,-2234.8265399036395,-0.05136154476534882,56,trailing_stop,BULL
4250.SR,2024-03-13 00:00:00+03:00,2024-03-31 00:00:00+03:00,28.6786496181488,27.172800762176514,583,-877.9098830318424,-0.05250766253022365,15,trailing_stop,BEAR
3020.SR,2023-12-20 00:00:00+03:00,2024-04-01 00:00:00+03:00,31.958356178283687,33.44427112197876,1367,2031.2457280311628,0.046495349617036386,102,trailing_stop,BULL
8210.SR,2024-01-02 00:00:00+03:00,2024-04-02 00:00:00+03:00,209.99688121032713,227.65093588256835,205,3619.081207809449,0.08406817553904244,90,trailing_stop,BULL
7020.SR,2024-01-15 00:00:00+03:00,2024-04-02 00:00:00+03:00,46.34047218704223,48.171060962677004,915,1674.9887297058171,0.03950302379842041,77,trailing_stop,BULL
1140.SR,2023-08-03 00:00:00+03:00,2024-04-03 00:00:00+03:00,26.756825004577635,30.53638289451599,1561,5899.889866193775,0.14125584366948396,243,trailing_stop,BULL
4310.SR,2024-03-11 00:00:00+03:00,2024-04-18 00:00:00+03:00,15.495479541778563,17.682300762176514,1028,2248.0522145690934,0.1411263984765294,37,trailing_stop,BEAR
1060.SR,2024-01-11 00:00:00+03:00,2024-04-22 00:00:00+03:00,32.42805987930298,35.443357223510745,1323,3989.2383863868754,0.09298420427958631,101,trailing_stop,BULL
1150.SR,2023-08-02 00:00:00+03:00,2024-04-25 00:00:00+03:00,26.8918113117218,30.302909173965453,1717,5856.855029472354,0.1268452252138479,266,trailing_stop,BULL
1321.SR,2024-03-27 00:00:00+03:00,2024-05-09 00:00:00+03:00,122.68750634765624,153.0057918548584,162,4911.562252166748,0.24711795365120603,42,take_profit,BEAR
1304.SR,2024-03-19 00:00:00+03:00,2024-05-12 00:00:00+03:00,35.84888527679443,39.91108351135254,535,2173.276055488589,0.11331449229713253,51,trailing_stop,BEAR
1320.SR,2024-03-31 00:00:00+03:00,2024-05-15 00:00:00+03:00,63.15129927062988,70.31499060058594,313,2242.235386276249,0.11343695874342408,44,trailing_stop,BEAR
4320.SR,2024-04-02 00:00:00+03:00,2024-05-15 00:00:00+03:00,25.997609363555906,25.26288550186157,860,-631.8625210571275,-0.02826120861421544,42,trailing_stop,BEAR
4001.SR,2024-04-25 00:00:00+03:00,2024-05-28 00:00:00+03:00,11.339979125022888,10.662860858917236,2194,-1485.5974758357993,-0.059710715393780256,32,trailing_stop,BEAR
7010.SR,2024-01-21 00:00:00+03:00,2024-07-22 00:00:00+03:00,35.38887295913696,34.773308795928955,1213,-746.6793299713115,-0.017394285597023385,182,time_exit,BULL
1180.SR,2024-01-29 00:00:00+03:00,2024-07-29 00:00:00+03:00,38.59919142913818,34.414845748901364,1081,-4523.277680335998,-0.10840500863647862,181,time_exit,BULL
3030.SR,2024-05-15 00:00:00+03:00,2024-08-05 00:00:00+03:00,40.8773385772705,38.17274942779541,621,-1679.5498618240313,-0.06616353323400936,81,trailing_stop,BEAR
1050.SR,2024-04-18 00:00:00+03:00,2024-08-06 00:00:00+03:00,15.670689099311828,15.294754251480102,1472,-553.3760960083002,-0.02398968197564677,109,trailing_stop,BEAR
1060.SR,2024-05-28 00:00:00+03:00,2024-08-06 00:00:00+03:00,34.25016214370727,33.26655823516845,715,-703.2767946052548,-0.02871822633749299,69,trailing_stop,BEAR
1010.SR,2024-03-05 00:00:00+03:00,2024-09-02 00:00:00+03:00,27.294551677703854,24.43338974761963,514,-1470.637232063292,-0.10482538654120588,180,time_exit,BEAR
1212.SR,2024-07-22 00:00:00+03:00,2024-09-03 00:00:00+03:00,161.15395866394041,163.77043757629394,467,1221.8956520690979,0.0162358959968818,42,trailing_stop,BULL
3060.SR,2024-03-12 00:00:00+03:00,2024-09-09 00:00:00+03:00,27.61268336486816,21.662371273040772,607,-3611.839439739225,-0.21549199015543774,180,time_exit,BEAR
1150.SR,2024-08-06 00:00:00+03:00,2024-09-09 00:00:00+03:00,29.05353775787353,28.564980949401857,710,-346.8753340148889,-0.016815742459428185,33,trailing_stop,BEAR
1180.SR,2024-08-06 00:00:00+03:00,2024-09-12 00:00:00+03:00,31.994273101806638,32.28884963607788,668,196.77712489318822,0.009207164461398687,36,trailing_stop,BEAR
3020.SR,2024-04-01 00:00:00+03:00,2024-09-30 00:00:00+03:00,33.51122661972045,30.62484110069275,618,-1783.7862507591217,-0.08613189698431223,181,time_exit,BEAR
1080.SR,2024-04-02 00:00:00+03:00,2024-09-30 00:00:00+03:00,19.793459140777586,17.439271253585815,1171,-2756.754015901563,-0.11893766877472056,180,time_exit,BEAR
4250.SR,2024-04-03 00:00:00+03:00,2024-10-01 00:00:00+03:00,30.330299236297606,25.024949237823485,766,-4063.8980988311764,-0.17491914461974623,180,time_exit,BEAR
1320.SR,2024-07-29 00:00:00+03:00,2024-10-01 00:00:00+03:00,67.98183145904541,66.91276421356201,1049,-1121.4515405120821,-0.015725778822646697,63,trailing_stop,BULL
1120.SR,2024-03-17 00:00:00+03:00,2024-10-06 00:00:00+03:00,80.95637904357909,78.19545368957519,222,-612.9254285888662,-0.03410386416267075,200,trailing_stop,BEAR
4300.SR,2024-09-09 00:00:00+03:00,2024-10-07 00:00:00+03:00,13.913899618148802,13.726259771347046,1632,-306.2282299804668,-0.013485784140414903,27,trailing_stop,BEAR
2270.SR,2024-09-09 00:00:00+03:00,2024-10-07 00:00:00+03:00,337.82589172363276,350.6370795593262,64,819.9160214843796,0.03792245695061758,27,trailing_stop,BEAR
4310.SR,2024-04-22 00:00:00+03:00,2024-10-21 00:00:00+03:00,17.5175,14.525459961891174,1364,-4081.142611980436,-0.17080291354981159,181,time_exit,BEAR
6010.SR,2024-05-09 00:00:00+03:00,2024-11-06 00:00:00+03:00,32.43240152740478,25.874099618911742,767,-5030.217563814158,-0.2022145015364154,180,time_exit,BEAR
2330.SR,2024-05-12 00:00:00+03:00,2024-11-11 00:00:00+03:00,39.63959847259521,35.814148475646974,624,-2387.0807980956997,-0.09650577060191357,182,time_exit,BEAR
4006.SR,2024-05-15 00:00:00+03:00,2024-11-12 00:00:00+03:00,24.524499999999996,22.4775,1000,-2046.999999999997,-0.08346755285530782,180,time_exit,BEAR
4031.SR,2024-10-06 00:00:00+03:00,2024-11-14 00:00:00+03:00,46.29142721939086,46.39063187026978,494,49.007097534185135,0.0021430458475335534,38,trailing_stop,BEAR
7010.SR,2024-08-05 00:00:00+03:00,2024-11-17 00:00:00+03:00,33.53362219238281,36.559930572509764,1977,5983.011667510992,0.09024698741952153,101,trailing_stop,BULL
4003.SR,2024-09-12 00:00:00+03:00,2024-12-10 00:00:00+03:00,84.6279317550659,85.08779303741456,258,118.64421084595293,0.005433918480716393,88,trailing_stop,BEAR
2050.SR,2024-09-30 00:00:00+03:00,2024-12-22 00:00:00+03:00,28.93520207214355,37.662300762176514,778,6789.6827808456455,0.3016083547048978,80,take_profit,BEAR
3020.SR,2024-10-07 00:00:00+03:00,2025-01-28 00:00:00+03:00,29.176199817657466,36.652588371276856,811,6063.3511169853255,0.256249566439241,112,take_profit,BEAR
8210.SR,2024-10-06 00:00:00+03:00,2025-01-30 00:00:00+03:00,197.66068954467772,181.64074822998046,120,-1922.3929577636716,-0.08104768505867344,115,trailing_stop,BEAR
3060.SR,2024-10-07 00:00:00+03:00,2025-02-24 00:00:00+03:00,20.615913158416745,21.27770650291443,1108,733.2670257034349,0.03210109294758534,136,trailing_stop,BEAR
1321.SR,2024-11-06 00:00:00+03:00,2025-02-24 00:00:00+03:00,152.24043673706052,147.03913874816894,148,-769.7921023559542,-0.034165022778244625,106,trailing_stop,BEAR
2350.SR,2024-09-02 00:00:00+03:00,2025-03-03 00:00:00+03:00,8.488479541778563,5.9040898475646975,2399,-6199.950876419064,-0.3044584935964123,181,time_exit,BEAR
7020.SR,2024-12-22 00:00:00+03:00,2025-03-10 00:00:00+03:00,49.91264048767089,55.56056042861938,455,2569.803573131563,0.11315610406032528,77,trailing_stop,BEAR
1140.SR,2024-09-03 00:00:00+03:00,2025-03-11 00:00:00+03:00,31.155617137908934,30.893613121032715,716,-187.59487608337264,-0.00840952742860046,188,trailing_stop,BEAR
4300.SR,2025-01-30 00:00:00+03:00,2025-03-27 00:00:00+03:00,16.516499999999997,21.378599618911743,3877,18850.360222520838,0.29437832585061896,55,take_profit,BULL
1010.SR,2024-11-14 00:00:00+03:00,2025-04-03 00:00:00+03:00,24.718165380477902,30.694736497879028,915,5468.56257242203,0.24178862085457786,133,take_profit,BEAR
1050.SR,2024-10-01 00:00:00+03:00,2025-04-07 00:00:00+03:00,14.962852491378783,15.853175259590149,1661,1478.8261179990789,0.059502208467559825,187,trailing_stop,BEAR
1150.SR,2024-10-06 00:00:00+03:00,2025-04-07 00:00:00+03:00,26.2053936920166,27.340410999298097,938,1064.6462342300447,0.043312354724412305,182,trailing_stop,BEAR
4250.SR,2024-10-21 00:00:00+03:00,2025-04-07 00:00:00+03:00,23.022999999999996,22.737240228652954,987,-282.04489431953033,-0.012411925958695336,167,trailing_stop,BEAR
1060.SR,2024-11-17 00:00:00+03:00,2025-04-07 00:00:00+03:00,29.913697671890255,30.841223012924193,814,755.0056276016256,0.031006709742390948,140,trailing_stop,BEAR
3050.SR,2025-03-03 00:00:00+03:00,2025-04-07 00:00:00+03:00,30.42298597717285,30.169423484802245,1682,-426.492112167358,-0.008334569544253823,34,trailing_stop,BULL
4002.SR,2025-03-10 00:00:00+03:00,2025-04-07 00:00:00+03:00,70.00058708953857,67.26972958374023,692,-1889.7533940124515,-0.039011922890093365,27,trailing_stop,BULL
3030.SR,2025-03-11 00:00:00+03:00,2025-05-08 00:00:00+03:00,38.91027032470703,40.822010204315184,1174,2244.382618659975,0.04913201228505093,57,trailing_stop,BULL
2030.SR,2025-04-07 00:00:00+03:00,2025-05-11 00:00:00+03:00,58.25820076370238,58.341601524353024,312,26.021037322999803,0.0014315711703647427,31,trailing_stop,BEAR
1211.SR,2024-11-11 00:00:00+03:00,2025-05-12 00:00:00+03:00,52.552499999999995,50.949,430,-689.5049999999986,-0.030512344798058977,181,time_exit,BEAR
2270.SR,2024-11-12 00:00:00+03:00,2025-05-12 00:00:00+03:00,329.61648812866207,289.92972024536135,68,-2698.700216064449,-0.12040286002868106,180,time_exit,BEAR
4250.SR,2025-04-07 00:00:00+03:00,2025-05-20 00:00:00+03:00,22.782760229110714,24.075900381088257,889,1149.6015951080356,0.05675959097902594,42,trailing_stop,BEAR
4003.SR,2025-04-07 00:00:00+03:00,2025-05-20 00:00:00+03:00,88.08241733551024,85.26924440002442,222,-624.5243916778529,-0.03193796242864577,42,trailing_stop,BEAR
8010.SR,2025-04-07 00:00:00+03:00,2025-05-28 00:00:00+03:00,129.65428977966306,135.864,145,900.407981948857,0.047894367636349244,50,trailing_stop,BEAR
2330.SR,2024-12-10 00:00:00+03:00,2025-06-12 00:00:00+03:00,33.683651527404784,28.571400381088257,2162,-11052.686978336333,-0.15177247461301024,183,time_exit,BULL
1212.SR,2025-03-27 00:00:00+03:00,2025-06-15 00:00:00+03:00,153.10607812499998,145.854,323,-2342.42123437499,-0.047366363333264716,77,trailing_stop,BULL
1304.SR,2025-01-28 00:00:00+03:00,2025-07-28 00:00:00+03:00,38.70890491485595,34.38557817077637,1782,-7704.168257949811,-0.11168816977874119,180,time_exit,BULL
1320.SR,2025-02-24 00:00:00+03:00,2025-08-25 00:00:00+03:00,61.24910371780395,50.34960152435303,1013,-11041.195721965783,-0.1779536602473195,181,time_exit,BULL
3060.SR,2025-02-24 00:00:00+03:00,2025-08-25 00:00:00+03:00,21.320304513931273,15.430832293510438,2605,-15342.075134196275,-0.27623771586247714,181,time_exit,BULL
1180.SR,2025-05-08 00:00:00+03:00,2025-09-15 00:00:00+03:00,34.24184924316406,33.646320304870606,1632,-971.9032272949189,-0.017391845109310022,129,trailing_stop,BULL
2290.SR,2025-06-12 00:00:00+03:00,2025-09-25 00:00:00+03:00,28.34878173446655,35.58437893295288,1524,11027.05013049317,0.255234855108051,104,take_profit,BULL
3020.SR,2025-04-03 00:00:00+03:00,2025-10-01 00:00:00+03:00,38.86912585830688,31.708259771347045,1217,-8714.774027830119,-0.1842301808655019,180,time_exit,BULL
1140.SR,2025-04-07 00:00:00+03:00,2025-10-06 00:00:00+03:00,28.45442468643188,29.210759771347046,738,558.1752926673915,0.026580579057562614,181,time_exit,BEAR
1211.SR,2025-05-20 00:00:00+03:00,2025-10-07 00:00:00+03:00,53.15309847259521,66.58335152435303,845,11348.563828735361,0.2526711224310323,139,take_profit,BULL
4300.SR,2025-09-15 00:00:00+03:00,2025-10-16 00:00:00+03:00,16.62661061096191,18.351630838394165,922,1590.4686496925374,0.10375056394806936,30,trailing_stop,BEAR
8010.SR,2025-08-25 00:00:00+03:00,2025-10-22 00:00:00+03:00,121.2210984725952,128.3715,414,2960.2662323455856,0.05898644392354946,57,trailing_stop,BULL
5110.SR,2025-04-07 00:00:00+03:00,2025-11-06 00:00:00+03:00,13.959769493103027,14.595389657020569,1259,800.2457863721854,0.045532282193597506,212,trailing_stop,BEAR
1120.SR,2025-05-28 00:00:00+03:00,2025-11-06 00:00:00+03:00,92.54485260772704,102.49739847564697,137,1363.4987839050314,0.10754294363735317,161,trailing_stop,BEAR
2010.SR,2025-06-15 00:00:00+03:00,2025-11-06 00:00:00+03:00,52.9735825881958,57.942,823,4089.00752991486,0.09379047383726169,143,trailing_stop,BULL
1060.SR,2025-05-11 00:00:00+03:00,2025-11-10 00:00:00+03:00,33.16970272827148,31.708259771347045,1566,-2288.6196705436673,-0.04405957354808632,182,time_exit,BULL
4040.SR,2025-05-12 00:00:00+03:00,2025-11-10 00:00:00+03:00,15.235220267295835,11.828160152435302,3338,-11372.76666340446,-0.22363051239726295,181,time_exit,BULL
1150.SR,2025-05-13 00:00:00+03:00,2025-11-10 00:00:00+03:00,27.236468292236324,25.19477931404114,1671,-3411.6622825641557,-0.07496159033134131,180,time_exit,BULL
4250.SR,2025-05-20 00:00:00+03:00,2025-11-17 00:00:00+03:00,24.124100381851193,15.56441992378235,1667,-14268.987323600762,-0.35481863872977326,180,time_exit,BULL
1180.SR,2025-10-16 00:00:00+03:00,2025-11-17 00:00:00+03:00,38.658618930816644,38.04192182922363,1079,-665.4161726188595,-0.015952383159280714,31,trailing_stop,BULL
4300.SR,2025-11-06 00:00:00+03:00,2025-11-20 00:00:00+03:00,16.516499999999997,16.25373045730591,2537,-666.6463298148999,-0.015909517312632016,13,trailing_stop,BULL
4009.SR,2025-07-28 00:00:00+03:00,2026-01-26 00:00:00+03:00,57.3572992362976,36.32364060974121,792,-16658.65763223266,-0.3667128492208641,181,time_exit,BULL
3040.SR,2025-08-26 00:00:00+03:00,2026-02-05 00:00:00+03:00,41.82055303573608,42.41999816894531,1075,644.4035181999219,0.014333744766526602,163,still_open,BULL
2290.SR,2025-10-09 00:00:00+03:00,2026-02-05 00:00:00+03:00,34.35431969451904,26.520000457763672,1813,-14203.620776237485,-0.22804466240108,119,still_open,BULL
3050.SR,2025-10-12 00:00:00+03:00,2026-02-05 00:00:00+03:00,26.60536754608154,21.649999618530273,2096,-10386.451176147451,-0.18625444354295706,116,still_open,BULL
4006.SR,2025-10-12 00:00:00+03:00,2026-02-05 00:00:00+03:00,16.93692007637024,13.550000190734863,2946,-9977.865983081816,-0.19997259657384103,116,still_open,BULL
2280.SR,2025-10-12 00:00:00+03:00,2026-02-05 00:00:00+03:00,49.02897954177856,41.7400016784668,910,-6632.9698556137055,-0.1486667259125939,116,still_open,BULL
1010.SR,2025-10-22 00:00:00+03:00,2026-02-05 00:00:00+03:00,27.34731969451904,28.760000228881836,1570,2217.9084389495893,0.05165700149568675,106,still_open,BULL
1320.SR,2025-11-06 00:00:00+03:00,2026-02-05 00:00:00+03:00,48.8487992362976,39.79999923706055,958,-8668.750399269098,-0.18524099140011718,91,still_open,BULL
4001.SR,2025-11-06 00:00:00+03:00,2026-02-05 00:00:00+03:00,6.876525264739989,6.46999979019165,5453,-2216.7834127120905,-0.05911786242287731,91,still_open,BULL
2330.SR,2025-11-10 00:00:00+03:00,2026-02-05 00:00:00+03:00,36.43640152740478,24.5,1298,-15493.449182571409,-0.32759550962866346,87,still_open,BULL
4007.SR,2025-11-10 00:00:00+03:00,2026-02-05 00:00:00+03:00,29.828185914993284,26.260000228881836,1420,-5066.8236742782565,-0.11962462941193763,87,still_open,BULL
2380.SR,2025-11-10 00:00:00+03:00,2026-02-05 00:00:00+03:00,8.698689579963682,6.96999979019165,4357,-7531.901414036743,-0.19872990912951394,87,still_open,BULL
4320.SR,2025-11-17 00:00:00+03:00,2026-02-05 00:00:00+03:00,18.818799236297604,17.170000076293945,725,-1195.3793910026525,-0.08761447206596817,80,still_open,BEAR
6010.SR,2025-11-17 00:00:00+03:00,2026-02-05 00:00:00+03:00,19.29928068733215,17.600000381469727,682,-1158.9091685981728,-0.08804889329257815,80,still_open,BEAR
4190.SR,2025-11-20 00:00:00+03:00,2026-02-05 00:00:00+03:00,13.203189579963682,14.3100004196167,1071,1185.394409268381,0.08382905001475116,77,still_open,BEAR
1321.SR,2026-01-26 00:00:00+03:00,2026-02-05 00:00:00+03:00,132.93280305480957,159.8000030517578,330,8866.175998992921,0.20211113720268603,10,still_open,BULL
