Date,signal,ensemble_score,forward_return,actual_rally,correct,false_positive,missed_rally
2021-08-25 04:00:00+00:00,0,0.04560438327652997,-0.105913715721907,0,0,0,0
2021-08-26 04:00:00+00:00,0,0.04189349256617602,-0.1220043119647054,0,0,0,0
2021-08-27 04:00:00+00:00,0,0.08430333694683685,-0.058255443897995085,0,0,0,0
2021-08-30 04:00:00+00:00,0,0.08596192720667734,-0.06100189480022422,0,0,0,0
2021-08-31 04:00:00+00:00,0,0.08735212719645462,-0.11623449509810435,0,0,0,0
2021-09-01 04:00:00+00:00,0,0.0977655259297182,-0.14560245886552858,0,0,0,0
2021-09-02 04:00:00+00:00,0,0.08347163866381518,-0.16162789014067536,0,0,0,0
2021-09-03 04:00:00+00:00,0,0.04198356391014283,-0.18009381152802295,0,0,0,0
2021-09-07 04:00:00+00:00,0,0.04257121294334618,-0.18280432232376587,0,0,0,0
2021-09-08 04:00:00+00:00,0,0.08267194607305067,-0.15587834790419752,0,0,0,0
2021-09-09 04:00:00+00:00,0,0.04083768447146433,-0.0676548044362012,0,0,0,0
2021-09-10 04:00:00+00:00,0,0.08212782342427377,-0.03914336388205697,0,0,0,0
2021-09-13 04:00:00+00:00,0,0.040186643391273126,-0.008826721427288575,0,0,0,0
2021-09-14 04:00:00+00:00,0,0.04100380954422022,0.01779584072811846,0,0,0,0
2021-09-15 04:00:00+00:00,0,0.04038122548458108,0.06043318518868346,0,0,0,0
2021-09-16 04:00:00+00:00,0,0.04145323453885922,0.06732364066872054,0,0,0,0
2021-09-17 04:00:00+00:00,0,0.04457760290685348,0.0496720034742153,0,0,0,0
2021-09-20 04:00:00+00:00,0,0.08884357963850018,0.1011947773051387,0,0,0,0
2021-09-21 04:00:00+00:00,0,0.08364454718245702,0.17858562321836158,1,0,0,1
2021-09-22 04:00:00+00:00,0,0.10304956026516886,0.16650200126640735,1,0,0,1
2021-09-23 04:00:00+00:00,0,0.09443023311776619,0.17349024388766487,1,0,0,1
2021-09-24 04:00:00+00:00,0,0.09841751959526016,0.22484145314361048,1,0,0,1
2021-09-27 04:00:00+00:00,0,0.10754733128313422,0.17305898042009882,1,0,0,1
2021-09-28 04:00:00+00:00,0,0.09566551335400852,0.11549334592071192,0,0,0,0
2021-09-29 04:00:00+00:00,0,0.09558408945095034,0.14670009993181465,0,0,0,0
2021-09-30 04:00:00+00:00,0,0.09477784020882518,0.14684222155564108,0,0,0,0
2021-10-01 04:00:00+00:00,0,0.09591372611368282,0.14382797793177526,0,0,0,0
2021-10-04 04:00:00+00:00,0,0.09926479250648454,0.21872070782888176,1,0,0,1
2021-10-05 04:00:00+00:00,0,0.09291190640785375,0.13804657152083855,0,0,0,0
2021-10-06 04:00:00+00:00,0,0.09956536440450928,0.1536432766906044,1,0,0,1
2021-10-07 04:00:00+00:00,0,0.2581989996178751,0.05634608489968973,0,0,0,0
2021-10-08 04:00:00+00:00,0,0.19324741161097342,-0.017273461390857392,0,0,0,0
2021-10-11 04:00:00+00:00,0,0.16998842087144345,-0.010917945088443681,0,0,0,0
2021-10-12 04:00:00+00:00,0,0.08634768359041525,-0.017239244742627724,0,0,0,0
2021-10-13 04:00:00+00:00,0,0.08564534590891935,-0.020489799107252127,0,0,0,0
2021-10-14 04:00:00+00:00,0,0.08323104155412595,0.006415738341688071,0,0,0,0
2021-10-15 04:00:00+00:00,0,0.04229602893187041,-0.007083365371777894,0,0,0,0
2021-10-18 04:00:00+00:00,0,0.043488453915784875,-0.0016785540164422352,0,0,0,0
2021-10-19 04:00:00+00:00,0,0.12626649354891317,-0.04841807714721946,0,0,0,0
2021-10-20 04:00:00+00:00,0,0.08465318761822714,-0.08804590469518003,0,0,0,0
2021-10-21 04:00:00+00:00,0,0.08319837877111944,-0.1906210207651704,0,0,0,0
2021-10-22 04:00:00+00:00,0,0.08185687806778005,-0.21024207434636888,0,0,0,0
2021-10-25 04:00:00+00:00,0,0.0818919718238737,-0.22449916924175273,0,0,0,0
2021-10-26 04:00:00+00:00,0,0.0823549801176641,-0.2137185616885372,0,0,0,0
2021-10-27 04:00:00+00:00,0,0.08172503340307163,-0.19328718010941504,0,0,0,0
2021-10-28 04:00:00+00:00,0,0.08160349368336989,-0.21461801719142182,0,0,0,0
2021-10-29 04:00:00+00:00,0,0.08315060884671871,-0.2020735288731368,0,0,0,0
2021-11-01 04:00:00+00:00,0,0.08566294612875336,-0.25057292598056924,0,0,0,0
2021-11-02 04:00:00+00:00,0,0.08473776490419829,-0.24806625894450474,0,0,0,0
2021-11-03 04:00:00+00:00,0,0.08343004096405157,-0.2661212854753815,0,0,0,0
2021-11-04 04:00:00+00:00,0,0.08954978158540741,-0.32058980934731574,0,0,0,0
2021-11-05 04:00:00+00:00,0,0.08313071622939372,-0.221319222247078,0,0,0,0
2021-11-08 05:00:00+00:00,0,0.04892891360963121,-0.22582631424067467,0,0,0,0
2021-11-09 05:00:00+00:00,0,0.08115091343481268,-0.21917723994744287,0,0,0,0
2021-11-10 05:00:00+00:00,0,0.0827085739837557,-0.24431286765595694,0,0,0,0
2021-11-11 05:00:00+00:00,0,0.04020795783001424,-0.25493004974130007,0,0,0,0
2021-11-12 05:00:00+00:00,0,0.03950157189884649,-0.2671902461567831,0,0,0,0
2021-11-15 05:00:00+00:00,0,0.08331342603756442,-0.23994232497256718,0,0,0,0
2021-11-16 05:00:00+00:00,0,0.09260811190496265,-0.27287299853571756,0,0,0,0
2021-11-17 05:00:00+00:00,0,0.12069874702470446,-0.25578671467222613,0,0,0,0
2021-11-18 05:00:00+00:00,0,0.49718612580565297,-0.14972153448729586,0,0,0,0
2021-11-19 05:00:00+00:00,0,0.14821955139765053,-0.1805613275861082,0,0,0,0
2021-11-22 05:00:00+00:00,0,0.14428829128123266,-0.09983882386700416,0,0,0,0
2021-11-23 05:00:00+00:00,0,0.13121610584461638,-0.11858446790937205,0,0,0,0
2021-11-24 05:00:00+00:00,0,0.09127648272209847,-0.1308233899006438,0,0,0,0
2021-11-26 05:00:00+00:00,0,0.08176575389868504,-0.12568443814668406,0,0,0,0
2021-11-29 05:00:00+00:00,0,0.08271403509977854,-0.12772584091479955,0,0,0,0
2021-11-30 05:00:00+00:00,0,0.08574621763742485,-0.12106956381565603,0,0,0,0
2021-12-01 05:00:00+00:00,0,0.10137477264860055,0.004081952012420231,0,0,0,0
2021-12-02 05:00:00+00:00,0,0.11657616010517753,-0.0263114919907117,0,0,0,0
2021-12-03 05:00:00+00:00,0,0.3275737851134277,0.07520548047429632,0,0,0,0
2021-12-06 05:00:00+00:00,0,0.44529417714586655,-0.03268603044171425,0,0,0,0
2021-12-07 05:00:00+00:00,0,0.20749397826613247,-0.034889247285199154,0,0,0,0
2021-12-08 05:00:00+00:00,0,0.1928231761332314,0.012392032710583534,0,0,0,0
2021-12-09 05:00:00+00:00,0,0.1024442246098117,0.047615089687757184,0,0,0,0
2021-12-10 05:00:00+00:00,0,0.10214293837889038,0.02590755952022672,0,0,0,0
2021-12-13 05:00:00+00:00,0,0.11252817480859037,0.08139729901772075,0,0,0,0
2021-12-14 05:00:00+00:00,0,0.10581135390713084,0.08555851849896157,0,0,0,0
2021-12-15 05:00:00+00:00,0,0.10428364343399028,0.07267086270058543,0,0,0,0
2021-12-16 05:00:00+00:00,0,0.07671899545651417,0.09413730005551657,0,0,0,0
2021-12-17 05:00:00+00:00,0,0.08504607445059185,0.053235067784227486,0,0,0,0
2021-12-20 05:00:00+00:00,0,0.11195127790262643,0.11078252073696016,0,0,0,0
2021-12-21 05:00:00+00:00,0,0.11611597627706313,0.06545784109947261,0,0,0,0
2021-12-22 05:00:00+00:00,0,0.09598783855644677,0.04600627775224808,0,0,0,0
2021-12-23 05:00:00+00:00,0,0.07936503081939292,0.014410914647397854,0,0,0,0
2021-12-27 05:00:00+00:00,0,0.07512029514454538,0.021871587958275596,0,0,0,0
2021-12-28 05:00:00+00:00,0,0.07716696154073821,-0.012456365840937789,0,0,0,0
2021-12-29 05:00:00+00:00,0,0.08823956420407231,-0.002676383053535014,0,0,0,0
2021-12-30 05:00:00+00:00,0,0.2681259974918475,-0.06309445948330072,0,0,0,0
2021-12-31 05:00:00+00:00,0,0.09335987580804803,0.058927521263570926,0,0,0,0
2022-01-03 05:00:00+00:00,0,0.0790393794745955,0.05682010726531761,0,0,0,0
2022-01-04 05:00:00+00:00,0,0.07411904609605119,0.02776845856861021,0,0,0,0
2022-01-05 05:00:00+00:00,0,0.07558825152830452,0.019065687491272687,0,0,0,0
2022-01-06 05:00:00+00:00,0,0.079463021996133,-0.03482587979993024,0,0,0,0
2022-01-07 05:00:00+00:00,0,0.10686188647891573,-0.11547643153987142,0,0,0,0
2022-01-10 05:00:00+00:00,0,0.0743196131672731,-0.049883031807045675,0,0,0,0
2022-01-11 05:00:00+00:00,0,0.10917977260307707,-0.04304408870771648,0,0,0,0
2022-01-12 05:00:00+00:00,0,0.10986383962752112,-0.0977366880683419,0,0,0,0
2022-01-13 05:00:00+00:00,0,0.07612532263852159,-0.06942223102809131,0,0,0,0
2022-01-14 05:00:00+00:00,0,0.0722567961888565,-0.0733450578646101,0,0,0,0
2022-01-18 05:00:00+00:00,0,0.07149095453592422,-0.018351471639736494,0,0,0,0
2022-01-19 05:00:00+00:00,0,0.07252960460960398,-0.017065980146751647,0,0,0,0
2022-01-20 05:00:00+00:00,0,0.07755521404681387,-0.05037016545691775,0,0,0,0
2022-01-21 05:00:00+00:00,0,0.08244600729549287,-0.03440717270915905,0,0,0,0
2022-01-24 05:00:00+00:00,0,0.07637112618845829,-0.061809455594659446,0,0,0,0
2022-01-25 05:00:00+00:00,0,0.07617718265289782,-0.07906666318731737,0,0,0,0
2022-01-26 05:00:00+00:00,0,0.08378756201776778,-0.03916385348197149,0,0,0,0
2022-01-27 05:00:00+00:00,0,0.08555591515216596,-0.03443957910646467,0,0,0,0
2022-01-28 05:00:00+00:00,0,0.11715413730907379,-0.087130123782998,0,0,0,0
2022-01-31 05:00:00+00:00,0,0.12456771294923674,-0.14866043165660603,0,0,0,0
2022-02-01 05:00:00+00:00,0,0.09289817129104314,-0.17135678087332618,0,0,0,0
2022-02-02 05:00:00+00:00,0,0.09461767532617726,-0.16951499907589673,0,0,0,0
2022-02-03 05:00:00+00:00,0,0.0810534155304343,-0.1852272096590155,0,0,0,0
2022-02-04 05:00:00+00:00,0,0.08668776976008885,-0.19276709698126426,0,0,0,0
2022-02-07 05:00:00+00:00,0,0.11736731841336312,-0.15084484551565203,0,0,0,0
2022-02-08 05:00:00+00:00,0,0.12037302056274063,-0.1720262133977245,0,0,0,0
2022-02-09 05:00:00+00:00,0,0.109645771123196,-0.2654545724735007,0,0,0,0
2022-02-10 05:00:00+00:00,0,0.07852651353874897,-0.30061307595137254,0,0,0,0
2022-02-11 05:00:00+00:00,0,0.07264454402155508,-0.36392631713764567,0,0,0,0
2022-02-14 05:00:00+00:00,0,0.07129437767730716,-0.37040679386012854,0,0,0,0
2022-02-15 05:00:00+00:00,0,0.07251717428696117,-0.16840941578985114,0,0,0,0
2022-02-16 05:00:00+00:00,0,0.07037914081490185,-0.20062113271625281,0,0,0,0
2022-02-17 05:00:00+00:00,0,0.07161002844350889,-0.12963111337309652,0,0,0,0
2022-02-18 05:00:00+00:00,0,0.0750577058431093,-0.1294227234600135,0,0,0,0
2022-02-22 05:00:00+00:00,0,0.07656687044414903,0.018241420785769735,0,0,0,0
2022-02-23 05:00:00+00:00,0,0.07183476100226294,0.06853811880883653,0,0,0,0
2022-02-24 05:00:00+00:00,0,0.19476433621810296,0.057100904278091225,0,0,0,0
2022-02-25 05:00:00+00:00,0,0.06924500297230382,0.04678517387466896,0,0,0,0
2022-02-28 05:00:00+00:00,0,0.11704642941290058,0.09411529930839468,0,0,0,0
2022-03-01 05:00:00+00:00,0,0.08151267175014976,0.0898309464948337,0,0,0,0
2022-03-02 05:00:00+00:00,0,0.08087898204681707,0.10586232898190628,0,0,0,0
2022-03-03 05:00:00+00:00,0,0.08188041904302715,0.06614409814104882,0,0,0,0
2022-03-04 05:00:00+00:00,0,0.08168502451276735,0.09542744919975821,0,0,0,0
2022-03-07 05:00:00+00:00,0,0.08430234485687182,0.19095879649300107,1,0,0,1
2022-03-08 05:00:00+00:00,0,0.10014823688495668,0.13846156508148955,0,0,0,0
2022-03-09 05:00:00+00:00,0,0.18669555411067032,0.0668779223293181,0,0,0,0
2022-03-10 05:00:00+00:00,0,0.253499262588539,0.12214816278168006,0,0,0,0
2022-03-11 05:00:00+00:00,0,0.30635646854989085,0.1939800378430656,1,0,0,1
2022-03-14 04:00:00+00:00,0,0.39332896756003344,0.3059413646012483,1,0,0,1
2022-03-15 04:00:00+00:00,0,0.4255148907129683,0.2995048437649792,1,0,0,1
2022-03-16 04:00:00+00:00,1,0.6110771446604165,-0.04715189958175647,0,0,1,0
2022-03-17 04:00:00+00:00,0,0.46227786779638447,-0.04862020666085054,0,0,0,0
2022-03-18 04:00:00+00:00,0,0.4539982531797509,-0.1254847743648957,0,0,0,0
2022-03-21 04:00:00+00:00,0,0.41029008709762016,-0.09740313069249518,0,0,0,0
2022-03-22 04:00:00+00:00,0,0.410750887388916,-0.22245405020367093,0,0,0,0
2022-03-23 04:00:00+00:00,0,0.3402791561078328,-0.26654727847689264,0,0,0,0
2022-03-24 04:00:00+00:00,0,0.240960145420667,-0.24889276600144372,0,0,0,0
2022-03-25 04:00:00+00:00,0,0.2783430764036405,-0.2402866841628074,0,0,0,0
2022-03-28 04:00:00+00:00,0,0.23662987095087246,-0.27022331988317083,0,0,0,0
2022-03-29 04:00:00+00:00,0,0.27885123122489935,-0.2432525413038671,0,0,0,0
2022-03-30 04:00:00+00:00,0,0.2112682349818201,-0.22019212779761432,0,0,0,0
2022-03-31 04:00:00+00:00,0,0.3095045525889879,-0.10762872110563093,0,0,0,0
2022-04-01 04:00:00+00:00,0,0.3173463426472684,-0.08157887408527575,0,0,0,0
2022-04-04 04:00:00+00:00,0,0.33179096653050527,-0.14570215192378888,0,0,0,0
2022-04-05 04:00:00+00:00,0,0.2805452514388955,-0.08639631818676918,0,0,0,0
2022-04-06 04:00:00+00:00,0,0.2170521404272278,-0.12109958671532539,0,0,0,0
2022-04-07 04:00:00+00:00,0,0.16599517261990665,-0.13637676909642582,0,0,0,0
2022-04-08 04:00:00+00:00,0,0.23396125946918161,-0.1805274065043041,0,0,0,0
2022-04-11 04:00:00+00:00,0,0.23281303791544616,-0.16720828651068742,0,0,0,0
2022-04-12 04:00:00+00:00,0,0.28597969158480774,-0.1806515439421129,0,0,0,0
2022-04-13 04:00:00+00:00,0,0.08497923540336402,-0.18934318033315622,0,0,0,0
2022-04-14 04:00:00+00:00,0,0.0899788850391125,-0.0785422452669613,0,0,0,0
2022-04-18 04:00:00+00:00,0,0.09667936992049075,-0.0868968879714509,0,0,0,0
2022-04-19 04:00:00+00:00,0,0.08865964860053996,-0.016149781939322816,0,0,0,0
2022-04-20 04:00:00+00:00,0,0.09113634497335038,-0.023487420995708996,0,0,0,0
2022-04-21 04:00:00+00:00,0,0.09065169829088979,0.019769805376526728,0,0,0,0
2022-04-22 04:00:00+00:00,0,0.1063252307644107,0.0034685600845392184,0,0,0,0
2022-04-25 04:00:00+00:00,0,0.09926479834413166,0.016192916051955164,0,0,0,0
2022-04-26 04:00:00+00:00,0,0.10769355224154581,-0.018097278779738768,0,0,0,0
2022-04-27 04:00:00+00:00,0,0.1324015007794357,-0.0680479799132867,0,0,0,0
2022-04-28 04:00:00+00:00,0,0.12501187895467117,0.03926960798435264,0,0,0,0
2022-04-29 04:00:00+00:00,0,0.2962102271228133,-0.037902927531171415,0,0,0,0
2022-05-02 04:00:00+00:00,0,0.12840551589670013,-0.0509831279405375,0,0,0,0
2022-05-03 04:00:00+00:00,0,0.10362062143776653,-0.06973501065693999,0,0,0,0
2022-05-04 04:00:00+00:00,0,0.10605233293648908,-0.03855646017485992,0,0,0,0
2022-05-05 04:00:00+00:00,0,0.12286389634593654,-0.015109794147803668,0,0,0,0
2022-05-06 04:00:00+00:00,0,0.11904544282647637,0.09950030697773515,0,0,0,0
2022-05-09 04:00:00+00:00,0,0.11484474398225732,0.22960871430615382,1,0,0,1
2022-05-10 04:00:00+00:00,0,0.09501830183520116,0.4144494692338594,1,0,0,1
2022-05-11 04:00:00+00:00,0,0.09438543948590132,0.3446714454301527,1,0,0,1
2022-05-12 04:00:00+00:00,0,0.10592550451382389,0.3545443782937412,1,0,0,1
2022-05-13 04:00:00+00:00,0,0.12504521182416908,0.1196727136739495,0,0,0,0
2022-05-16 04:00:00+00:00,0,0.11426793777247994,0.21681328213728812,1,0,0,1
2022-05-17 04:00:00+00:00,0,0.13227917287600352,0.17436687663799022,1,0,0,1
2022-05-18 04:00:00+00:00,0,0.10928722098188616,0.16195167723556336,1,0,0,1
2022-05-19 04:00:00+00:00,0,0.08893005105591693,0.1659254127588874,1,0,0,1
2022-05-20 04:00:00+00:00,0,0.08425101819381273,0.22583246771735266,1,0,0,1
2022-05-23 04:00:00+00:00,0,0.08793710536794876,0.20543396806097625,1,0,0,1
2022-05-24 04:00:00+00:00,0,0.11428517382790655,0.3594033589018848,1,0,0,1
2022-05-25 04:00:00+00:00,0,0.10629423963133448,0.4289880584460841,1,0,0,1
2022-05-26 04:00:00+00:00,0,0.41323907842529223,0.2566680855137975,1,0,0,1
2022-05-27 04:00:00+00:00,0,0.18484007994179547,0.24997329613426067,1,0,0,1
2022-05-31 04:00:00+00:00,0,0.10660575712297272,0.2080166588701231,1,0,0,1
2022-06-01 04:00:00+00:00,0,0.10612563835012516,0.21739139411870223,1,0,0,1
2022-06-02 04:00:00+00:00,0,0.12247524796228716,0.18974369030784954,1,0,0,1
2022-06-03 04:00:00+00:00,0,0.12465183664362191,0.28881019602962565,1,0,0,1
2022-06-06 04:00:00+00:00,0,0.14057271872794827,0.20311078428532703,1,0,0,1
2022-06-07 04:00:00+00:00,0,0.17249755687205937,0.17321701772634257,1,0,0,1
2022-06-08 04:00:00+00:00,0,0.4431151931276392,0.010700526100916985,0,0,0,0
2022-06-09 04:00:00+00:00,0,0.25419332512648757,-0.0030027384875592755,0,0,0,0
2022-06-10 04:00:00+00:00,0,0.21618059489446498,-0.00573565884159033,0,0,0,0
2022-06-13 04:00:00+00:00,0,0.34792039170514427,0.10738938782645957,0,0,0,0
2022-06-14 04:00:00+00:00,0,0.1392156376157864,-0.013969453538955179,0,0,0,0
2022-06-15 04:00:00+00:00,0,0.12859407319666058,-0.051744927738846314,0,0,0,0
2022-06-16 04:00:00+00:00,0,0.16744900317725814,0.01665841010248692,0,0,0,0
2022-06-17 04:00:00+00:00,0,0.31616395969180816,0.02455009062069169,0,0,0,0
2022-06-21 04:00:00+00:00,0,0.1084853255606026,-0.02284045037554583,0,0,0,0
2022-06-22 04:00:00+00:00,0,0.14668312352464558,-0.00019031382834333588,0,0,0,0
2022-06-23 04:00:00+00:00,0,0.23333211336739473,-0.10257776342080227,0,0,0,0
2022-06-24 04:00:00+00:00,0,0.15756921575741833,-0.1407923952437352,0,0,0,0
2022-06-27 04:00:00+00:00,0,0.08939561713346807,-0.1456245224747762,0,0,0,0
2022-06-28 04:00:00+00:00,0,0.08138287308886093,-0.11973288752204991,0,0,0,0
2022-06-29 04:00:00+00:00,0,0.07930067690320645,-0.1334137677771845,0,0,0,0
2022-06-30 04:00:00+00:00,0,0.07916068436344134,-0.2138458372542208,0,0,0,0
2022-07-01 04:00:00+00:00,0,0.08064901794758006,-0.22120699763939167,0,0,0,0
2022-07-05 04:00:00+00:00,0,0.08134821389859477,-0.22900188603501515,0,0,0,0
2022-07-06 04:00:00+00:00,0,0.08001833034865184,-0.19644055417264916,0,0,0,0
2022-07-07 04:00:00+00:00,0,0.08503011583877688,-0.2039382040489366,0,0,0,0
2022-07-08 04:00:00+00:00,0,0.08722527599498418,-0.2344086401614518,0,0,0,0
2022-07-11 04:00:00+00:00,0,0.3559797486692136,-0.1709409586452949,0,0,0,0
2022-07-12 04:00:00+00:00,0,0.1965261485111435,-0.16500312484184532,0,0,0,0
2022-07-13 04:00:00+00:00,0,0.08320419204971512,-0.15279557686569867,0,0,0,0
2022-07-14 04:00:00+00:00,0,0.08345500417442862,-0.08567854676900888,0,0,0,0
2022-07-15 04:00:00+00:00,0,0.2034909020300699,-0.07487313326907985,0,0,0,0
2022-07-18 04:00:00+00:00,0,0.08946662013736587,-0.08667829712407105,0,0,0,0
2022-07-19 04:00:00+00:00,0,0.0357515582652011,-0.115513131067561,0,0,0,0
2022-07-20 04:00:00+00:00,0,0.07723692286759085,-0.13649489516742308,0,0,0,0
2022-07-21 04:00:00+00:00,0,0.036084540787107086,-0.13687804208577814,0,0,0,0
2022-07-22 04:00:00+00:00,0,0.09056252565141809,-0.10913434647300835,0,0,0,0
2022-07-25 04:00:00+00:00,0,0.08957494066693146,-0.10914315739769898,0,0,0,0
2022-07-26 04:00:00+00:00,0,0.09853963379725314,-0.11445192606500376,0,0,0,0
2022-07-27 04:00:00+00:00,0,0.09409677560248811,-0.09982482265756187,0,0,0,0
2022-07-28 04:00:00+00:00,0,0.10437259097824622,-0.006563917500898464,0,0,0,0
2022-07-29 04:00:00+00:00,0,0.46999466451351957,0.09656476012972282,0,0,0,0
2022-08-01 04:00:00+00:00,0,0.11405831152517426,0.06929387890849403,0,0,0,0
2022-08-02 04:00:00+00:00,0,0.10519886284015964,0.013171955155226733,0,0,0,0
2022-08-03 04:00:00+00:00,0,0.08926159927484435,-0.0032385864125907826,0,0,0,0
2022-08-04 04:00:00+00:00,0,0.12578957927187642,-0.03818127953048556,0,0,0,0
2022-08-05 04:00:00+00:00,0,0.08446167172579545,-0.00821083862290728,0,0,0,0
2022-08-08 04:00:00+00:00,0,0.0372174241910752,-0.026309957356189906,0,0,0,0
2022-08-09 04:00:00+00:00,0,0.036185553460837946,-0.006470071678841061,0,0,0,0
2022-08-10 04:00:00+00:00,0,0.0777678843310592,-0.03148335223871701,0,0,0,0
2022-08-11 04:00:00+00:00,0,0.07824028088442565,-0.028776212039560822,0,0,0,0
2022-08-12 04:00:00+00:00,0,0.07702781284918334,-0.0008441257898315069,0,0,0,0
2022-08-15 04:00:00+00:00,0,0.087127444599166,-0.05021223590545587,0,0,0,0
2022-08-16 04:00:00+00:00,0,0.035293602505189516,-0.04025899411823153,0,0,0,0
2022-08-17 04:00:00+00:00,0,0.07770985285848996,-0.01047114093635404,0,0,0,0
2022-08-18 04:00:00+00:00,0,0.07745097861845876,-0.0474984314095942,0,0,0,0
2022-08-19 04:00:00+00:00,0,0.07745455752847975,-0.021979114279903733,0,0,0,0
2022-08-22 04:00:00+00:00,0,0.047079170737334974,-0.046984275250223306,0,0,0,0
2022-08-23 04:00:00+00:00,0,0.09068574454514274,-0.09161763876022111,0,0,0,0
2022-08-24 04:00:00+00:00,0,0.14131247713744838,-0.1276480574717993,0,0,0,0
2022-08-25 04:00:00+00:00,0,0.2501251639690319,-0.2111323250885666,0,0,0,0
2022-08-26 04:00:00+00:00,0,0.1704334462445181,-0.1947959018553006,0,0,0,0
2022-08-29 04:00:00+00:00,0,0.0804258506670213,-0.19389234550192702,0,0,0,0
2022-08-30 04:00:00+00:00,0,0.0785914281225361,-0.13693507452324083,0,0,0,0
2022-08-31 04:00:00+00:00,0,0.07808832327090934,-0.1713658256014594,0,0,0,0
2022-09-01 04:00:00+00:00,0,0.07710531811428119,-0.14640905220314016,0,0,0,0
2022-09-02 04:00:00+00:00,0,0.07763181813339524,-0.1236383378872663,0,0,0,0
2022-09-06 04:00:00+00:00,0,0.0784952778406195,-0.049067235161987854,0,0,0,0
2022-09-07 04:00:00+00:00,0,0.07883540627938311,-0.06854304650442089,0,0,0,0
2022-09-08 04:00:00+00:00,0,0.07797022771213293,-0.05808750866439305,0,0,0,0
2022-09-09 04:00:00+00:00,0,0.05008114601668598,-0.11829825722995069,0,0,0,0
2022-09-12 04:00:00+00:00,0,0.0817867229198643,-0.16316403806203894,0,0,0,0
2022-09-13 04:00:00+00:00,0,0.08457636475450094,-0.15759464886907126,0,0,0,0
2022-09-14 04:00:00+00:00,0,0.07839006519807253,-0.14833562840975145,0,0,0,0
2022-09-15 04:00:00+00:00,0,0.0356694248734108,-0.1555780020254276,0,0,0,0
2022-09-16 04:00:00+00:00,0,0.03543876592902151,-0.15515449400344095,0,0,0,0
2022-09-19 04:00:00+00:00,0,0.08587001252751977,-0.12423014393618637,0,0,0,0
2022-09-20 04:00:00+00:00,0,0.07728122720801718,-0.11025651180979024,0,0,0,0
2022-09-21 04:00:00+00:00,0,0.13939255652909766,-0.12659304442714792,0,0,0,0
2022-09-22 04:00:00+00:00,0,0.09714909942970497,-0.10766947881354327,0,0,0,0
2022-09-23 04:00:00+00:00,0,0.13636349546843965,-0.08401004027057468,0,0,0,0
2022-09-26 04:00:00+00:00,0,0.03513190700129067,-0.1997212446855937,0,0,0,0
2022-09-27 04:00:00+00:00,0,0.08920665791265035,-0.18813407633340506,0,0,0,0
2022-09-28 04:00:00+00:00,0,0.07955727097488109,-0.154093117815311,0,0,0,0
2022-09-29 04:00:00+00:00,0,0.08921513906699839,-0.16721466543471097,0,0,0,0
2022-09-30 04:00:00+00:00,0,0.08964969146915011,-0.20315043742963512,0,0,0,0
2022-10-03 04:00:00+00:00,0,0.04814088349720613,-0.20969541621976362,0,0,0,0
2022-10-04 04:00:00+00:00,0,0.09137483501694883,-0.21697777653824335,0,0,0,0
2022-10-05 04:00:00+00:00,0,0.036266620265958206,-0.23332151961201497,0,0,0,0
2022-10-06 04:00:00+00:00,0,0.03627918858363127,-0.2266366464015268,0,0,0,0
2022-10-07 04:00:00+00:00,0,0.0785547384117791,-0.14069420339541838,0,0,0,0
2022-10-10 04:00:00+00:00,0,0.037142341796218434,-0.12026750692186583,0,0,0,0
2022-10-11 04:00:00+00:00,0,0.08106571408993268,-0.09605966356638396,0,0,0,0
2022-10-12 04:00:00+00:00,0,0.03666511639349295,-0.1438003931577274,0,0,0,0
2022-10-13 04:00:00+00:00,0,0.16191656100521434,-0.06985735547990302,0,0,0,0
2022-10-14 04:00:00+00:00,0,0.08202428652311293,-0.030813427576299235,0,0,0,0
2022-10-17 04:00:00+00:00,0,0.09135433512548687,-0.07086084773374546,0,0,0,0
2022-10-18 04:00:00+00:00,0,0.08807658229212885,0.03877400085575844,0,0,0,0
2022-10-19 04:00:00+00:00,0,0.19444539401603395,0.09667469492740688,0,0,0,0
2022-10-20 04:00:00+00:00,0,0.10115910612840821,0.16995291433201531,1,0,0,1
2022-10-21 04:00:00+00:00,0,0.11742779595941219,0.11499041776198227,0,0,0,0
2022-10-24 04:00:00+00:00,1,0.5926721217192623,0.21821071295111039,1,1,0,0
2022-10-25 04:00:00+00:00,0,0.30830327071289454,0.20199297899263557,1,0,0,1
2022-10-26 04:00:00+00:00,0,0.40687646319712156,0.14581818962133863,0,0,0,0
2022-10-27 04:00:00+00:00,0,0.27179311130266604,0.1467193091660286,0,0,0,0
2022-10-28 04:00:00+00:00,0,0.2556727484044055,0.19046123423056094,1,0,0,1
2022-10-31 04:00:00+00:00,0,0.2362447351550207,0.2560553228801119,1,0,0,1
2022-11-01 04:00:00+00:00,0,0.2375008974719717,0.32948661158228454,1,0,0,1
2022-11-02 04:00:00+00:00,0,0.0838306956729819,0.32828450734182524,1,0,0,1
2022-11-03 04:00:00+00:00,0,0.2116265759987319,0.381076420329181,1,0,0,1
2022-11-04 04:00:00+00:00,0,0.30046397901230015,0.2966622281494513,1,0,0,1
2022-11-07 05:00:00+00:00,0,0.12767650116101656,0.3118633238953967,1,0,0,1
2022-11-08 05:00:00+00:00,0,0.10360799971941999,0.29649225289285774,1,0,0,1
2022-11-09 05:00:00+00:00,0,0.27120755596553553,0.4523441769143932,1,0,0,1
2022-11-10 05:00:00+00:00,0,0.19543986001209065,0.3091585817157674,1,0,0,1
2022-11-11 05:00:00+00:00,0,0.12011299176684577,0.26338857698501306,1,0,0,1
2022-11-14 05:00:00+00:00,0,0.12213807911506859,0.28150836458011774,1,0,0,1
2022-11-15 05:00:00+00:00,0,0.4016080611962476,0.14640610369279572,0,0,0,0
2022-11-16 05:00:00+00:00,0,0.193520984040359,0.10299382253525824,0,0,0,0
2022-11-17 05:00:00+00:00,0,0.4390359192835986,0.030025972124086087,0,0,0,0
2022-11-18 05:00:00+00:00,0,0.1544804715843215,0.08300188909490647,0,0,0,0
2022-11-21 05:00:00+00:00,0,0.11133160807510074,0.1168593646324203,0,0,0,0
2022-11-22 05:00:00+00:00,0,0.09861491757967485,0.15554679269677973,1,0,0,1
2022-11-23 05:00:00+00:00,0,0.10123408692708512,0.1206368647289271,0,0,0,0
2022-11-25 05:00:00+00:00,0,0.14261709799709119,0.13443719228556428,0,0,0,0
2022-11-28 05:00:00+00:00,0,0.10860216597762394,0.18423833427047143,1,0,0,1
2022-11-29 05:00:00+00:00,0,0.17783443202171217,0.09191067924091367,0,0,0,0
2022-11-30 05:00:00+00:00,0,0.31633692235184196,0.01793064344322093,0,0,0,0
2022-12-01 05:00:00+00:00,0,0.10684715982510957,0.02501739630177613,0,0,0,0
2022-12-02 05:00:00+00:00,0,0.10223530073071978,0.021319249426833276,0,0,0,0
2022-12-05 05:00:00+00:00,0,0.08856695892191539,0.1480336953506216,0,0,0,0
2022-12-06 05:00:00+00:00,0,0.08801649062152643,0.14357584904745457,0,0,0,0
2022-12-07 05:00:00+00:00,0,0.0908457441824776,0.21589487393567008,1,0,0,1
2022-12-08 05:00:00+00:00,0,0.10131347473681722,0.17691431899930832,1,0,0,1
2022-12-09 05:00:00+00:00,0,0.08857585049733334,0.25771841145963204,1,0,0,1
2022-12-12 05:00:00+00:00,0,0.08400540662193466,0.2864331270339311,1,0,0,1
2022-12-13 05:00:00+00:00,0,0.08268379971553115,0.2378295591195838,1,0,0,1
2022-12-14 05:00:00+00:00,0,0.08165670670122867,0.2870971288051414,1,0,0,1
2022-12-15 05:00:00+00:00,0,0.2517675312064083,0.336155921681327,1,0,0,1
2022-12-16 05:00:00+00:00,0,0.1865487089173486,0.3045282993020213,1,0,0,1
2022-12-19 05:00:00+00:00,0,0.0809428398191175,0.3375401169081822,1,0,0,1
2022-12-20 05:00:00+00:00,0,0.1854784476539612,0.39501865605703346,1,0,0,1
2022-12-21 05:00:00+00:00,0,0.08111753410889887,0.361234532887484,1,0,0,1
2022-12-22 05:00:00+00:00,0,0.08100842523017,0.35773559004917366,1,0,0,1
2022-12-23 05:00:00+00:00,0,0.08346724305226164,0.40396946868465444,1,0,0,1
2022-12-27 05:00:00+00:00,0,0.08848642131359073,0.3417537784185998,1,0,0,1
2022-12-28 05:00:00+00:00,0,0.08530847276062438,0.3575689272954292,1,0,0,1
2022-12-29 05:00:00+00:00,0,0.08862601677542321,0.24761576679157238,1,0,0,1
2022-12-30 05:00:00+00:00,0,0.050036015085347704,0.2509933149140233,1,0,0,1
2023-01-03 05:00:00+00:00,0,0.1329434973893112,0.22657095149615802,1,0,0,1
2023-01-04 05:00:00+00:00,0,0.42102154740409387,0.05600458510561168,0,0,0,0
2023-01-05 05:00:00+00:00,0,0.1353526483894367,0.016733581943829234,0,0,0,0
2023-01-06 05:00:00+00:00,0,0.1277528708864164,-0.01815650450000572,0,0,0,0
2023-01-09 05:00:00+00:00,0,0.18610039175226784,-0.04809174000041316,0,0,0,0
2023-01-10 05:00:00+00:00,0,0.11987309841153808,-0.08504525254087725,0,0,0,0
2023-01-11 05:00:00+00:00,0,0.0825880665639754,-0.05703352846039966,0,0,0,0
2023-01-12 05:00:00+00:00,0,0.08158011623238166,-0.08395934207916178,0,0,0,0
2023-01-13 05:00:00+00:00,0,0.08255417156555105,-0.10443549054284862,0,0,0,0
2023-01-17 05:00:00+00:00,0,0.039151639697829727,-0.09523393731775676,0,0,0,0
2023-01-18 05:00:00+00:00,0,0.08150733289328409,-0.08956019846953,0,0,0,0
2023-01-19 05:00:00+00:00,0,0.14513741374936404,-0.11554301547820567,0,0,0,0
2023-01-20 05:00:00+00:00,0,0.12274895590835598,-0.1656098960964033,0,0,0,0
2023-01-23 05:00:00+00:00,0,0.14258752488843493,-0.20438384381217278,0,0,0,0
2023-01-24 05:00:00+00:00,0,0.07985040549028433,-0.20646350011161774,0,0,0,0
2023-01-25 05:00:00+00:00,0,0.14216945903412864,-0.21696459171341476,0,0,0,0
2023-01-26 05:00:00+00:00,0,0.079809167402275,-0.26183959824002134,0,0,0,0
2023-01-27 05:00:00+00:00,0,0.03940441822377258,-0.24607195220061684,0,0,0,0
2023-01-30 05:00:00+00:00,0,0.2549670470341286,-0.21052152868082652,0,0,0,0
2023-01-31 05:00:00+00:00,0,0.18615542259567236,-0.18375680388921556,0,0,0,0
2023-02-01 05:00:00+00:00,0,0.08076617853967562,-0.20448507140875571,0,0,0,0
2023-02-02 05:00:00+00:00,0,0.11047682753155329,-0.18261340814693017,0,0,0,0
2023-02-03 05:00:00+00:00,0,0.07947692137143933,-0.15715222460070577,0,0,0,0
2023-02-06 05:00:00+00:00,0,0.08697488379677686,-0.15855854936166458,0,0,0,0
2023-02-07 05:00:00+00:00,0,0.07870495181502857,-0.17582947432448748,0,0,0,0
2023-02-08 05:00:00+00:00,0,0.09086221844667451,-0.2068309460913379,0,0,0,0
2023-02-09 05:00:00+00:00,0,0.09320042233623047,-0.2351097294778952,0,0,0,0
2023-02-10 05:00:00+00:00,0,0.12383568778918894,-0.2001930060085153,0,0,0,0
2023-02-13 05:00:00+00:00,0,0.0910353803426813,-0.19982819812336539,0,0,0,0
2023-02-14 05:00:00+00:00,0,0.05649225219305643,-0.21790442130364407,0,0,0,0
2023-02-15 05:00:00+00:00,0,0.08993516277816882,-0.20236709853984447,0,0,0,0
2023-02-16 05:00:00+00:00,0,0.09832470662802767,-0.2079332479935676,0,0,0,0
2023-02-17 05:00:00+00:00,0,0.09136885499590677,-0.1900809272198033,0,0,0,0
2023-02-21 05:00:00+00:00,0,0.12491031132751229,-0.1198738999102712,0,0,0,0
2023-02-22 05:00:00+00:00,0,0.09929595971429453,-0.11742984972535753,0,0,0,0
2023-02-23 05:00:00+00:00,0,0.320399259656457,-0.08113855527511604,0,0,0,0
2023-02-24 05:00:00+00:00,0,0.1803549654436704,-0.02359544273724612,0,0,0,0
2023-02-27 05:00:00+00:00,0,0.09100104201429197,-0.03506989703321395,0,0,0,0
2023-02-28 05:00:00+00:00,0,0.09036018590900893,0.12085658065580573,0,0,0,0
2023-03-01 05:00:00+00:00,0,0.0991077007276927,0.11083936762838498,0,0,0,0
2023-03-02 05:00:00+00:00,0,0.08972314016640615,0.15186631003501816,1,0,0,1
2023-03-03 05:00:00+00:00,0,0.08987482233990368,0.13913036469227458,0,0,0,0
2023-03-06 05:00:00+00:00,0,0.04798806793646862,0.09785763529987257,0,0,0,0
2023-03-07 05:00:00+00:00,0,0.04815491043312928,0.1351291130713801,0,0,0,0
2023-03-08 05:00:00+00:00,0,0.04843676560583482,0.13341013607741292,0,0,0,0
2023-03-09 05:00:00+00:00,0,0.09143468421197065,0.23233786539415124,1,0,0,1
2023-03-10 05:00:00+00:00,0,0.05688077296800935,0.22396334560891984,1,0,0,1
2023-03-13 04:00:00+00:00,0,0.048616995715928105,0.2033776449689566,1,0,0,1
2023-03-14 04:00:00+00:00,0,0.04879093120698434,0.11914107541094299,0,0,0,0
2023-03-15 04:00:00+00:00,0,0.09068176124656924,0.17985505365191057,1,0,0,1
2023-03-16 04:00:00+00:00,0,0.0491629045362703,0.14996361368125588,0,0,0,0
2023-03-17 04:00:00+00:00,0,0.09067221419740946,0.18060489548012892,1,0,0,1
2023-03-20 04:00:00+00:00,0,0.0915117777428042,0.17888874199338223,1,0,0,1
2023-03-21 04:00:00+00:00,0,0.1345881701745943,0.11696548263564388,0,0,0,0
2023-03-22 04:00:00+00:00,0,0.050885401291205376,0.08475801479358691,0,0,0,0
2023-03-23 04:00:00+00:00,0,0.08548792499942963,0.030166465287009503,0,0,0,0
2023-03-24 04:00:00+00:00,0,0.08477482265153098,-0.00011518718009206896,0,0,0,0
2023-03-27 04:00:00+00:00,0,0.059017579441322826,-0.03715764141005251,0,0,0,0
2023-03-28 04:00:00+00:00,1,0.6749851999522455,-0.15833334489920825,0,0,1,0
2023-03-29 04:00:00+00:00,0,0.2758633640590633,-0.15462364820253993,0,0,0,0
2023-03-30 04:00:00+00:00,0,0.26548830087435205,-0.18078926973988352,0,0,0,0
2023-03-31 04:00:00+00:00,0,0.14766107062827233,-0.17635536183275602,0,0,0,0
2023-04-03 04:00:00+00:00,0,0.15954843742357477,-0.17135892884655912,0,0,0,0
2023-04-04 04:00:00+00:00,0,0.08240826621255477,-0.19102455065285517,0,0,0,0
2023-04-05 04:00:00+00:00,0,0.08148788634708541,-0.16296300040049405,0,0,0,0
2023-04-06 04:00:00+00:00,0,0.08401431216659867,-0.18999416213135845,0,0,0,0
2023-04-10 04:00:00+00:00,0,0.08065351813792604,-0.17953518716149375,0,0,0,0
2023-04-11 04:00:00+00:00,0,0.08350897338823722,-0.17582200244033486,0,0,0,0
2023-04-12 04:00:00+00:00,0,0.15267075001434147,-0.11604851753959877,0,0,0,0
2023-04-13 04:00:00+00:00,0,0.08398450471661952,-0.0860974302337908,0,0,0,0
2023-04-14 04:00:00+00:00,0,0.08002395710687006,-0.09740891577132493,0,0,0,0
2023-04-17 04:00:00+00:00,0,0.199646730363309,-0.0838001501390161,0,0,0,0
2023-04-18 04:00:00+00:00,0,0.19832673191918396,-0.070478521583074,0,0,0,0
2023-04-19 04:00:00+00:00,0,0.19862923834060922,-0.030056658275394166,0,0,0,0
2023-04-20 04:00:00+00:00,0,0.19864391674433482,-0.054772069449489647,0,0,0,0
2023-04-21 04:00:00+00:00,0,0.08696328521812713,-0.057780689662383034,0,0,0,0
2023-04-24 04:00:00+00:00,0,0.1991270713875759,-0.00909186727354927,0,0,0,0
2023-04-25 04:00:00+00:00,0,0.1401086075164598,-0.0004823794414706706,0,0,0,0
2023-04-26 04:00:00+00:00,0,0.13820742665149027,-0.019439820519389084,0,0,0,0
2023-04-27 04:00:00+00:00,0,0.057608070163851,-0.06736135805391563,0,0,0,0
2023-04-28 04:00:00+00:00,0,0.048514314527885724,-0.04392483151803661,0,0,0,0
2023-05-01 04:00:00+00:00,0,0.04860015042702651,-0.06523302315125712,0,0,0,0
2023-05-02 04:00:00+00:00,0,0.09072020776637932,-0.02428560983910688,0,0,0,0
2023-05-03 04:00:00+00:00,0,0.04895043426226088,0.01865476401633792,0,0,0,0
2023-05-04 04:00:00+00:00,0,0.05752154327605398,0.021578315629040112,0,0,0,0
2023-05-05 04:00:00+00:00,0,0.049135951175178404,0.014179134374189939,0,0,0,0
2023-05-08 04:00:00+00:00,0,0.04921109172183499,0.04069140932029236,0,0,0,0
2023-05-09 04:00:00+00:00,0,0.0916098876729242,0.03721722436875008,0,0,0,0
2023-05-10 04:00:00+00:00,0,0.09455494167531067,0.03845698289232913,0,0,0,0
2023-05-11 04:00:00+00:00,0,0.1313610458041083,-0.027193133273171077,0,0,0,0
2023-05-12 04:00:00+00:00,0,0.042533830825842965,0.006093389166965002,0,0,0,0
2023-05-15 04:00:00+00:00,0,0.08496666964311671,-0.009395418855749682,0,0,0,0
2023-05-16 04:00:00+00:00,0,0.03985316312201513,0.0067597967363595135,0,0,0,0
2023-05-17 04:00:00+00:00,0,0.08453202807266579,0.01676213337982646,0,0,0,0
2023-05-18 04:00:00+00:00,0,0.3463180376262058,0.07380209249967673,0,0,0,0
2023-05-19 04:00:00+00:00,0,0.04054687321081908,0.0470349299324575,0,0,0,0
2023-05-22 04:00:00+00:00,0,0.04015477700916973,0.007781504671804607,0,0,0,0
2023-05-23 04:00:00+00:00,0,0.08101788644953795,0.048383258676576224,0,0,0,0
2023-05-24 04:00:00+00:00,0,0.03846774178362629,0.045684037380159914,0,0,0,0
2023-05-25 04:00:00+00:00,0,0.03912936388818332,0.08492017822222175,0,0,0,0
2023-05-26 04:00:00+00:00,0,0.08162421217268136,0.07607744364803759,0,0,0,0
2023-05-30 04:00:00+00:00,0,0.039257571304878135,0.07525112795560207,0,0,0,0
2023-05-31 04:00:00+00:00,0,0.09069327260151738,0.05028297586267705,0,0,0,0
2023-06-01 04:00:00+00:00,0,0.08490210867782606,0.004216920937281543,0,0,0,0
2023-06-02 04:00:00+00:00,0,0.04975995477739749,-0.002373258736394823,0,0,0,0
2023-06-05 04:00:00+00:00,0,0.039169701465874486,-0.0011846588675513692,0,0,0,0
2023-06-06 04:00:00+00:00,0,0.0810327266776731,-0.03298728655921512,0,0,0,0
2023-06-07 04:00:00+00:00,0,0.03834295785724439,0.061796407524078,0,0,0,0
2023-06-08 04:00:00+00:00,0,0.038557978275761295,0.0513117561719334,0,0,0,0
2023-06-09 04:00:00+00:00,0,0.038200477752638594,0.0735672262413316,0,0,0,0
2023-06-12 04:00:00+00:00,0,0.03876890700456442,0.09480545800328932,0,0,0,0
2023-06-13 04:00:00+00:00,0,0.03939314197698315,0.10398814589813532,0,0,0,0
2023-06-14 04:00:00+00:00,0,0.08157434487747244,0.058191601986156805,0,0,0,0
2023-06-15 04:00:00+00:00,0,0.11326750539341761,0.013123741494879715,0,0,0,0
2023-06-16 04:00:00+00:00,0,0.08034697202823422,-0.00977193696485712,0,0,0,0
2023-06-20 04:00:00+00:00,0,0.08232049139974355,0.04731033746816471,0,0,0,0
2023-06-21 04:00:00+00:00,0,0.03849902978766373,0.05912188436025145,0,0,0,0
2023-06-22 04:00:00+00:00,0,0.03820662734728573,0.06076657300851607,0,0,0,0
2023-06-23 04:00:00+00:00,0,0.03819983895513839,0.1345973358262602,0,0,0,0
2023-06-26 04:00:00+00:00,0,0.03855951891855795,0.11126712786174786,0,0,0,0
2023-06-27 04:00:00+00:00,0,0.0387262717433482,0.1148858936704098,0,0,0,0
2023-06-28 04:00:00+00:00,0,0.03852267034473245,0.1282657605252986,0,0,0,0
2023-06-29 04:00:00+00:00,0,0.03842944775978346,0.20347094226221052,1,0,0,1
2023-06-30 04:00:00+00:00,0,0.03851111998795833,0.22567484222348955,1,0,0,1
2023-07-03 04:00:00+00:00,0,0.04750863600532798,0.19067452238678606,1,0,0,1
2023-07-05 04:00:00+00:00,0,0.040148078222715655,0.1277579369844204,0,0,0,0
2023-07-06 04:00:00+00:00,0,0.04452416574765311,0.16388363238171944,1,0,0,1
2023-07-07 04:00:00+00:00,0,0.2717605953844326,0.07012700415498485,0,0,0,0
2023-07-10 04:00:00+00:00,0,0.0871788076365957,0.06625436915837701,0,0,0,0
2023-07-11 04:00:00+00:00,0,0.08372199137685425,0.026473510910412612,0,0,0,0
2023-07-12 04:00:00+00:00,0,0.08268319026313646,0.009042496640450093,0,0,0,0
2023-07-13 04:00:00+00:00,0,0.11359078353240593,0.026912251854565694,0,0,0,0
2023-07-14 04:00:00+00:00,0,0.038838079483821814,0.012267345641883143,0,0,0,0
2023-07-17 04:00:00+00:00,0,0.08035999930543623,0.0005352813538215262,0,0,0,0
2023-07-18 04:00:00+00:00,0,0.03862416934065461,0.004276264328207491,0,0,0,0
2023-07-19 04:00:00+00:00,0,0.08056363681187233,-0.03225106597466787,0,0,0,0
2023-07-20 04:00:00+00:00,0,0.03860801983630933,-0.013601738597273871,0,0,0,0
2023-07-21 04:00:00+00:00,0,0.03957912840380637,-0.044917114065267216,0,0,0,0
2023-07-24 04:00:00+00:00,0,0.08360093868945757,-0.08074734839616404,0,0,0,0
2023-07-25 04:00:00+00:00,0,0.08098380825092961,-0.07264694521110238,0,0,0,0
2023-07-26 04:00:00+00:00,0,0.04041258637834772,-0.0751493879961147,0,0,0,0
2023-07-27 04:00:00+00:00,0,0.04030395285848798,-0.06632435541392712,0,0,0,0
2023-07-28 04:00:00+00:00,0,0.12041915251556759,-0.10671311487590662,0,0,0,0
2023-07-31 04:00:00+00:00,0,0.04170685162879962,-0.09710258529010163,0,0,0,0
2023-08-01 04:00:00+00:00,0,0.04172594892230705,-0.06063935424943123,0,0,0,0
2023-08-02 04:00:00+00:00,0,0.14828462313607066,-0.014936416294382915,0,0,0,0
2023-08-03 04:00:00+00:00,0,0.04135698196320262,-0.04796072647459926,0,0,0,0
2023-08-04 04:00:00+00:00,0,0.0384314261035846,-0.019504543167490507,0,0,0,0
2023-08-07 04:00:00+00:00,0,0.03817021685867947,-0.019780382700441135,0,0,0,0
2023-08-08 04:00:00+00:00,0,0.18512572451377818,0.0024410921325126456,0,0,0,0
2023-08-09 04:00:00+00:00,0,0.14487890722266483,-0.05144959954358419,0,0,0,0
2023-08-10 04:00:00+00:00,0,0.14762398095952114,-0.09232937614336578,0,0,0,0
2023-08-11 04:00:00+00:00,0,0.08161610242394889,-0.07323445299337183,0,0,0,0
2023-08-14 04:00:00+00:00,0,0.038775567593216376,-0.055210811574664564,0,0,0,0
2023-08-15 04:00:00+00:00,0,0.03778397991851693,-0.043126914199816846,0,0,0,0
2023-08-16 04:00:00+00:00,0,0.12740664100411908,-0.012567340005879113,0,0,0,0
2023-08-17 04:00:00+00:00,0,0.0881755220544106,-0.03949257570629627,0,0,0,0
2023-08-18 04:00:00+00:00,0,0.25878851151653337,-0.011473343046322526,0,0,0,0
2023-08-21 04:00:00+00:00,0,0.03790815129149612,-0.016484002389829833,0,0,0,0
2023-08-22 04:00:00+00:00,0,0.03773818060063237,-0.026566712200290055,0,0,0,0
2023-08-23 04:00:00+00:00,0,0.04675807262155217,-0.06377993445669694,0,0,0,0
2023-08-24 04:00:00+00:00,0,0.037787110956424314,-0.009089931342295632,0,0,0,0
2023-08-25 04:00:00+00:00,0,0.03865557457700592,-0.028946791296249996,0,0,0,0
2023-08-28 04:00:00+00:00,0,0.03920654277607812,-0.06862528730026152,0,0,0,0
2023-08-29 04:00:00+00:00,0,0.03861673694240337,-0.08337773854569785,0,0,0,0
2023-08-30 04:00:00+00:00,0,0.0477865017772615,-0.0865990404038498,0,0,0,0
2023-08-31 04:00:00+00:00,0,0.037981568429771156,-0.0663078533506225,0,0,0,0
2023-09-01 04:00:00+00:00,0,0.038356703938077066,-0.08925383725091096,0,0,0,0
2023-09-05 04:00:00+00:00,0,0.03765248774359759,-0.10681458982405445,0,0,0,0
2023-09-06 04:00:00+00:00,0,0.03801640178030513,-0.10979343602234148,0,0,0,0
2023-09-07 04:00:00+00:00,0,0.112873201911581,-0.0700233335512036,0,0,0,0
2023-09-08 04:00:00+00:00,0,0.037836793476745,-0.044308725572253405,0,0,0,0
2023-09-11 04:00:00+00:00,0,0.07905768288871257,-0.04351259467867774,0,0,0,0
2023-09-12 04:00:00+00:00,0,0.037244700604312016,-0.012797316458390995,0,0,0,0
2023-09-13 04:00:00+00:00,0,0.03725326477649825,0.0015974459930432339,0,0,0,0
2023-09-14 04:00:00+00:00,0,0.04565763096088993,-0.039659028157582266,0,0,0,0
2023-09-15 04:00:00+00:00,0,0.037230430449199686,-0.03502927017579083,0,0,0,0
2023-09-18 04:00:00+00:00,0,0.045714681672098065,-0.031142218618123607,0,0,0,0
2023-09-19 04:00:00+00:00,0,0.04905951533902103,-0.036735257000718224,0,0,0,0
2023-09-20 04:00:00+00:00,0,0.04936536952065655,-0.031840438948427696,0,0,0,0
2023-09-21 04:00:00+00:00,0,0.05069092386599644,-0.02972306944080838,0,0,0,0
2023-09-22 04:00:00+00:00,0,0.18976443104185473,-0.09467726945820132,0,0,0,0
2023-09-25 04:00:00+00:00,0,0.04983476144971581,-0.07693187662752021,0,0,0,0
2023-09-26 04:00:00+00:00,0,0.049671357812658606,-0.03538592223522441,0,0,0,0
2023-09-27 04:00:00+00:00,0,0.03748316668238528,-0.05986767386272174,0,0,0,0
2023-09-28 04:00:00+00:00,0,0.037577365830779356,-0.035421967406857546,0,0,0,0
2023-09-29 04:00:00+00:00,0,0.037801935838768556,-0.045192492390197625,0,0,0,0
2023-10-02 04:00:00+00:00,0,0.04735506895552577,-0.0391771773366516,0,0,0,0
2023-10-03 04:00:00+00:00,0,0.03763692831014863,-0.023657454630183428,0,0,0,0
2023-10-04 04:00:00+00:00,0,0.037538633322167086,-0.019029543536890903,0,0,0,0
2023-10-05 04:00:00+00:00,0,0.04619058797734809,-0.003107408371107012,0,0,0,0
2023-10-06 04:00:00+00:00,0,0.04876839919153533,-0.008714867231738865,0,0,0,0
2023-10-09 04:00:00+00:00,0,0.03780864089938798,0.006010607466734097,0,0,0,0
2023-10-10 04:00:00+00:00,0,0.03911602826616675,-0.020190430479493426,0,0,0,0
2023-10-11 04:00:00+00:00,0,0.037695377177296464,-0.0339484434298466,0,0,0,0
2023-10-12 04:00:00+00:00,0,0.11167335034633467,-0.02106253883200926,0,0,0,0
2023-10-13 04:00:00+00:00,0,0.03759657702970684,-0.015115391746011508,0,0,0,0
2023-10-16 04:00:00+00:00,0,0.0792170061684467,-0.02431495441160436,0,0,0,0
2023-10-17 04:00:00+00:00,0,0.03728545889275909,-0.0004765924007159583,0,0,0,0
2023-10-18 04:00:00+00:00,0,0.03736600795545038,0.0489097309443165,0,0,0,0
2023-10-19 04:00:00+00:00,0,0.08494045553998923,-0.030633495440944958,0,0,0,0
2023-10-20 04:00:00+00:00,0,0.12695922411127117,-0.02927190312743544,0,0,0,0
2023-10-23 04:00:00+00:00,0,0.04660392070315262,-0.02546259847823107,0,0,0,0
2023-10-24 04:00:00+00:00,0,0.08066355908740401,-0.04742365562127848,0,0,0,0
2023-10-25 04:00:00+00:00,0,0.038041744981089316,-0.025546158935216945,0,0,0,0
2023-10-26 04:00:00+00:00,0,0.03855440086775853,-0.04872143760195857,0,0,0,0
2023-10-27 04:00:00+00:00,0,0.04776774873062278,-0.06387357127829107,0,0,0,0
2023-10-30 04:00:00+00:00,0,0.037921737699254214,-0.07697859995269174,0,0,0,0
2023-10-31 04:00:00+00:00,0,0.03767853992028743,-0.09534769212441463,0,0,0,0
2023-11-01 04:00:00+00:00,0,0.03800196836057416,-0.09214354248829326,0,0,0,0
2023-11-02 04:00:00+00:00,0,0.03827946458193271,-0.11293621167271162,0,0,0,0
2023-11-03 04:00:00+00:00,0,0.08025562365395277,-0.14394561049203647,0,0,0,0
2023-11-06 05:00:00+00:00,0,0.037741019366820894,-0.15206186488739615,0,0,0,0
2023-11-07 05:00:00+00:00,0,0.03776856840007391,-0.16297860869313308,0,0,0,0
2023-11-08 05:00:00+00:00,0,0.0375302454101809,-0.14705188280420256,0,0,0,0
2023-11-09 05:00:00+00:00,0,0.07976869669198611,-0.12800690146659077,0,0,0,0
2023-11-10 05:00:00+00:00,0,0.03865659644602141,-0.13752270501010133,0,0,0,0
2023-11-13 05:00:00+00:00,0,0.04155787447380568,-0.1321421274823733,0,0,0,0
2023-11-14 05:00:00+00:00,0,0.12727317112178707,-0.14796715634071478,0,0,0,0
2023-11-15 05:00:00+00:00,0,0.2122823102237491,-0.16722170266727288,0,0,0,0
2023-11-16 05:00:00+00:00,0,0.49052889816167694,-0.05814680860743371,0,0,0,0
2023-11-17 05:00:00+00:00,0,0.21444312743554916,-0.04845361977388951,0,0,0,0
2023-11-20 05:00:00+00:00,0,0.19166909657180806,-0.03912823918469699,0,0,0,0
2023-11-21 05:00:00+00:00,0,0.07367184051235434,-0.0583226061986335,0,0,0,0
2023-11-22 05:00:00+00:00,0,0.030978939853566534,-0.021211507062498636,0,0,0,0
2023-11-24 05:00:00+00:00,0,0.030717063196714234,-0.02800402157106363,0,0,0,0
2023-11-27 05:00:00+00:00,0,0.07231139476128098,-0.008517522517019538,0,0,0,0
2023-11-28 05:00:00+00:00,0,0.08403740346448124,0.00512275668062534,0,0,0,0
2023-11-29 05:00:00+00:00,0,0.08433878208295087,0.048323450392283585,0,0,0,0
2023-11-30 05:00:00+00:00,0,0.15093963984892303,0.04903762440396342,0,0,0,0
2023-12-01 05:00:00+00:00,0,0.09237428280142872,0.023989490734035224,0,0,0,0
2023-12-04 05:00:00+00:00,0,0.04262449665345855,0.06284505886756953,0,0,0,0
2023-12-05 05:00:00+00:00,0,0.04256488899741019,0.045366640665199576,0,0,0,0
2023-12-06 05:00:00+00:00,0,0.09291531766343235,0.034990260661861505,0,0,0,0
2023-12-07 05:00:00+00:00,0,0.051461500102191804,0.021148827820214766,0,0,0,0
2023-12-08 05:00:00+00:00,0,0.0429757887595141,0.011756847786154712,0,0,0,0
2023-12-11 05:00:00+00:00,0,0.08477109744013553,0.014010766516303175,0,0,0,0
2023-12-12 05:00:00+00:00,0,0.043382276315733985,0.027496608906484532,0,0,0,0
2023-12-13 05:00:00+00:00,0,0.05191167180426687,0.018831782614228576,0,0,0,0
2023-12-14 05:00:00+00:00,0,0.08594952314665094,-0.029186019702565846,0,0,0,0
2023-12-15 05:00:00+00:00,0,0.08461866039089457,-0.06245336870914231,0,0,0,0
2023-12-18 05:00:00+00:00,0,0.032181809168269515,-0.06602413733490564,0,0,0,0
2023-12-19 05:00:00+00:00,0,0.03279330073462001,-0.06681013836856775,0,0,0,0
2023-12-20 05:00:00+00:00,0,0.07397529731916921,-0.06434898948799506,0,0,0,0
2023-12-21 05:00:00+00:00,0,0.18017992269236754,-0.02937320666272225,0,0,0,0
2023-12-22 05:00:00+00:00,0,0.032165375860607505,-0.0010626845969595733,0,0,0,0
2023-12-26 05:00:00+00:00,0,0.032474467432673154,-0.02636788415454283,0,0,0,0
2023-12-27 05:00:00+00:00,0,0.03202276746529646,-0.02759157536149126,0,0,0,0
2023-12-28 05:00:00+00:00,0,0.03254971591394226,-0.047384733990622485,0,0,0,0
2023-12-29 05:00:00+00:00,0,0.03203144810327226,-0.06695914572497386,0,0,0,0
2024-01-02 05:00:00+00:00,0,0.03342501049691984,-0.03464429671814706,0,0,0,0
2024-01-03 05:00:00+00:00,0,0.07492677307786977,-0.05392341638271814,0,0,0,0
2024-01-04 05:00:00+00:00,0,0.03211015904511728,-0.03763734951143971,0,0,0,0
2024-01-05 05:00:00+00:00,0,0.03218951486925798,0.022188651253770342,0,0,0,0
2024-01-08 05:00:00+00:00,0,0.07342293463712067,0.07340836174788623,0,0,0,0
2024-01-09 05:00:00+00:00,0,0.03185912782125152,0.02249388252511042,0,0,0,0
2024-01-10 05:00:00+00:00,0,0.0319372688705492,-0.00882244840621027,0,0,0,0
2024-01-11 05:00:00+00:00,0,0.03235725990269855,-0.00497379053874758,0,0,0,0
2024-01-12 05:00:00+00:00,0,0.03191000649640308,0.018095849809676823,0,0,0,0
2024-01-16 05:00:00+00:00,0,0.12213718290776573,0.03080912981455075,0,0,0,0
2024-01-17 05:00:00+00:00,0,0.14164303613419593,0.06470334558468371,0,0,0,0
2024-01-18 05:00:00+00:00,0,0.09169588981630894,0.0847905214751905,0,0,0,0
2024-01-19 05:00:00+00:00,0,0.08790467300083221,0.06467884387403,0,0,0,0
2024-01-22 05:00:00+00:00,0,0.09050108285063577,0.06571477676646031,0,0,0,0
2024-01-23 05:00:00+00:00,0,0.33848180058043165,0.021075415153454458,0,0,0,0
2024-01-24 05:00:00+00:00,0,0.09886520671955062,0.012234084437529935,0,0,0,0
2024-01-25 05:00:00+00:00,0,0.08262488718205326,0.02857141017051168,0,0,0,0
2024-01-26 05:00:00+00:00,0,0.038857953130387944,0.03377917892278792,0,0,0,0
2024-01-29 05:00:00+00:00,0,0.038523825361361064,0.05572164323160589,0,0,0,0
2024-01-30 05:00:00+00:00,0,0.038492992180106406,0.031388224472432835,0,0,0,0
2024-01-31 05:00:00+00:00,0,0.03854223455185202,0.025772455889594204,0,0,0,0
2024-02-01 05:00:00+00:00,0,0.039696417427942304,0.029809464130447605,0,0,0,0
2024-02-02 05:00:00+00:00,0,0.04411157455722352,0.0020877089294872864,0,0,0,0
2024-02-05 05:00:00+00:00,0,0.16840741071039755,-0.034302512325400825,0,0,0,0
2024-02-06 05:00:00+00:00,0,0.23777808126860514,-0.05777835737919235,0,0,0,0
2024-02-07 05:00:00+00:00,0,0.33635711346206004,-0.014937541813265343,0,0,0,0
2024-02-08 05:00:00+00:00,0,0.24856416304225534,0.039135537830579326,0,0,0,0
2024-02-09 05:00:00+00:00,0,0.2061873825643858,0.03943360855733258,0,0,0,0
2024-02-12 05:00:00+00:00,0,0.23344998965981065,0.039923422565653954,0,0,0,0
2024-02-13 05:00:00+00:00,0,0.19010525406848655,0.06689945657137897,0,0,0,0
2024-02-14 05:00:00+00:00,0,0.09049789854927763,0.0001363104603588905,0,0,0,0
2024-02-15 05:00:00+00:00,0,0.03783363139929603,-0.005418618071452608,0,0,0,0
2024-02-16 05:00:00+00:00,0,0.07961316247444004,-0.005276775452612181,0,0,0,0
2024-02-20 05:00:00+00:00,0,0.189059971320518,0.003828221433379575,0,0,0,0
2024-02-21 05:00:00+00:00,0,0.23206154955811997,-0.018523477093672747,0,0,0,0
2024-02-22 05:00:00+00:00,0,0.03789496960034181,-0.030084025579966256,0,0,0,0
2024-02-23 05:00:00+00:00,0,0.03795524093113762,-0.05042125811610887,0,0,0,0
2024-02-26 05:00:00+00:00,0,0.03795330261503315,-0.06600441158034664,0,0,0,0
2024-02-27 05:00:00+00:00,0,0.03883177246442942,-0.07981463891713303,0,0,0,0
2024-02-28 05:00:00+00:00,0,0.1126256837993224,-0.04021984645988197,0,0,0,0
2024-02-29 05:00:00+00:00,0,0.038286766716108284,-0.022558379563236475,0,0,0,0
2024-03-01 05:00:00+00:00,0,0.03853298326609607,-0.01675146914896064,0,0,0,0
2024-03-04 05:00:00+00:00,0,0.2006689136261781,0.012222162770014755,0,0,0,0
2024-03-05 05:00:00+00:00,0,0.03794523970258561,0.005133991717331643,0,0,0,0
2024-03-06 05:00:00+00:00,0,0.08002210563024191,-0.023877457414494208,0,0,0,0
2024-03-07 05:00:00+00:00,0,0.03770971839838553,-0.012131178855143143,0,0,0,0
2024-03-08 05:00:00+00:00,0,0.03789693386434875,-0.025017077183697056,0,0,0,0
2024-03-11 04:00:00+00:00,0,0.037895314174444465,-0.02497998670015633,0,0,0,0
2024-03-12 04:00:00+00:00,0,0.047978142743765245,-0.01932694410127167,0,0,0,0
2024-03-13 04:00:00+00:00,0,0.03819544413348609,-0.02015973879941868,0,0,0,0
2024-03-14 04:00:00+00:00,0,0.11219708744435493,-0.02874657150858162,0,0,0,0
2024-03-15 04:00:00+00:00,0,0.03781335366430442,-0.038136652306651864,0,0,0,0
2024-03-18 04:00:00+00:00,0,0.037641278167341675,-0.05318266643492453,0,0,0,0
2024-03-19 04:00:00+00:00,0,0.037442029817027794,-0.06265322588568567,0,0,0,0
2024-03-20 04:00:00+00:00,0,0.037615811441714574,-0.07144780643936866,0,0,0,0
2024-03-21 04:00:00+00:00,0,0.03760413166528165,-0.06447250655587455,0,0,0,0
2024-03-22 04:00:00+00:00,0,0.03784636178649017,-0.020102590027282208,0,0,0,0
2024-03-25 04:00:00+00:00,0,0.037408316474092575,0.014693497495896768,0,0,0,0
2024-03-26 04:00:00+00:00,0,0.03725990383246488,0.04406815900099881,0,0,0,0
2024-03-27 04:00:00+00:00,0,0.045482902344981195,0.049168975606018295,0,0,0,0
2024-03-28 04:00:00+00:00,0,0.037206848000533414,0.04408512391080954,0,0,0,0
2024-04-01 04:00:00+00:00,0,0.03730186188179042,0.04143390154924176,0,0,0,0
2024-04-02 04:00:00+00:00,0,0.07877267507597939,0.027030742753459736,0,0,0,0
2024-04-03 04:00:00+00:00,0,0.048771109007626684,0.04237991349282755,0,0,0,0
2024-04-04 04:00:00+00:00,0,0.03699098509303064,0.11646993588029542,0,0,0,0
2024-04-05 04:00:00+00:00,0,0.03694845152761616,0.1349427297571304,0,0,0,0
2024-04-08 04:00:00+00:00,0,0.036920918193352796,0.1372193313054051,0,0,0,0
2024-04-09 04:00:00+00:00,0,0.07909799879652554,0.08740921842921279,0,0,0,0
2024-04-10 04:00:00+00:00,0,0.08939333015803985,0.051883713520725294,0,0,0,0
2024-04-11 04:00:00+00:00,0,0.07969109842398168,0.061589789438300846,0,0,0,0
2024-04-12 04:00:00+00:00,0,0.24200067250628435,0.1227380114593446,0,0,0,0
2024-04-15 04:00:00+00:00,0,0.07247626541651855,0.19796085617011516,1,0,0,1
2024-04-16 04:00:00+00:00,0,0.11957465292233764,0.1422208972030048,0,0,0,0
2024-04-17 04:00:00+00:00,0,0.07731566591844997,0.17683804545228887,1,0,0,1
2024-04-18 04:00:00+00:00,0,0.02970343274314868,0.2587107961808801,1,0,0,1
2024-04-19 04:00:00+00:00,0,0.03791466218157812,0.2818880008850837,1,0,0,1
2024-04-22 04:00:00+00:00,0,0.030543864959707148,0.24900966252654522,1,0,0,1
2024-04-23 04:00:00+00:00,0,0.030726097893907924,0.18783618662762835,1,0,0,1
2024-04-24 04:00:00+00:00,0,0.08252026880239495,0.1078656323130287,0,0,0,0
2024-04-25 04:00:00+00:00,0,0.02962375735107419,0.0757555097708158,0,0,0,0
2024-04-26 04:00:00+00:00,0,0.06086724888661789,0.0755792505196855,0,0,0,0
2024-04-29 04:00:00+00:00,0,0.06114422439631067,0.05457392147277762,0,0,0,0
2024-04-30 04:00:00+00:00,0,0.06202346850116506,0.05624573601492333,0,0,0,0
2024-05-01 04:00:00+00:00,0,0.06458524579122121,0.054562180555609574,0,0,0,0
2024-05-02 04:00:00+00:00,0,0.278624012571152,-0.024772814066235993,0,0,0,0
2024-05-03 04:00:00+00:00,0,0.14419264905531565,-0.04217380989835984,0,0,0,0
2024-05-06 04:00:00+00:00,0,0.06914805919611881,-0.03801354533458723,0,0,0,0
2024-05-07 04:00:00+00:00,0,0.06878129379365697,0.005795760249220461,0,0,0,0
2024-05-08 04:00:00+00:00,0,0.06890821103913361,0.019755369490756847,0,0,0,0
2024-05-09 04:00:00+00:00,0,0.07192007275622196,-0.013214063783012375,0,0,0,0
2024-05-10 04:00:00+00:00,0,0.0801403401300496,-0.009245348159378275,0,0,0,0
2024-05-13 04:00:00+00:00,0,0.22000566036834968,-0.07919614993312685,0,0,0,0
2024-05-14 04:00:00+00:00,0,0.4068076875256544,-0.018488332283516984,0,0,0,0
2024-05-15 04:00:00+00:00,0,0.1087335370910618,-0.04525503451150037,0,0,0,0
2024-05-16 04:00:00+00:00,0,0.29155357826407213,-0.13559227659774442,0,0,0,0
2024-05-17 04:00:00+00:00,0,0.15804617480884564,-0.13970825489038163,0,0,0,0
2024-05-20 04:00:00+00:00,0,0.1776433470935913,-0.13821619664610874,0,0,0,0
2024-05-21 04:00:00+00:00,0,0.07130219520453403,-0.11800901021126597,0,0,0,0
2024-05-22 04:00:00+00:00,0,0.17565273094229672,-0.08960936324779889,0,0,0,0
2024-05-23 04:00:00+00:00,0,0.0692463717097763,-0.054264268603906096,0,0,0,0
2024-05-24 04:00:00+00:00,0,0.1414446249969048,-0.0721916260238421,0,0,0,0
2024-05-28 04:00:00+00:00,0,0.18828500279773028,-0.05954369508528423,0,0,0,0
2024-05-29 04:00:00+00:00,0,0.1987135193987392,-0.06472475815045309,0,0,0,0
2024-05-30 04:00:00+00:00,0,0.1569203250170791,-0.07616712141590687,0,0,0,0
2024-05-31 04:00:00+00:00,0,0.1881135905746693,-0.05860709714969392,0,0,0,0
2024-06-03 04:00:00+00:00,0,0.18788924273594845,-0.03361601070984255,0,0,0,0
2024-06-04 04:00:00+00:00,0,0.1962482070783615,-0.015775613533692945,0,0,0,0
2024-06-05 04:00:00+00:00,0,0.18811837656251207,-0.04622868630218668,0,0,0,0
2024-06-06 04:00:00+00:00,0,0.19969981656012922,-0.06139981346229939,0,0,0,0
2024-06-07 04:00:00+00:00,0,0.16852488942220348,-0.013579659182136994,0,0,0,0
2024-06-10 04:00:00+00:00,0,0.0798012220586859,-0.020656280382101544,0,0,0,0
2024-06-11 04:00:00+00:00,0,0.24135081988523854,0.029865205039633747,0,0,0,0
2024-06-12 04:00:00+00:00,0,0.1879179914416288,0.042812295769517617,0,0,0,0
2024-06-13 04:00:00+00:00,0,0.06811793695445324,0.03078755101281372,0,0,0,0
2024-06-14 04:00:00+00:00,0,0.048899440396520236,0.06857531492167346,0,0,0,0
2024-06-17 04:00:00+00:00,0,0.036793612555289394,0.03340032602741094,0,0,0,0
2024-06-18 04:00:00+00:00,0,0.03629220088115509,0.027934524398100402,0,0,0,0
2024-06-20 04:00:00+00:00,0,0.03630417079402871,0.012373804278286604,0,0,0,0
2024-06-21 04:00:00+00:00,0,0.03611257393802202,0.0403149633497939,0,0,0,0
2024-06-24 04:00:00+00:00,0,0.0780964554462193,0.017515665550684956,0,0,0,0
2024-06-25 04:00:00+00:00,0,0.07776555068924965,0.027239476949387997,0,0,0,0
2024-06-26 04:00:00+00:00,0,0.0779276042342583,0.016583528834852812,0,0,0,0
2024-06-27 04:00:00+00:00,0,0.0479306301815227,0.05748229527809756,0,0,0,0
2024-06-28 04:00:00+00:00,0,0.03583770936408852,0.09194447739945422,0,0,0,0
2024-07-01 04:00:00+00:00,0,0.05580927676349062,0.08063176020284768,0,0,0,0
2024-07-02 04:00:00+00:00,0,0.036339637737929996,0.07016827649530843,0,0,0,0
2024-07-03 04:00:00+00:00,0,0.0466007168749891,0.03189103944477467,0,0,0,0
2024-07-05 04:00:00+00:00,0,0.07761997088452147,0.03931832331439211,0,0,0,0
2024-07-08 04:00:00+00:00,0,0.0358601797831938,0.047347020462716216,0,0,0,0
2024-07-09 04:00:00+00:00,0,0.03670491683382913,0.029062126719301196,0,0,0,0
2024-07-10 04:00:00+00:00,0,0.035821957644861936,0.023944207687263797,0,0,0,0
2024-07-11 04:00:00+00:00,0,0.14158385481175217,0.022796810580755444,0,0,0,0
2024-07-12 04:00:00+00:00,0,0.06751057134478892,0.004268697271984534,0,0,0,0
2024-07-15 04:00:00+00:00,0,0.03611965988779064,0.037174717122731016,0,0,0,0
2024-07-16 04:00:00+00:00,0,0.035856734852110723,0.034702710739112685,0,0,0,0
2024-07-17 04:00:00+00:00,0,0.0357904175510824,0.03154204572187247,0,0,0,0
2024-07-18 04:00:00+00:00,0,0.03571922384387053,0.03919515126745643,0,0,0,0
2024-07-19 04:00:00+00:00,0,0.03558542257358244,0.10508843195238837,0,0,0,0
2024-07-22 04:00:00+00:00,0,0.035811989203193735,0.09485913450514993,0,0,0,0
2024-07-23 04:00:00+00:00,0,0.03535559751947043,0.06491461945568822,0,0,0,0
2024-07-24 04:00:00+00:00,0,0.035341203486663475,0.10197883855119572,0,0,0,0
2024-07-25 04:00:00+00:00,0,0.035247311208703815,0.1002651934179184,0,0,0,0
2024-07-26 04:00:00+00:00,0,0.07726898097758328,0.11603304307204954,0,0,0,0
2024-07-29 04:00:00+00:00,0,0.08776618181918834,0.039938998997789854,0,0,0,0
2024-07-30 04:00:00+00:00,0,0.03521434448293142,0.04423072523620686,0,0,0,0
2024-07-31 04:00:00+00:00,0,0.03544490944602381,0.009765479523329512,0,0,0,0
2024-08-01 04:00:00+00:00,0,0.035140961183845534,0.038984239854829905,0,0,0,0
2024-08-02 04:00:00+00:00,0,0.035163924887692835,0.0760491196957005,0,0,0,0
2024-08-05 04:00:00+00:00,0,0.15992815800939647,0.06871910406331483,0,0,0,0
2024-08-06 04:00:00+00:00,0,0.07682340595753027,0.05866494117351784,0,0,0,0
2024-08-07 04:00:00+00:00,0,0.03493039943579076,0.05910318190853103,0,0,0,0
2024-08-08 04:00:00+00:00,0,0.09860940321462795,0.010832991834754502,0,0,0,0
2024-08-09 04:00:00+00:00,0,0.03495721428087913,0.018127312518452676,0,0,0,0
2024-08-12 04:00:00+00:00,0,0.0664775894745597,0.03571868974001724,0,0,0,0
2024-08-13 04:00:00+00:00,0,0.03509637702392633,0.045746020451612246,0,0,0,0
2024-08-14 04:00:00+00:00,0,0.10844586838905117,0.07575189421470685,0,0,0,0
2024-08-15 04:00:00+00:00,0,0.2234263013886588,0.06474736217232113,0,0,0,0
2024-08-16 04:00:00+00:00,0,0.1751960443794781,0.005049267079785924,0,0,0,0
2024-08-19 04:00:00+00:00,0,0.06817642159853982,0.00941477151530723,0,0,0,0
2024-08-20 04:00:00+00:00,0,0.11080181933319004,0.04170780868287527,0,0,0,0
2024-08-21 04:00:00+00:00,0,0.037537212763879356,0.05937980978168245,0,0,0,0
2024-08-22 04:00:00+00:00,0,0.11095756226155704,0.0642479131910676,0,0,0,0
2024-08-23 04:00:00+00:00,0,0.11114525975455279,0.05479439113704676,0,0,0,0
2024-08-26 04:00:00+00:00,0,0.18354570387873523,0.1887230709230021,1,0,0,1
2024-08-27 04:00:00+00:00,0,0.11082030155475968,0.17200743124743534,1,0,0,1
2024-08-28 04:00:00+00:00,0,0.07717799131585128,0.31964322916311416,1,0,0,1
2024-08-29 04:00:00+00:00,0,0.035569535529006636,0.32473464389557427,1,0,0,1
2024-08-30 04:00:00+00:00,0,0.07763352628654126,0.273338130089785,1,0,0,1
2024-09-03 04:00:00+00:00,0,0.13985987773236414,0.37036589270246845,1,0,0,1
2024-09-04 04:00:00+00:00,0,0.03478648241238821,0.3974777992979013,1,0,0,1
2024-09-05 04:00:00+00:00,0,0.1545987002797226,0.3689190684940584,1,0,0,1
2024-09-06 04:00:00+00:00,0,0.15467695444774104,0.41081548545902735,1,0,0,1
2024-09-09 04:00:00+00:00,0,0.03455174607233543,0.44302541543918283,1,0,0,1
2024-09-10 04:00:00+00:00,0,0.07717234455022533,0.30883057106607437,1,0,0,1
2024-09-11 04:00:00+00:00,0,0.04461920480783487,0.2721377229415227,1,0,0,1
2024-09-12 04:00:00+00:00,0,0.03462077778158524,0.27827812103018923,1,0,0,1
2024-09-13 04:00:00+00:00,0,0.03441707783364142,0.30050765904103227,1,0,0,1
2024-09-16 04:00:00+00:00,0,0.034437344254621534,0.28959333925603215,1,0,0,1
2024-09-17 04:00:00+00:00,0,0.03506043589945652,0.20236128499453532,1,0,0,1
2024-09-18 04:00:00+00:00,0,0.03624523434121355,0.21025823839423396,1,0,0,1
2024-09-19 04:00:00+00:00,0,0.18065984523090023,0.1308623117643315,0,0,0,0
2024-09-20 04:00:00+00:00,0,0.074277149243533,0.16015398588612095,1,0,0,1
2024-09-23 04:00:00+00:00,0,0.1370204776190518,0.12010228030269698,0,0,0,0
2024-09-24 04:00:00+00:00,0,0.4821222391169446,0.033645386071667005,0,0,0,0
2024-09-25 04:00:00+00:00,0,0.1534099834549042,0.026607971118734586,0,0,0,0
2024-09-26 04:00:00+00:00,1,0.6275736172445726,-0.08289711253979593,0,0,1,0
2024-09-27 04:00:00+00:00,0,0.3107686938974462,-0.09233204678138529,0,0,0,0
2024-09-30 04:00:00+00:00,0,0.24615008679786038,-0.05833015430276001,0,0,0,0
2024-10-01 04:00:00+00:00,0,0.26362986858407417,-0.11451129202600507,0,0,0,0
2024-10-02 04:00:00+00:00,0,0.21617016274204787,-0.14360088619493094,0,0,0,0
2024-10-03 04:00:00+00:00,0,0.11608684489439929,-0.13169083391763858,0,0,0,0
2024-10-04 04:00:00+00:00,0,0.11592369078031002,-0.1479961479912707,0,0,0,0
2024-10-07 04:00:00+00:00,0,0.09034169704667812,-0.16269565281112286,0,0,0,0
2024-10-08 04:00:00+00:00,0,0.28028712644156856,-0.09545955004001905,0,0,0,0
2024-10-09 04:00:00+00:00,0,0.1146741113629434,-0.10343861763522544,0,0,0,0
2024-10-10 04:00:00+00:00,0,0.29420682297719875,-0.08363834607802068,0,0,0,0
2024-10-11 04:00:00+00:00,0,0.11073535422196296,-0.1448157079514798,0,0,0,0
2024-10-14 04:00:00+00:00,0,0.10210706153104229,-0.11492440560610084,0,0,0,0
2024-10-15 04:00:00+00:00,0,0.2678363550774985,-0.09878238770244341,0,0,0,0
2024-10-16 04:00:00+00:00,0,0.23141662642101476,-0.09954001979642413,0,0,0,0
2024-10-17 04:00:00+00:00,0,0.20751328304483008,-0.09483361811094104,0,0,0,0
2024-10-18 04:00:00+00:00,0,0.19915899497403428,-0.13511670504433348,0,0,0,0
2024-10-21 04:00:00+00:00,0,0.1984484700322239,-0.11455756444400711,0,0,0,0
2024-10-22 04:00:00+00:00,0,0.21016104133724015,-0.13288873570245274,0,0,0,0
2024-10-23 04:00:00+00:00,0,0.21032880723032907,-0.11459187262633219,0,0,0,0
2024-10-24 04:00:00+00:00,0,0.21837434067374895,-0.1118721042072357,0,0,0,0
2024-10-25 04:00:00+00:00,0,0.2100099584148736,-0.14668449392484595,0,0,0,0
2024-10-28 04:00:00+00:00,0,0.15715989500920777,-0.14360050259605273,0,0,0,0
2024-10-29 04:00:00+00:00,0,0.15653253670898,-0.1467494606927846,0,0,0,0
2024-10-30 04:00:00+00:00,0,0.08996723970299059,-0.12269505597642594,0,0,0,0
2024-10-31 04:00:00+00:00,0,0.04814440039720465,-0.10828742965980953,0,0,0,0
2024-11-01 04:00:00+00:00,0,0.04824960212501191,-0.11918426221458389,0,0,0,0
2024-11-04 05:00:00+00:00,0,0.0368101955988134,-0.1292683021058625,0,0,0,0
2024-11-05 05:00:00+00:00,0,0.0378960272781969,-0.14393705738094642,0,0,0,0
2024-11-06 05:00:00+00:00,0,0.08217184358947009,-0.13005273958291974,0,0,0,0
2024-11-07 05:00:00+00:00,0,0.0905345787022195,-0.14190133389466542,0,0,0,0
2024-11-08 05:00:00+00:00,0,0.1553501942201474,-0.019853506555550737,0,0,0,0
2024-11-11 05:00:00+00:00,0,0.04258124918563085,-0.058583070155054706,0,0,0,0
2024-11-12 05:00:00+00:00,0,0.16736296235883802,-0.03050767711014235,0,0,0,0
2024-11-13 05:00:00+00:00,0,0.08505177330763568,-0.030108621900224675,0,0,0,0
2024-11-14 05:00:00+00:00,0,0.126399056952916,-0.030470305785697316,0,0,0,0
2024-11-15 05:00:00+00:00,0,0.1876405590565136,-0.028558489862786973,0,0,0,0
2024-11-18 05:00:00+00:00,0,0.04850531332085857,-0.02462230490844064,0,0,0,0
2024-11-19 05:00:00+00:00,0,0.13755482312405343,-0.02422223051504957,0,0,0,0
2024-11-20 05:00:00+00:00,0,0.048083166506699054,-0.028350821725693254,0,0,0,0
2024-11-21 05:00:00+00:00,0,0.08983547370756059,-0.03856046164963378,0,0,0,0
2024-11-22 05:00:00+00:00,0,0.09849130691952067,0.02417901106616549,0,0,0,0
2024-11-25 05:00:00+00:00,0,0.09036290267843915,-0.0007012245729034472,0,0,0,0
2024-11-26 05:00:00+00:00,0,0.04750639933119544,0.010565850073024796,0,0,0,0
2024-11-27 05:00:00+00:00,0,0.047688915067267454,-0.017669478510841996,0,0,0,0
2024-11-29 05:00:00+00:00,0,0.03582273411093048,-0.03708368268234685,0,0,0,0
2024-12-02 05:00:00+00:00,0,0.04738307873547677,-0.013496181260224338,0,0,0,0
2024-12-03 05:00:00+00:00,0,0.15572005026334465,-0.008520144532684681,0,0,0,0
2024-12-04 05:00:00+00:00,0,0.045978349351223885,0.007182384235495665,0,0,0,0
2024-12-05 05:00:00+00:00,0,0.03807017476788767,0.016280355159806748,0,0,0,0
2024-12-06 05:00:00+00:00,0,0.08791576043144321,-0.01687415327901376,0,0,0,0
2024-12-09 05:00:00+00:00,0,0.23772917613468364,-0.09347915751357794,0,0,0,0
2024-12-10 05:00:00+00:00,0,0.043843653037677045,-0.10352895452778854,0,0,0,0
2024-12-11 05:00:00+00:00,0,0.03768284673475421,-0.09485287264098752,0,0,0,0
2024-12-12 05:00:00+00:00,0,0.03596290840797814,-0.0846128270147265,0,0,0,0
2024-12-13 05:00:00+00:00,0,0.03585969826328441,-0.06126168610699623,0,0,0,0
2024-12-16 05:00:00+00:00,0,0.035537410691846995,-0.04217985172238248,0,0,0,0
2024-12-17 05:00:00+00:00,0,0.03573865436403486,-0.023293108336860824,0,0,0,0
2024-12-18 05:00:00+00:00,0,0.03553534274911673,0.004470541287907359,0,0,0,0
2024-12-19 05:00:00+00:00,0,0.03547041091008051,0.024789530364708545,0,0,0,0
2024-12-20 05:00:00+00:00,0,0.07719701903010631,0.04642683308826845,0,0,0,0
2024-12-23 05:00:00+00:00,0,0.07827550269955393,0.04698145769965678,0,0,0,0
2024-12-24 05:00:00+00:00,0,0.1649432282410101,0.0522684997361873,0,0,0,0
2024-12-26 05:00:00+00:00,0,0.03499538247718026,0.11559015566172204,0,0,0,0
2024-12-27 05:00:00+00:00,0,0.034682686370218985,0.1370798318848685,0,0,0,0
2024-12-30 05:00:00+00:00,0,0.04627145739881029,0.22120524646003004,1,0,0,1
2024-12-31 05:00:00+00:00,0,0.1545036227541558,0.16570339294696068,1,0,0,1
2025-01-02 05:00:00+00:00,0,0.03438601493612417,0.1608005078588528,1,0,0,1
2025-01-03 05:00:00+00:00,0,0.0344013609103963,0.1965162363372992,1,0,0,1
2025-01-06 05:00:00+00:00,0,0.0760513739914268,0.1608981356019541,1,0,0,1
2025-01-07 05:00:00+00:00,0,0.03438596153556929,0.18821012552209027,1,0,0,1
2025-01-08 05:00:00+00:00,0,0.03459968325623754,0.23682634081060194,1,0,0,1
2025-01-10 05:00:00+00:00,0,0.1619305630463206,0.3823420319678914,1,0,0,1
2025-01-13 05:00:00+00:00,0,0.0814201013251348,0.4002979844388044,1,0,0,1
2025-01-14 05:00:00+00:00,0,0.033845921701243266,0.4487022153647533,1,0,0,1
2025-01-15 05:00:00+00:00,0,0.03358024180802672,0.450024218949467,1,0,0,1
2025-01-16 05:00:00+00:00,0,0.03341260202490845,0.5131627394611493,1,0,0,1
2025-01-17 05:00:00+00:00,0,0.11744235160578179,0.49083636636742844,1,0,0,1
2025-01-21 05:00:00+00:00,0,0.07485709767868803,0.47329599670983624,1,0,0,1
2025-01-22 05:00:00+00:00,0,0.03371319401689427,0.5737268658304595,1,0,0,1
2025-01-23 05:00:00+00:00,0,0.03366370876081285,0.6695703543617535,1,0,0,1
2025-01-24 05:00:00+00:00,0,0.1736324741446209,0.44761040955169484,1,0,0,1
2025-01-27 05:00:00+00:00,0,0.14251720939192963,0.4891654730418389,1,0,0,1
2025-01-28 05:00:00+00:00,0,0.29444954325213946,0.4482973691509342,1,0,0,1
2025-01-29 05:00:00+00:00,0,0.3925189217989382,0.41180721956052735,1,0,0,1
2025-01-30 05:00:00+00:00,0,0.36385910484106676,0.289760539426275,1,0,0,1
2025-01-31 05:00:00+00:00,0,0.1523133686596842,0.32345214366692043,1,0,0,1
2025-02-03 05:00:00+00:00,0,0.08229982853305425,0.31680367491139383,1,0,0,1
2025-02-04 05:00:00+00:00,0,0.1152544245356625,0.37791881685650797,1,0,0,1
2025-02-05 05:00:00+00:00,0,0.08166490108528417,0.4096494654845453,1,0,0,1
2025-02-06 05:00:00+00:00,0,0.04436355196543422,0.40087669771782664,1,0,0,1
2025-02-07 05:00:00+00:00,0,0.09683176193316743,0.28045590979662216,1,0,0,1
2025-02-10 05:00:00+00:00,0,0.20425463876548974,0.24883227560943988,1,0,0,1
2025-02-11 05:00:00+00:00,0,0.09670578549094824,0.21599584056909027,1,0,0,1
2025-02-12 05:00:00+00:00,0,0.2229822178027593,0.1691879923915367,1,0,0,1
2025-02-13 05:00:00+00:00,0,0.1526141127041872,0.18035810664694352,1,0,0,1
2025-02-14 05:00:00+00:00,0,0.2211694839265378,0.18311548221850482,1,0,0,1
2025-02-18 05:00:00+00:00,0,0.15461397791988932,0.12482279302886057,0,0,0,0
2025-02-19 05:00:00+00:00,0,0.10289371672750089,0.13840526440019874,0,0,0,0
2025-02-20 05:00:00+00:00,1,0.5016249436024179,0.00691329802202989,0,0,1,0
2025-02-21 05:00:00+00:00,0,0.26326250563681014,-0.059895719206953024,0,0,0,0
2025-02-24 05:00:00+00:00,0,0.3987016119390174,0.042157508012518496,0,0,0,0
2025-02-25 05:00:00+00:00,0,0.27573122067754385,-0.00940229764212519,0,0,0,0
2025-02-26 05:00:00+00:00,0,0.2584814612201089,-0.04918025836830853,0,0,0,0
2025-02-27 05:00:00+00:00,0,0.11954375550576339,-0.00673745974665807,0,0,0,0
2025-02-28 05:00:00+00:00,0,0.23522105573995777,-0.0006037586670282202,0,0,0,0
2025-03-03 05:00:00+00:00,0,0.0827477845735878,0.010855396566447295,0,0,0,0
2025-03-04 05:00:00+00:00,0,0.20868862304369598,0.02194831908600059,0,0,0,0
2025-03-05 05:00:00+00:00,0,0.28222614816449226,-0.07969938569172452,0,0,0,0
2025-03-06 05:00:00+00:00,0,0.0948340609543595,-0.0758842130005366,0,0,0,0
2025-03-07 05:00:00+00:00,0,0.2143841729166291,-0.17124161889562695,0,0,0,0
2025-03-10 04:00:00+00:00,0,0.28470472742699693,-0.2003922723735564,0,0,0,0
2025-03-11 04:00:00+00:00,0,0.19759914232109846,-0.2852107594438681,0,0,0,0
2025-03-12 04:00:00+00:00,0,0.20347229588999635,-0.23596327316853782,0,0,0,0
2025-03-13 04:00:00+00:00,0,0.1436126242067979,-0.24698234877031777,0,0,0,0
2025-03-14 04:00:00+00:00,0,0.26402319241160094,-0.23649893978446423,0,0,0,0
2025-03-17 04:00:00+00:00,0,0.2675495624670445,-0.22768853983490078,0,0,0,0
2025-03-18 04:00:00+00:00,0,0.08168265503564455,-0.2133950319416179,0,0,0,0
2025-03-19 04:00:00+00:00,0,0.13520430583004933,-0.2545391196141805,0,0,0,0
2025-03-20 04:00:00+00:00,0,0.27356434335175944,-0.20480609406666495,0,0,0,0
2025-03-21 04:00:00+00:00,0,0.19926566036571813,-0.18491931240183657,0,0,0,0
2025-03-24 04:00:00+00:00,0,0.19905056821303135,-0.13831051290465357,0,0,0,0
2025-03-25 04:00:00+00:00,0,0.15714552859617376,-0.10380409671054314,0,0,0,0
2025-03-26 04:00:00+00:00,0,0.198975680914605,-0.09792804545554812,0,0,0,0
2025-03-27 04:00:00+00:00,0,0.1997484792216188,-0.11317557325267047,0,0,0,0
2025-03-28 04:00:00+00:00,0,0.1579167528898879,-0.10616924126036364,0,0,0,0
2025-03-31 04:00:00+00:00,0,0.1994669179314551,-0.10096046711307516,0,0,0,0
2025-04-01 04:00:00+00:00,0,0.20069733752212643,-0.09999998830693957,0,0,0,0
2025-04-02 04:00:00+00:00,0,0.20438802402730358,-0.07134593944520917,0,0,0,0
2025-04-03 04:00:00+00:00,0,0.10428946304728347,-0.02760382373097392,0,0,0,0
2025-04-04 04:00:00+00:00,1,0.6002978934715565,0.08606484256563562,0,0,1,0
2025-04-07 04:00:00+00:00,0,0.6083450482203033,0.20456695540722936,1,0,0,1
2025-04-08 04:00:00+00:00,0,0.647367085357291,0.24011269704650418,1,0,0,1
2025-04-09 04:00:00+00:00,0,0.4932416201269392,0.20051539166723487,1,0,0,1
2025-04-10 04:00:00+00:00,0,0.28682876568534227,0.20301403301325638,1,0,0,1
2025-04-11 04:00:00+00:00,0,0.2469288976337316,0.2303907338294171,1,0,0,1
2025-04-14 04:00:00+00:00,0,0.2649844103413513,0.15512851337931655,1,0,0,1
2025-04-15 04:00:00+00:00,0,0.21640473047195324,0.19389022701382896,1,0,0,1
2025-04-16 04:00:00+00:00,0,0.25873842015326404,0.16065574771299596,1,0,0,1
2025-04-17 04:00:00+00:00,0,0.20769294738975327,0.134013072815782,0,0,0,0
2025-04-21 04:00:00+00:00,0,0.20581940175296382,0.11629594125492204,0,0,0,0
2025-04-22 04:00:00+00:00,0,0.09092760566046941,0.08008289137499336,0,0,0,0
2025-04-23 04:00:00+00:00,0,0.09339834194127136,0.03883326795768083,0,0,0,0
2025-04-24 04:00:00+00:00,0,0.12095925982934685,0.018358642640098122,0,0,0,0
2025-04-25 04:00:00+00:00,0,0.07815447114970535,0.00374133128387788,0,0,0,0
2025-04-28 04:00:00+00:00,0,0.07800094370581767,0.00971526800046596,0,0,0,0
2025-04-29 04:00:00+00:00,0,0.07766761299006116,-0.018001346224404413,0,0,0,0
2025-04-30 04:00:00+00:00,0,0.07798002678636982,-0.01883946896356481,0,0,0,0
2025-05-01 04:00:00+00:00,0,0.0783446286130657,-0.055504901056153244,0,0,0,0
2025-05-02 04:00:00+00:00,0,0.08097767283586864,-0.08754770771618525,0,0,0,0
2025-05-05 04:00:00+00:00,0,0.0783842000098061,-0.09164888291040019,0,0,0,0
2025-05-06 04:00:00+00:00,0,0.0792010799512462,-0.06431149093198596,0,0,0,0
2025-05-07 04:00:00+00:00,0,0.07939416127536884,-0.026535831869239246,0,0,0,0
2025-05-08 04:00:00+00:00,0,0.03861711536551445,-0.05095800051672961,0,0,0,0
2025-05-09 04:00:00+00:00,0,0.039009821376229895,-0.03071891192752263,0,0,0,0
2025-05-12 04:00:00+00:00,0,0.16473436232343383,-0.0804979131191722,0,0,0,0
2025-05-13 04:00:00+00:00,0,0.08663442979038667,-0.0859855697719536,0,0,0,0
2025-05-14 04:00:00+00:00,0,0.09839447372302938,-0.11532189060784681,0,0,0,0
2025-05-15 04:00:00+00:00,0,0.27712296168234846,-0.07362619678269744,0,0,0,0
2025-05-16 04:00:00+00:00,0,0.08633675809547155,-0.044873349379982774,0,0,0,0
2025-05-19 04:00:00+00:00,0,0.18571220471240724,-0.04868071531238449,0,0,0,0
2025-05-20 04:00:00+00:00,0,0.07959829425212246,-0.07791477548219083,0,0,0,0
2025-05-21 04:00:00+00:00,0,0.07900053413281949,-0.07015060067387568,0,0,0,0
2025-05-22 04:00:00+00:00,0,0.07892926113261349,-0.053330385315396356,0,0,0,0
2025-05-23 04:00:00+00:00,0,0.07871211874096952,-0.014431498945975507,0,0,0,0
2025-05-27 04:00:00+00:00,0,0.07885473569017347,-0.025383915427800163,0,0,0,0
2025-05-28 04:00:00+00:00,0,0.07889747137339363,-0.00757551892992514,0,0,0,0
2025-05-29 04:00:00+00:00,0,0.16548808068288723,-0.01000030720875944,0,0,0,0
2025-05-30 04:00:00+00:00,0,0.03727910196136431,0.013060858920574514,0,0,0,0
2025-06-02 04:00:00+00:00,0,0.04856367322591332,0.009989571026045363,0,0,0,0
2025-06-03 04:00:00+00:00,0,0.048519043257615774,-0.020777547238553296,0,0,0,0
2025-06-04 04:00:00+00:00,0,0.09210210158645724,-0.07461508344459367,0,0,0,0
2025-06-05 04:00:00+00:00,0,0.03688116346155225,-0.09914837344754668,0,0,0,0
2025-06-06 04:00:00+00:00,0,0.03679328538988351,-0.08012035379044058,0,0,0,0
2025-06-09 04:00:00+00:00,0,0.036883029586160805,-0.13084524706829959,0,0,0,0
2025-06-10 04:00:00+00:00,0,0.04680535039227626,-0.11025259500042495,0,0,0,0
2025-06-11 04:00:00+00:00,0,0.03693290112541773,-0.0981154435113396,0,0,0,0
2025-06-12 04:00:00+00:00,0,0.03729494317510468,-0.07202882291241497,0,0,0,0
2025-06-13 04:00:00+00:00,0,0.07952024937066672,0.03632496123284845,0,0,0,0
2025-06-16 04:00:00+00:00,0,0.07952745383008233,-0.001983405737796873,0,0,0,0
2025-06-17 04:00:00+00:00,0,0.03685470806705143,0.019734019790926816,0,0,0,0
2025-06-18 04:00:00+00:00,0,0.07840592988168336,0.05938854189824361,0,0,0,0
2025-06-20 04:00:00+00:00,0,0.0366028846493574,0.06424205264666938,0,0,0,0
2025-06-23 04:00:00+00:00,0,0.0783540687153127,0.06737998933004619,0,0,0,0
2025-06-24 04:00:00+00:00,0,0.07988125910144388,0.047602765516910894,0,0,0,0
2025-06-25 04:00:00+00:00,0,0.036923286783659526,0.05761674638401337,0,0,0,0
2025-06-26 04:00:00+00:00,0,0.03661871074122584,0.053541634844040065,0,0,0,0
2025-06-27 04:00:00+00:00,0,0.036474192818916756,0.07073982788653344,0,0,0,0
2025-06-30 04:00:00+00:00,0,0.03642860614210835,0.052464480699334404,0,0,0,0
2025-07-01 04:00:00+00:00,0,0.03674730354625354,0.029920119296229286,0,0,0,0
2025-07-02 04:00:00+00:00,0,0.07876990572980748,0.08960345272314818,0,0,0,0
2025-07-03 04:00:00+00:00,0,0.08438119972960653,0.07700094739255081,0,0,0,0
2025-07-07 04:00:00+00:00,0,0.1259679443583478,0.10567426095487975,0,0,0,0
2025-07-08 04:00:00+00:00,0,0.04587787212088629,0.08380408584852916,0,0,0,0
2025-07-09 04:00:00+00:00,0,0.2519706303668398,0.16401809187104677,1,0,0,1
2025-07-10 04:00:00+00:00,0,0.0807303686927988,0.1342835687995536,0,0,0,0
2025-07-11 04:00:00+00:00,0,0.03892106144722293,0.12781108727163648,0,0,0,0
2025-07-14 04:00:00+00:00,0,0.04762806824219204,0.09628532666244238,0,0,0,0
2025-07-15 04:00:00+00:00,0,0.24251494077370836,0.046593116964741554,0,0,0,0
2025-07-16 04:00:00+00:00,0,0.043658649744600105,0.09617209825088247,0,0,0,0
2025-07-17 04:00:00+00:00,0,0.08054150801052624,0.04245520543884118,0,0,0,0
2025-07-18 04:00:00+00:00,0,0.07904205240269623,0.008566903023690786,0,0,0,0
2025-07-21 04:00:00+00:00,0,0.07767043867901087,0.009395567592523468,0,0,0,0
2025-07-22 04:00:00+00:00,0,0.03580106334230782,-0.0059647189641619525,0,0,0,0
2025-07-23 04:00:00+00:00,0,0.0360289655968055,-0.02520805939898696,0,0,0,0
2025-07-24 04:00:00+00:00,0,0.03590220508364488,-0.025257987201383836,0,0,0,0
2025-07-25 04:00:00+00:00,0,0.035889298628911465,0.02424396977175758,0,0,0,0
2025-07-28 04:00:00+00:00,0,0.036363352172975,0.018010617443799948,0,0,0,0
2025-07-29 04:00:00+00:00,0,0.03636475250782578,0.04046583282805205,0,0,0,0
2025-07-30 04:00:00+00:00,0,0.03617809005310323,0.041318846626352324,0,0,0,0
2025-07-31 04:00:00+00:00,0,0.037098850432637186,-0.008787180491821811,0,0,0,0
2025-08-01 04:00:00+00:00,0,0.1563327269479924,0.1531562343206232,1,0,0,1
2025-08-04 04:00:00+00:00,0,0.03586543126065122,0.17914896214261966,1,0,0,1
2025-08-05 04:00:00+00:00,0,0.03557585036679526,0.16584070301506437,1,0,0,1
2025-08-06 04:00:00+00:00,0,0.07845849894800029,0.08323678229182563,0,0,0,0
2025-08-07 04:00:00+00:00,0,0.045631546534778474,0.12086642573775253,0,0,0,0
2025-08-08 04:00:00+00:00,0,0.0358829164064871,0.17314719368735432,1,0,0,1
2025-08-11 04:00:00+00:00,0,0.03629516998256895,0.23988542532267054,1,0,0,1
2025-08-12 04:00:00+00:00,0,0.09117768914464214,0.17570654164813115,1,0,0,1
2025-08-13 04:00:00+00:00,0,0.11283085507363276,0.22528773209482877,1,0,0,1
2025-08-14 04:00:00+00:00,0,0.07985050447378106,0.26807326714536095,1,0,0,1
2025-08-15 04:00:00+00:00,0,0.03603312327357046,0.30331511217179097,1,0,0,1
2025-08-18 04:00:00+00:00,0,0.03551051771648133,0.3361614882623274,1,0,0,1
2025-08-19 04:00:00+00:00,0,0.03532733441210333,0.38486541484571224,1,0,0,1
2025-08-20 04:00:00+00:00,0,0.03530258868570016,0.3597790495634823,1,0,0,1
2025-08-21 04:00:00+00:00,0,0.03560023970372929,0.37869423835653193,1,0,0,1
2025-08-22 04:00:00+00:00,0,0.07980240477152951,0.33601754301479114,1,0,0,1
2025-08-25 04:00:00+00:00,0,0.036084889936774917,0.3114596206850282,1,0,0,1
2025-08-26 04:00:00+00:00,0,0.04670730629558347,0.4207262981949931,1,0,0,1
2025-08-27 04:00:00+00:00,0,0.08134560809400902,0.43557225232416275,1,0,0,1
2025-08-28 04:00:00+00:00,0,0.09572712656683798,0.43773525216083753,1,0,0,1
2025-08-29 04:00:00+00:00,1,0.6181817999315041,0.3325925473813658,1,1,0,0
2025-09-02 04:00:00+00:00,0,0.29284410784966813,0.29000354955438934,1,0,0,1
2025-09-03 04:00:00+00:00,0,0.16386175788506627,0.33953831342794705,1,0,0,1
2025-09-04 04:00:00+00:00,0,0.16690141741964162,0.4462266955851726,1,0,0,1
2025-09-05 04:00:00+00:00,0,0.1389014368475356,0.3868564407721411,1,0,0,1
2025-09-08 04:00:00+00:00,0,0.17220858733264016,0.32592071718903703,1,0,0,1
2025-09-09 04:00:00+00:00,0,0.169806886873822,0.23269880562378153,1,0,0,1
2025-09-10 04:00:00+00:00,0,0.1332118986104002,0.25838952500456935,1,0,0,1
2025-09-11 04:00:00+00:00,0,0.24923376319534812,0.11734424824942113,0,0,0,0
2025-09-12 04:00:00+00:00,0,0.11892658531918926,0.02547399078056589,0,0,0,0
2025-09-15 04:00:00+00:00,0,0.08269033150652443,0.055492309826809194,0,0,0,0
2025-09-16 04:00:00+00:00,0,0.08070460259950234,0.004007113430621656,0,0,0,0
2025-09-17 04:00:00+00:00,0,0.07961739753841625,-0.001564629654575822,0,0,0,0
2025-09-18 04:00:00+00:00,0,0.07845413285072887,0.016063519688468197,0,0,0,0
2025-09-19 04:00:00+00:00,0,0.07827574376029013,0.026042660504543846,0,0,0,0
2025-09-22 04:00:00+00:00,0,0.03815481639812997,0.05613394959332196,0,0,0,0
2025-09-23 04:00:00+00:00,0,0.08490090050949597,0.022013712886818304,0,0,0,0
2025-09-24 04:00:00+00:00,0,0.17235573100733864,-0.05996373659407639,0,0,0,0
2025-09-25 04:00:00+00:00,0,0.08861004662936552,-0.02034539977992278,0,0,0,0
2025-09-26 04:00:00+00:00,0,0.08441887064709379,0.016229382971898243,0,0,0,0
2025-09-29 04:00:00+00:00,0,0.08598265497378572,-0.0025013727821531218,0,0,0,0
2025-09-30 04:00:00+00:00,0,0.08073544889186172,-0.011245983074380184,0,0,0,0
2025-10-01 04:00:00+00:00,0,0.08175136282677528,-0.015373660014008195,0,0,0,0
2025-10-02 04:00:00+00:00,0,0.08179903315319227,-0.08138800021211123,0,0,0,0
2025-10-03 04:00:00+00:00,0,0.08001687645792012,-0.09360211784170624,0,0,0,0
2025-10-06 04:00:00+00:00,0,0.08084380591396371,-0.10431577102851342,0,0,0,0
2025-10-07 04:00:00+00:00,0,0.08390394585088727,-0.09391715991468275,0,0,0,0
2025-10-08 04:00:00+00:00,0,0.08926907569875807,-0.08999551806757944,0,0,0,0
2025-10-09 04:00:00+00:00,0,0.14473026558990829,-0.03494928789386176,0,0,0,0
2025-10-10 04:00:00+00:00,0,0.4040800742639054,0.04609774281037127,0,0,0,0
2025-10-13 04:00:00+00:00,0,0.2847713475067779,-0.005515245982916306,0,0,0,0
2025-10-14 04:00:00+00:00,0,0.09418500935823208,-0.012648885858243197,0,0,0,0
2025-10-15 04:00:00+00:00,0,0.20528838421673107,-0.048218912804635417,0,0,0,0
2025-10-16 04:00:00+00:00,0,0.08150719008842638,-0.03180083661310884,0,0,0,0
2025-10-17 04:00:00+00:00,0,0.20189122951314822,-0.07931756814092783,0,0,0,0
2025-10-20 04:00:00+00:00,0,0.20463936832692,-0.09085141174804479,0,0,0,0
2025-10-21 04:00:00+00:00,0,0.23448744864057905,-0.0416991481646104,0,0,0,0
2025-10-22 04:00:00+00:00,0,0.08104847217025458,-0.04202340042839792,0,0,0,0
2025-10-23 04:00:00+00:00,0,0.2023332411516895,-0.10831876543521102,0,0,0,0
2025-10-24 04:00:00+00:00,0,0.08058730698501486,-0.12461364998712998,0,0,0,0
2025-10-27 04:00:00+00:00,0,0.1229461990735886,-0.10431876031796439,0,0,0,0
2025-10-28 04:00:00+00:00,0,0.08022710378207203,-0.11153240480827997,0,0,0,0
2025-10-29 04:00:00+00:00,0,0.0812302381563026,-0.12429846621912521,0,0,0,0
2025-10-30 04:00:00+00:00,0,0.081134751225848,-0.09561312208540707,0,0,0,0
2025-10-31 04:00:00+00:00,0,0.08092179210240265,-0.03620253731209655,0,0,0,0
2025-11-03 05:00:00+00:00,0,0.08046006677676558,-0.03911978927238624,0,0,0,0
2025-11-04 05:00:00+00:00,0,0.2006696962182505,-0.03785758432849029,0,0,0,0
2025-11-05 05:00:00+00:00,0,0.200491347595471,-0.044776147038358194,0,0,0,0
2025-11-06 05:00:00+00:00,0,0.08077002757930037,-0.0554262469560487,0,0,0,0
2025-11-07 05:00:00+00:00,0,0.08024748713556394,-0.049356688925259795,0,0,0,0
2025-11-10 05:00:00+00:00,0,0.08037469198273474,-0.059858898742035205,0,0,0,0
2025-11-11 05:00:00+00:00,0,0.08065723990511803,-0.012313406032099072,0,0,0,0
2025-11-12 05:00:00+00:00,0,0.08074737823031843,-0.006396110076636985,0,0,0,0
2025-11-13 05:00:00+00:00,0,0.08937829417670022,-0.026026049533406037,0,0,0,0
2025-11-14 05:00:00+00:00,0,0.2995809374347808,-0.024122279845590566,0,0,0,0
2025-11-17 05:00:00+00:00,0,0.10207176803250262,-0.053389214820152686,0,0,0,0
2025-11-18 05:00:00+00:00,0,0.09260913342269175,-0.07907591276160963,0,0,0,0
2025-11-19 05:00:00+00:00,0,0.0924129308409952,-0.07281762294589988,0,0,0,0
2025-11-20 05:00:00+00:00,0,0.09344796707369987,-0.02276882516282641,0,0,0,0
2025-11-21 05:00:00+00:00,0,0.08171692786955499,-0.01288161940928434,0,0,0,0
2025-11-24 05:00:00+00:00,0,0.08560898163383553,-0.05910533349421532,0,0,0,0
2025-11-25 05:00:00+00:00,0,0.20654081327133683,-0.04426467862808314,0,0,0,0
2025-11-26 05:00:00+00:00,0,0.24788710127578167,-0.034010154839911544,0,0,0,0
2025-11-28 05:00:00+00:00,0,0.08088550459764411,-0.056007612127603856,0,0,0,0
2025-12-01 05:00:00+00:00,0,0.13547963057338133,-0.10288563534428374,0,0,0,0
2025-12-02 05:00:00+00:00,0,0.08058246529438255,-0.0902997741627316,0,0,0,0
2025-12-03 05:00:00+00:00,0,0.12232550105461062,-0.014802608241309745,0,0,0,0
2025-12-04 05:00:00+00:00,0,0.08006412188288048,-0.007494968980386485,0,0,0,0
2025-12-05 05:00:00+00:00,0,0.08025786129062372,-0.04686718724399219,0,0,0,0
2025-12-08 05:00:00+00:00,0,0.07991300883072552,-0.07196613249487993,0,0,0,0
2025-12-09 05:00:00+00:00,0,0.08018854070251032,-0.009553766536428254,0,0,0,0
2025-12-10 05:00:00+00:00,0,0.038756475511723364,-0.049489990227150504,0,0,0,0
2025-12-11 05:00:00+00:00,0,0.07984150363259741,0.05997453172826561,0,0,0,0
2025-12-12 05:00:00+00:00,0,0.07999490176918005,0.07277750747747347,0,0,0,0
2025-12-15 05:00:00+00:00,0,0.1281222767268542,0.13198746113629345,0,0,0,0
2025-12-16 05:00:00+00:00,0,0.1275424286210119,0.1449527789057683,0,0,0,0
2025-12-17 05:00:00+00:00,0,0.12748486312896434,0.12448159639988421,0,0,0,0
2025-12-18 05:00:00+00:00,0,0.0802962013958488,0.10229426633318028,0,0,0,0
2025-12-19 05:00:00+00:00,0,0.05053045168823651,0.12604316529173887,0,0,0,0
2025-12-22 05:00:00+00:00,0,0.05030238692142626,0.17368829355984317,1,0,0,1
2025-12-23 05:00:00+00:00,0,0.0801137130326088,0.14547378576691838,0,0,0,0
2025-12-24 05:00:00+00:00,0,0.12192211685414144,0.14200984876247813,0,0,0,0
2025-12-26 05:00:00+00:00,0,0.0905031004881097,0.13452440218454043,0,0,0,0
2025-12-29 05:00:00+00:00,0,0.08050723514877493,0.18297526543088538,1,0,0,1
2025-12-30 05:00:00+00:00,0,0.08109738782972177,,0,0,0,0
2025-12-31 05:00:00+00:00,0,0.09467478704905723,,0,0,0,0
2026-01-02 05:00:00+00:00,0,0.2274188680301766,,0,0,0,0
2026-01-05 05:00:00+00:00,0,0.0856955148820564,,0,0,0,0
2026-01-06 05:00:00+00:00,0,0.08904711705896483,,0,0,0,0
2026-01-07 05:00:00+00:00,0,0.09118647271846432,,0,0,0,0
2026-01-08 05:00:00+00:00,0,0.13722763972027516,,0,0,0,0
2026-01-09 05:00:00+00:00,0,0.10386614172856706,,0,0,0,0
2026-01-12 05:00:00+00:00,0,0.4478896283174529,,0,0,0,0
2026-01-13 05:00:00+00:00,0,0.12695415652266565,,0,0,0,0
2026-01-14 05:00:00+00:00,0,0.19290342955089002,,0,0,0,0
2026-01-15 05:00:00+00:00,0,0.11397402933155203,,0,0,0,0
2026-01-16 05:00:00+00:00,0,0.08363515446871939,,0,0,0,0
2026-01-20 05:00:00+00:00,0,0.08490940792305117,,0,0,0,0
2026-01-21 05:00:00+00:00,0,0.09421771004119912,,0,0,0,0
2026-01-22 05:00:00+00:00,0,0.23890780727034303,,0,0,0,0
2026-01-23 05:00:00+00:00,0,0.08354676079033045,,0,0,0,0
2026-01-26 05:00:00+00:00,0,0.08080656589089252,,0,0,0,0
2026-01-27 05:00:00+00:00,0,0.08039579947422487,,0,0,0,0
2026-01-28 05:00:00+00:00,0,0.08082264890544809,,0,0,0,0
