ticker,sector,entry_date,exit_date,entry_price,exit_price,shares,net_pnl,pnl_pct,holding_days,exit_reason
4190.SR,Retail,2022-06-01 00:00:00+03:00,2022-06-13 00:00:00+03:00,13.276000090162649,12.319400781394114,2548,-2468.804871933219,-0.07205478323831616,11,stop_loss
2010.SR,Materials,2022-06-01 00:00:00+03:00,2022-06-13 00:00:00+03:00,97.43836880718149,94.00789931970797,350,-1233.5670853776285,-0.03520655702131048,11,stop_loss
8010.SR,Insurance,2022-05-31 00:00:00+03:00,2022-06-14 00:00:00+03:00,49.62341201619259,48.63266612837467,581,-603.8789398427947,-0.019965291534057017,13,stop_loss
3020.SR,Materials,2022-05-30 00:00:00+03:00,2022-06-15 00:00:00+03:00,27.454008170386924,27.536379980510265,1157,63.44459267525521,0.0030003564365581603,15,time_exit
7010.SR,Telecom,2022-06-01 00:00:00+03:00,2022-06-15 00:00:00+03:00,33.05874726286106,32.8004990982557,1013,-294.83229633176495,-0.007811795242933628,13,stop_loss
4310.SR,Real Estate,2022-06-15 00:00:00+03:00,2022-06-20 00:00:00+03:00,13.113100381851195,12.687299809455872,1809,-793.2245608184447,-0.03247138815353234,4,stop_loss
7020.SR,Telecom,2022-06-15 00:00:00+03:00,2022-06-23 00:00:00+03:00,30.945629046852776,30.928367831660807,916,-44.14165804964459,-0.000557791705117161,7,stop_loss
4190.SR,Retail,2022-06-15 00:00:00+03:00,2022-06-30 00:00:00+03:00,12.344064796498595,13.461595671831875,2903,3205.113118857184,0.09053183807413823,14,take_profit
1303.SR,Industrial,2022-06-20 00:00:00+03:00,2022-06-30 00:00:00+03:00,0.7949668086574105,0.8554062416628354,34990,2084.8450964640338,0.07602761819389503,9,take_profit
1320.SR,Industrial,2022-06-15 00:00:00+03:00,2022-07-01 00:00:00+03:00,18.732728699466314,18.842943157196046,1801,164.56009774513794,0.0058835239381260784,15,time_exit
4310.SR,Real Estate,2022-06-24 00:00:00+03:00,2022-07-05 00:00:00+03:00,12.59257992362976,12.187799809455871,1582,-659.6432399216511,-0.032144335523678125,10,stop_loss
2010.SR,Materials,2022-06-27 00:00:00+03:00,2022-07-05 00:00:00+03:00,87.02901325283165,85.15209320308999,358,-702.4218271742192,-0.021566601522746587,7,stop_loss
3020.SR,Materials,2022-06-22 00:00:00+03:00,2022-07-14 00:00:00+03:00,24.74985846822402,22.852452231574524,1285,-2467.532415212174,-0.07666331664423642,21,time_exit
1180.SR,Banking,2022-06-27 00:00:00+03:00,2022-07-14 00:00:00+03:00,41.010604644775384,43.357583791620904,546,1257.777373427429,0.05722859165756078,16,time_exit
7010.SR,Telecom,2022-07-01 00:00:00+03:00,2022-07-18 00:00:00+03:00,31.453954832530908,32.480188764095644,773,768.171643184895,0.03262654686918309,16,time_exit
4190.SR,Retail,2022-07-19 00:00:00+03:00,2022-07-28 00:00:00+03:00,11.771821927772386,13.004718036683633,2423,2955.796840089066,0.10473282015951724,8,take_profit
2050.SR,Food,2022-07-19 00:00:00+03:00,2022-08-04 00:00:00+03:00,18.318548400867275,19.12483744207198,1498,1179.1719772364215,0.04401489810003345,15,time_exit
4250.SR,Real Estate,2022-08-12 00:00:00+03:00,2022-08-25 00:00:00+03:00,23.363340152740477,22.937039085388182,1715,-770.4433525406265,-0.01824658052167638,12,stop_loss
1180.SR,Banking,2022-09-01 00:00:00+03:00,2022-09-09 00:00:00+03:00,45.067866733103266,43.3575824005409,820,-1437.9863702695843,-0.03794908560218424,7,stop_loss
1050.SR,Banking,2022-09-01 00:00:00+03:00,2022-09-09 00:00:00+03:00,20.129210188805224,19.578603098284194,1764,-1005.8075635444703,-0.027353636101790424,7,stop_loss
1010.SR,Banking,2022-09-01 00:00:00+03:00,2022-09-14 00:00:00+03:00,30.375594729575553,28.47892816839198,1072,-2063.7559645853057,-0.062440474929594036,12,stop_loss
1050.SR,Banking,2022-09-09 00:00:00+03:00,2022-09-15 00:00:00+03:00,19.617799500883358,19.333612558816835,1626,-493.52442182080193,-0.014486178332780208,5,stop_loss
7020.SR,Telecom,2022-08-31 00:00:00+03:00,2022-09-16 00:00:00+03:00,33.62490252609173,33.24575961044598,1190,-490.7425235548745,-0.011275658430579871,15,time_exit
1304.SR,Industrial,2022-09-01 00:00:00+03:00,2022-09-19 00:00:00+03:00,32.59437719435602,28.297006900651112,1112,-4810.142038273382,-0.13184391492067016,17,stop_loss
1080.SR,Banking,2022-09-01 00:00:00+03:00,2022-09-19 00:00:00+03:00,19.064493111160402,19.660618814917935,1788,1030.7195718773955,0.03126889869463989,17,time_exit
1060.SR,Banking,2022-09-01 00:00:00+03:00,2022-09-19 00:00:00+03:00,33.69594270447111,33.54326570872078,932,-173.5572836798318,-0.00453102016136997,17,time_exit
2082.SR,Utilities,2022-09-08 00:00:00+03:00,2022-09-19 00:00:00+03:00,163.43822780966104,145.67081569294388,162,-2901.919435050438,-0.10871025925103006,10,stop_loss
1180.SR,Banking,2022-09-09 00:00:00+03:00,2022-09-19 00:00:00+03:00,43.44438436730874,41.54292179140524,704,-1367.8758703772141,-0.043767741299479024,9,stop_loss
1050.SR,Banking,2022-09-15 00:00:00+03:00,2022-09-20 00:00:00+03:00,19.372318489865513,17.802437096822807,1205,-1913.1590153181328,-0.08103735202701623,4,stop_loss
1322.SR,Industrial,2022-09-15 00:00:00+03:00,2022-09-21 00:00:00+03:00,55.97132249352987,53.63589771054048,547,-1306.8161923428593,-0.041725381480120505,5,stop_loss
4310.SR,Real Estate,2022-09-16 00:00:00+03:00,2022-09-26 00:00:00+03:00,13.012999999999998,11.868120114326477,2051,-2372.490159870876,-0.08797970380953835,9,stop_loss
2222.SR,Energy,2022-09-16 00:00:00+03:00,2022-09-27 00:00:00+03:00,27.98256827367554,26.05725476901972,1075,-2097.723566381701,-0.0688040313464382,10,stop_loss
4190.SR,Retail,2022-09-16 00:00:00+03:00,2022-09-27 00:00:00+03:00,13.6176020450745,13.261326660037854,2120,-783.4178287969702,-0.026162857737901946,10,stop_loss
1010.SR,Banking,2022-09-16 00:00:00+03:00,2022-09-27 00:00:00+03:00,28.493158808599453,25.874408210838286,894,-2364.2947553389727,-0.0919080476598757,10,stop_loss
1050.SR,Banking,2022-09-20 00:00:00+03:00,2022-09-27 00:00:00+03:00,17.83807761153116,16.414175793371314,1105,-1591.5491733183035,-0.07982372591760589,6,stop_loss
1211.SR,Materials,2022-09-19 00:00:00+03:00,2022-09-30 00:00:00+03:00,41.57486615753174,46.61999745941162,424,2119.3687930742803,0.12135051217635495,10,take_profit
3020.SR,Materials,2022-09-15 00:00:00+03:00,2022-10-03 00:00:00+03:00,25.804016847659934,26.484325328724488,1177,769.5510313010709,0.02636444105120983,17,time_exit
1010.SR,Banking,2022-09-27 00:00:00+03:00,2022-10-04 00:00:00+03:00,25.926208827876998,28.82050824737549,944,2705.012092221053,0.1116360451585352,6,take_profit
1304.SR,Industrial,2022-09-19 00:00:00+03:00,2022-10-05 00:00:00+03:00,28.35365756511688,29.87179832689047,935,1391.5314808226647,0.05354303085191159,15,time_exit
2010.SR,Materials,2022-09-20 00:00:00+03:00,2022-10-06 00:00:00+03:00,79.44919293984307,80.5974328895233,386,412.1100114812134,0.014452506151316769,15,time_exit
1050.SR,Banking,2022-09-27 00:00:00+03:00,2022-10-10 00:00:00+03:00,16.447037006170856,16.659162817529985,1244,243.16051078574986,0.012897509215765712,12,stop_loss
1180.SR,Banking,2022-09-27 00:00:00+03:00,2022-10-12 00:00:00+03:00,39.74284818213086,39.922675620785355,874,122.27676289146564,0.004524774818110533,14,stop_loss
7020.SR,Telecom,2022-09-27 00:00:00+03:00,2022-10-13 00:00:00+03:00,30.007880776103566,31.463148321061777,858,1221.624172314674,0.04849617858109778,15,time_exit
2050.SR,Food,2022-09-28 00:00:00+03:00,2022-10-14 00:00:00+03:00,16.163424738612857,17.032148729423383,1764,1502.3844094310655,0.05374628241595536,15,time_exit
4100.SR,Real Estate,2022-09-30 00:00:00+03:00,2022-10-14 00:00:00+03:00,49.85962993704119,48.73647059619703,605,-708.9969659214167,-0.022526427537917892,13,stop_loss
4300.SR,Real Estate,2022-11-02 00:00:00+03:00,2022-11-11 00:00:00+03:00,12.612600381851195,13.006980457305907,1189,453.45260995191666,0.03126873630454541,8,stop_loss
3020.SR,Materials,2022-11-07 00:00:00+03:00,2022-11-23 00:00:00+03:00,26.124850314341845,24.79189068556148,1483,-2013.5455033679696,-0.051022670474349274,15,time_exit
4280.SR,Holding,2022-11-08 00:00:00+03:00,2022-11-25 00:00:00+03:00,7.268179171330314,7.012760429076638,5119,-1343.3868622330108,-0.03514205363307332,16,time_exit
4310.SR,Real Estate,2022-11-10 00:00:00+03:00,2022-11-28 00:00:00+03:00,11.811800190925597,11.18879980945587,3023,-1917.1538950069676,-0.05274389774628474,17,stop_loss
1304.SR,Industrial,2022-11-21 00:00:00+03:00,2022-11-28 00:00:00+03:00,26.233297595529905,22.63760503283224,1294,-4682.119237043263,-0.13706597691745637,6,stop_loss
1150.SR,Banking,2022-11-22 00:00:00+03:00,2022-11-28 00:00:00+03:00,24.614620679112534,22.884832793991336,1307,-2290.743242315152,-0.07027481380564438,5,stop_loss
1180.SR,Banking,2022-11-17 00:00:00+03:00,2022-11-29 00:00:00+03:00,35.00227987664988,33.7657715653294,681,-865.0566504452345,-0.0353265077497239,11,stop_loss
4250.SR,Real Estate,2022-11-30 00:00:00+03:00,2022-12-06 00:00:00+03:00,18.818799236297604,17.682300762176514,1705,-1967.87822117597,-0.060391657291769096,5,stop_loss
1304.SR,Industrial,2022-11-28 00:00:00+03:00,2022-12-08 00:00:00+03:00,22.6829255634285,22.834454432793862,1037,133.45610828507202,0.006680305366326689,9,stop_loss
1010.SR,Banking,2022-12-01 00:00:00+03:00,2022-12-08 00:00:00+03:00,29.519944173812863,25.746318742918273,1108,-4209.70389859836,-0.1278330815490557,6,stop_loss
3020.SR,Materials,2022-11-25 00:00:00+03:00,2022-12-09 00:00:00+03:00,24.47485937612746,24.014284520197144,1397,-676.9710292093647,-0.01881828405435315,13,stop_loss
2082.SR,Utilities,2022-11-25 00:00:00+03:00,2022-12-12 00:00:00+03:00,140.7991664094922,137.34678337329413,197,-707.1767744555563,-0.02451991104945428,16,time_exit
1150.SR,Banking,2022-12-01 00:00:00+03:00,2022-12-12 00:00:00+03:00,24.72210813137823,21.490288908636426,1010,-3285.842606766946,-0.13072587521934909,10,stop_loss
1320.SR,Industrial,2022-12-05 00:00:00+03:00,2022-12-13 00:00:00+03:00,17.62318856125561,16.33301260314114,1287,-1681.4770453135666,-0.07320899697747707,7,stop_loss
2280.SR,Food,2022-11-29 00:00:00+03:00,2022-12-15 00:00:00+03:00,50.85086711003362,50.18117444930015,696,-501.0321892872063,-0.013169739255072144,15,time_exit
1140.SR,Banking,2022-12-09 00:00:00+03:00,2022-12-16 00:00:00+03:00,29.911346750063753,26.790691188812257,1042,-3279.6389950428015,-0.10433015896366638,6,stop_loss
1010.SR,Banking,2022-12-09 00:00:00+03:00,2022-12-21 00:00:00+03:00,26.525166164838414,26.045197959849073,965,-488.30293384596797,-0.01809482368580162,11,stop_loss
1180.SR,Banking,2022-12-07 00:00:00+03:00,2022-12-23 00:00:00+03:00,31.040978045487392,31.432629208549567,937,337.52476622084686,0.012617230117177636,15,time_exit
1060.SR,Banking,2022-12-07 00:00:00+03:00,2022-12-23 00:00:00+03:00,30.788167661045414,31.836228881237165,700,711.3574939173601,0.034041039133283935,15,time_exit
1050.SR,Banking,2022-12-08 00:00:00+03:00,2022-12-26 00:00:00+03:00,15.15827725124359,15.74045927656446,1533,868.3549207459208,0.03840687273833221,17,time_exit
4300.SR,Real Estate,2022-12-20 00:00:00+03:00,2022-12-27 00:00:00+03:00,11.75173977088928,11.168820304870605,1466,-870.9334277503175,-0.0496028228486346,6,stop_loss
2050.SR,Food,2022-12-12 00:00:00+03:00,2022-12-28 00:00:00+03:00,15.289726290714325,15.724220570945858,2017,844.6592103354043,0.028417400806933113,15,time_exit
1321.SR,Industrial,2022-12-13 00:00:00+03:00,2022-12-29 00:00:00+03:00,35.384851047770184,35.035360974012534,840,-323.0013651745966,-0.009876827608680139,15,stop_loss
7030.SR,Telecom,2022-12-13 00:00:00+03:00,2022-12-29 00:00:00+03:00,9.031233496294979,8.871249365441631,3240,-547.0914319088765,-0.017714538209977593,15,time_exit
7020.SR,Telecom,2022-12-14 00:00:00+03:00,2022-12-29 00:00:00+03:00,28.53428290786294,30.571841931214237,706,1416.9329500825777,0.07140740245446375,14,take_profit
8210.SR,Insurance,2022-12-14 00:00:00+03:00,2022-12-29 00:00:00+03:00,126.3502247067,140.46477411814442,198,2766.8687581906015,0.11170972939865265,14,take_profit
4190.SR,Retail,2022-12-14 00:00:00+03:00,2022-12-30 00:00:00+03:00,12.621951983678144,12.529996585993343,2225,-232.48000225251764,-0.007285354737817995,15,time_exit
4310.SR,Real Estate,2022-12-14 00:00:00+03:00,2022-12-30 00:00:00+03:00,10.850840152740478,10.749240228652955,2411,-270.87383516630064,-0.009363323268739121,15,time_exit
1140.SR,Banking,2022-12-16 00:00:00+03:00,2023-01-02 00:00:00+03:00,26.844326206207274,27.768913433112758,695,623.2887278632977,0.03444255668043894,16,time_exit
1320.SR,Industrial,2022-12-20 00:00:00+03:00,2023-01-05 00:00:00+03:00,16.34721688387596,17.07122693110723,1187,839.1363796962945,0.0442894990856455,15,time_exit
4280.SR,Holding,2022-12-20 00:00:00+03:00,2023-01-05 00:00:00+03:00,6.642382408163784,6.932706446561584,3779,1070.9358434437286,0.04370781755066955,15,time_exit
4300.SR,Real Estate,2022-12-28 00:00:00+03:00,2023-01-13 00:00:00+03:00,11.271260229110716,11.84813965702057,1787,1009.710912107812,0.05118144876292763,15,time_exit
1080.SR,Banking,2023-01-18 00:00:00+03:00,2023-01-27 00:00:00+03:00,18.93739611304711,17.694554004852158,1457,-1836.6019168251162,-0.06562898620147062,8,stop_loss
1060.SR,Banking,2023-01-18 00:00:00+03:00,2023-02-03 00:00:00+03:00,31.472354716766674,30.21454485838397,1187,-1528.8849666471708,-0.03996554657896678,15,time_exit
2082.SR,Utilities,2023-01-30 00:00:00+03:00,2023-02-06 00:00:00+03:00,149.73563382318247,144.67988014634082,246,-1279.3066550190451,-0.03376453251476408,6,stop_loss
1010.SR,Banking,2023-02-06 00:00:00+03:00,2023-02-09 00:00:00+03:00,24.98499638056467,23.013707471600505,1416,-2823.9325048730448,-0.07889890712562164,2,stop_loss
7010.SR,Telecom,2023-02-01 00:00:00+03:00,2023-02-17 00:00:00+03:00,30.16443151318962,29.818233257477857,1174,-441.4433580498879,-0.011477035645786504,15,time_exit
1150.SR,Banking,2023-02-06 00:00:00+03:00,2023-02-21 00:00:00+03:00,21.6407969302155,20.81089528683995,1389,-1181.6397162020592,-0.038348940940193255,14,stop_loss
7020.SR,Telecom,2023-02-15 00:00:00+03:00,2023-02-21 00:00:00+03:00,29.561333306103407,33.424021739738045,874,3346.777095996142,0.13066692201048746,5,take_profit
1304.SR,Industrial,2023-02-06 00:00:00+03:00,2023-02-22 00:00:00+03:00,22.584303939445796,21.69273351707273,1632,-1490.4454704127095,-0.03947743639846468,15,time_exit
1010.SR,Banking,2023-02-09 00:00:00+03:00,2023-02-22 00:00:00+03:00,23.059780960032136,22.800222424168208,1370,-386.8314988546913,-0.011255897717059926,12,stop_loss
1140.SR,Banking,2023-02-09 00:00:00+03:00,2023-02-22 00:00:00+03:00,25.832529270757632,24.86580246113273,1178,-1168.0960970373487,-0.03742284773946758,12,stop_loss
1050.SR,Banking,2023-02-09 00:00:00+03:00,2023-02-24 00:00:00+03:00,15.178733761096954,14.10720863984076,1818,-1973.6795757509908,-0.07059384123348345,14,stop_loss
1211.SR,Materials,2023-02-14 00:00:00+03:00,2023-02-24 00:00:00+03:00,46.713330787658684,43.48979949188232,625,-2041.888184542652,-0.06900666772038433,9,stop_loss
1060.SR,Banking,2023-02-09 00:00:00+03:00,2023-02-27 00:00:00+03:00,28.265247854830267,28.422154482324782,1112,142.87473398955478,0.0055512206473611325,17,stop_loss
1322.SR,Industrial,2023-02-15 00:00:00+03:00,2023-03-03 00:00:00+03:00,49.34223491599158,50.194562962681374,568,455.61181875699856,0.017273803023736933,15,time_exit
4190.SR,Retail,2023-02-15 00:00:00+03:00,2023-03-03 00:00:00+03:00,12.204007432990682,12.429888740147556,2207,471.0872804457141,0.01850878151272317,15,time_exit
7010.SR,Telecom,2023-02-21 00:00:00+03:00,2023-03-09 00:00:00+03:00,29.059364425277703,31.407263657489725,982,2274.7951131205505,0.08079664778110796,15,time_exit
2050.SR,Food,2023-02-22 00:00:00+03:00,2023-03-10 00:00:00+03:00,16.163424733442266,16.30552035140991,1833,230.57324893055798,0.008791182581105339,15,time_exit
1080.SR,Banking,2023-02-22 00:00:00+03:00,2023-03-10 00:00:00+03:00,15.582046085435268,16.77494486618042,1543,1814.7590787612526,0.07655597822035509,15,time_exit
4280.SR,Holding,2023-02-24 00:00:00+03:00,2023-03-13 00:00:00+03:00,6.7390903019903226,7.067758083343506,4629,1488.6865077160885,0.0487703483148334,16,time_exit
1050.SR,Banking,2023-02-24 00:00:00+03:00,2023-03-13 00:00:00+03:00,14.13545129978038,14.413442879676818,2001,527.4198521705401,0.019666268448093938,16,time_exit
1211.SR,Materials,2023-02-28 00:00:00+03:00,2023-03-16 00:00:00+03:00,41.841799236297604,40.359601524353025,718,-1093.1961510706933,-0.035423852200380024,15,stop_loss
2082.SR,Utilities,2023-02-28 00:00:00+03:00,2023-03-16 00:00:00+03:00,131.06833063409357,131.79741337236467,220,131.4027714777224,0.005562615581841124,15,stop_loss
1140.SR,Banking,2023-02-28 00:00:00+03:00,2023-03-16 00:00:00+03:00,23.239788748844553,23.035576032371686,1193,-271.1072129587496,-0.008787201926825583,15,stop_loss
4300.SR,Real Estate,2023-05-10 00:00:00+03:00,2023-05-26 00:00:00+03:00,14.914899618148802,15.504480457305908,2293,1316.3570904986423,0.0395296551939035,15,time_exit
4280.SR,Holding,2023-05-12 00:00:00+03:00,2023-05-29 00:00:00+03:00,7.433749500727227,7.264223477290018,4952,-875.4653027206032,-0.022804914723132064,16,time_exit
7030.SR,Telecom,2023-05-15 00:00:00+03:00,2023-05-31 00:00:00+03:00,12.337945662130194,12.153612514614542,1411,-277.2428184027058,-0.014940343600429284,15,time_exit
1211.SR,Materials,2023-05-26 00:00:00+03:00,2023-06-02 00:00:00+03:00,42.776066921234126,41.491799491882325,810,-1073.8649753633829,-0.030023036753626497,6,stop_loss
7020.SR,Telecom,2023-06-01 00:00:00+03:00,2023-06-08 00:00:00+03:00,38.670873497178775,39.654124563724864,709,669.0102318654959,0.0254261405969487,6,take_profit
2280.SR,Food,2023-06-01 00:00:00+03:00,2023-06-09 00:00:00+03:00,52.99794847265275,55.87867581412161,643,1816.3776920159937,0.05435545005964393,7,stop_loss
1211.SR,Materials,2023-06-02 00:00:00+03:00,2023-06-09 00:00:00+03:00,41.57486615753174,43.956,738,1724.83724774158,0.05727339766881956,6,take_profit
1140.SR,Banking,2023-05-25 00:00:00+03:00,2023-06-12 00:00:00+03:00,24.708456103040067,24.850738067972465,1402,164.6385800639241,0.00575843202582349,17,time_exit
2082.SR,Utilities,2023-05-26 00:00:00+03:00,2023-06-12 00:00:00+03:00,152.51587738300023,153.4002853916634,218,159.3596836731889,0.005798793042656403,16,time_exit
4310.SR,Real Estate,2023-06-01 00:00:00+03:00,2023-06-19 00:00:00+03:00,14.994979541778562,14.925059580802918,2108,-178.85330333299106,-0.004662891388470092,17,time_exit
1080.SR,Banking,2023-06-01 00:00:00+03:00,2023-06-19 00:00:00+03:00,16.64235348526511,17.42009489250183,1490,1132.8787553928819,0.046732657609112715,17,time_exit
2010.SR,Materials,2023-06-09 00:00:00+03:00,2023-07-03 00:00:00+03:00,79.27065290002103,79.46863144683837,420,49.77416445561024,0.0024975011504830835,23,time_exit
4280.SR,Holding,2023-06-12 00:00:00+03:00,2023-07-03 00:00:00+03:00,7.1149946780204765,7.1189391889572144,4881,-15.494384299082103,0.0005543940811261194,20,time_exit
4250.SR,Real Estate,2023-07-10 00:00:00+03:00,2023-07-17 00:00:00+03:00,25.1751496181488,27.372599618911742,1131,2454.3575406938976,0.0872864723385316,6,take_profit
1211.SR,Materials,2023-07-06 00:00:00+03:00,2023-07-24 00:00:00+03:00,44.54449999999999,43.30664847564697,336,-430.4691460704317,-0.027789099088619706,17,time_exit
4190.SR,Retail,2023-07-06 00:00:00+03:00,2023-07-24 00:00:00+03:00,14.050659564349957,13.679733592836607,2687,-1033.435529620322,-0.026399185733207986,17,time_exit
2222.SR,Energy,2023-07-12 00:00:00+03:00,2023-07-28 00:00:00+03:00,27.869652036666867,27.90034588050842,1259,3.517013932956722,0.0011013357397204881,15,time_exit
2010.SR,Materials,2023-07-19 00:00:00+03:00,2023-08-04 00:00:00+03:00,76.86039484640584,76.1722921804989,454,-346.9808309716969,-0.008952629859396488,15,time_exit
7010.SR,Telecom,2023-08-01 00:00:00+03:00,2023-08-08 00:00:00+03:00,35.72686437829905,33.77075546868732,994,-1977.9403870899334,-0.05475176575529239,6,stop_loss
1010.SR,Banking,2023-08-04 00:00:00+03:00,2023-08-08 00:00:00+03:00,28.54332235545497,26.883939723645646,1169,-1971.2456221220393,-0.05813558110526662,3,stop_loss
8210.SR,Insurance,2023-07-28 00:00:00+03:00,2023-08-14 00:00:00+03:00,167.61217419565043,178.81366769977325,220,2424.989564013071,0.06682983236675599,16,time_exit
8010.SR,Insurance,2023-08-03 00:00:00+03:00,2023-08-15 00:00:00+03:00,106.60387447864683,116.03306743412107,170,1583.2371809668196,0.08845075286042192,11,take_profit
1050.SR,Banking,2023-08-04 00:00:00+03:00,2023-08-16 00:00:00+03:00,16.507892284824454,16.08927910891207,1283,-557.7232497923228,-0.0253583660887593,11,stop_loss
4250.SR,Real Estate,2023-08-10 00:00:00+03:00,2023-08-16 00:00:00+03:00,24.964940534591673,24.175800762176515,1128,-917.4199665440334,-0.03160991997243967,5,stop_loss
1060.SR,Banking,2023-08-04 00:00:00+03:00,2023-08-17 00:00:00+03:00,30.613855428414013,31.15802004058838,689,353.4615419801732,0.017775108837461362,12,stop_loss
1304.SR,Industrial,2023-08-10 00:00:00+03:00,2023-08-17 00:00:00+03:00,23.66914103206943,23.247837995715102,1211,-538.3511088379016,-0.01779967577967878,6,stop_loss
1321.SR,Industrial,2023-08-02 00:00:00+03:00,2023-08-18 00:00:00+03:00,58.22456670688702,58.67423049478556,585,228.7288910811986,0.007722922012665778,15,time_exit
1303.SR,Industrial,2023-08-08 00:00:00+03:00,2023-08-18 00:00:00+03:00,1.684787738919258,1.6385968558280155,18887,-903.3553877603214,-0.027416440673335263,9,stop_loss
7020.SR,Telecom,2023-08-04 00:00:00+03:00,2023-08-21 00:00:00+03:00,40.9723210744051,41.39414304229664,691,262.87562697082643,0.010295290987433203,16,time_exit
1211.SR,Materials,2023-08-09 00:00:00+03:00,2023-08-25 00:00:00+03:00,40.94090152740478,40.4595,746,-389.3083264439694,-0.011758449605281607,15,time_exit
2050.SR,Food,2023-08-18 00:00:00+03:00,2023-08-25 00:00:00+03:00,23.018034025192257,22.34524903678894,790,-549.1528875776847,-0.029228603436200706,6,stop_loss
7030.SR,Telecom,2023-08-15 00:00:00+03:00,2023-08-31 00:00:00+03:00,11.849687466621397,12.451337819915903,2481,1461.8027573924578,0.05077352081978992,15,time_exit
4190.SR,Retail,2023-08-16 00:00:00+03:00,2023-09-01 00:00:00+03:00,13.21665655892934,12.809430974006652,2281,-958.0998712603615,-0.030811543230088834,15,time_exit
4250.SR,Real Estate,2023-08-16 00:00:00+03:00,2023-09-01 00:00:00+03:00,24.224200763702388,23.83614060974121,1106,-455.55730179543605,-0.016019523523048362,15,time_exit
3020.SR,Materials,2023-08-17 00:00:00+03:00,2023-09-04 00:00:00+03:00,31.721626329810103,31.752748270035422,941,-0.5935903700784699,0.0009810953543725187,17,time_exit
1180.SR,Banking,2023-08-18 00:00:00+03:00,2023-09-04 00:00:00+03:00,31.851082857833223,32.23642249474699,958,338.27287941342047,0.012098164405703882,16,time_exit
1050.SR,Banking,2023-08-18 00:00:00+03:00,2023-09-04 00:00:00+03:00,16.422023136462524,16.49633190838742,1395,80.64835382302675,0.004524946244893746,16,time_exit
4280.SR,Holding,2023-08-21 00:00:00+03:00,2023-09-06 00:00:00+03:00,6.885321192671802,6.642510720103156,4290,-1070.1532983087336,-0.03526494491311083,15,stop_loss
1140.SR,Banking,2023-08-23 00:00:00+03:00,2023-09-08 00:00:00+03:00,26.180720664512442,26.256178705215454,979,48.168622895842695,0.002882198762591548,15,stop_loss
1304.SR,Industrial,2023-09-01 00:00:00+03:00,2023-09-12 00:00:00+03:00,23.570518927704317,26.623792370437847,1387,4197.96306505361,0.12953781170870937,10,take_profit
7010.SR,Telecom,2023-09-01 00:00:00+03:00,2023-09-15 00:00:00+03:00,33.75397541728866,32.33908087921142,892,-1290.9323881091498,-0.04191786361711136,13,stop_loss
4190.SR,Retail,2023-09-01 00:00:00+03:00,2023-09-18 00:00:00+03:00,12.83507548046112,12.463227618127075,2445,-939.6406149330604,-0.02897122521017581,16,time_exit
4300.SR,Real Estate,2023-09-14 00:00:00+03:00,2023-09-19 00:00:00+03:00,17.437420076370238,16.50348045730591,1762,-1674.6807413571212,-0.05355950679481125,4,stop_loss
4280.SR,Holding,2023-09-06 00:00:00+03:00,2023-09-22 00:00:00+03:00,6.655809039863122,6.550890461331801,5020,-559.5767343431177,-0.015763459844316485,15,time_exit
7020.SR,Telecom,2023-09-07 00:00:00+03:00,2023-09-26 00:00:00+03:00,39.32057813853102,39.10465000446858,815,-207.85171901452844,-0.00549147912580783,18,time_exit
3020.SR,Materials,2023-09-08 00:00:00+03:00,2023-09-26 00:00:00+03:00,30.680021472930903,30.949479654245533,1037,247.33352362181793,0.008782855043057092,17,time_exit
1010.SR,Banking,2023-09-15 00:00:00+03:00,2023-09-27 00:00:00+03:00,25.77818621063232,24.391386821155084,1096,-1546.6650908230367,-0.05379739979165965,11,stop_loss
1080.SR,Banking,2023-09-12 00:00:00+03:00,2023-09-28 00:00:00+03:00,16.160736792209015,15.982306139798482,1981,-385.1320708882071,-0.011040997369411665,15,time_exit
1050.SR,Banking,2023-09-15 00:00:00+03:00,2023-10-02 00:00:00+03:00,15.799490371704099,15.66080344472147,1940,-299.4345970290603,-0.00877793673845384,16,time_exit
1180.SR,Banking,2023-09-15 00:00:00+03:00,2023-10-02 00:00:00+03:00,30.636419794082638,29.72215335719715,960,-906.2290466329771,-0.02984246994363471,16,time_exit
4300.SR,Real Estate,2023-09-20 00:00:00+03:00,2023-10-04 00:00:00+03:00,16.33631969451904,14.745240228652953,1806,-2900.1194192071016,-0.09739522093216058,13,stop_loss
4100.SR,Real Estate,2023-09-21 00:00:00+03:00,2023-10-05 00:00:00+03:00,52.41234758088586,50.1514346352481,518,-1197.131348981416,-0.043137028772629926,13,stop_loss
1060.SR,Banking,2023-09-21 00:00:00+03:00,2023-10-06 00:00:00+03:00,30.773111531396136,29.37245527668981,920,-1315.6264131843755,-0.0455155876349167,14,stop_loss
1010.SR,Banking,2023-09-28 00:00:00+03:00,2023-10-06 00:00:00+03:00,24.79700996450031,23.14511136817932,1258,-2107.2049842729753,-0.06661684609095486,7,stop_loss
1150.SR,Banking,2023-09-22 00:00:00+03:00,2023-10-09 00:00:00+03:00,24.417682485491024,23.88890311132975,1122,-620.093807099862,-0.021655592191252127,16,stop_loss
4250.SR,Real Estate,2023-10-06 00:00:00+03:00,2023-10-12 00:00:00+03:00,22.042020458221433,20.69927931404114,1620,-2208.773486060824,-0.060917334993193295,5,stop_loss
4300.SR,Real Estate,2023-10-05 00:00:00+03:00,2023-10-16 00:00:00+03:00,15.2151998090744,13.566419923782348,1545,-2568.3250415584644,-0.10836399823738851,10,stop_loss
1050.SR,Banking,2023-10-06 00:00:00+03:00,2023-10-23 00:00:00+03:00,14.854955066894897,14.739580317828825,2308,-300.303872218044,-0.007766751804129779,16,stop_loss
1080.SR,Banking,2023-10-06 00:00:00+03:00,2023-10-23 00:00:00+03:00,15.228897666878103,15.450892312583878,2161,446.3410510826872,0.014577197283858645,16,time_exit
1010.SR,Banking,2023-10-11 00:00:00+03:00,2023-10-23 00:00:00+03:00,23.726635343166855,22.87805393569937,1152,-1003.9212995364683,-0.035764928115350036,11,stop_loss
2010.SR,Materials,2023-10-10 00:00:00+03:00,2023-10-24 00:00:00+03:00,73.71259772487277,69.20050259302901,443,-2029.5139660554933,-0.061211994572282435,13,stop_loss
7010.SR,Telecom,2023-10-10 00:00:00+03:00,2023-10-24 00:00:00+03:00,30.505160304426187,30.065237535458373,1028,-483.1476706853649,-0.014421257406209476,13,stop_loss
2280.SR,Food,2023-10-12 00:00:00+03:00,2023-10-24 00:00:00+03:00,57.92125539976974,51.254236272448615,468,-3144.1519341617927,-0.11510487956978277,11,stop_loss
1304.SR,Industrial,2023-10-17 00:00:00+03:00,2023-10-24 00:00:00+03:00,21.499467963994004,20.649433534879897,1269,-1104.8978217015642,-0.03953746346363973,6,stop_loss
3020.SR,Materials,2023-10-18 00:00:00+03:00,2023-10-24 00:00:00+03:00,29.354340619075277,27.074889334429642,988,-2278.847859892304,-0.07765295477849643,5,stop_loss
1140.SR,Banking,2023-10-23 00:00:00+03:00,2023-10-27 00:00:00+03:00,23.428221182356417,23.44529585454246,1018,-6.485294894530785,0.0007288078788885155,3,stop_loss
1180.SR,Banking,2023-10-23 00:00:00+03:00,2023-11-02 00:00:00+03:00,28.2071010475951,31.428261208534238,1086,3464.0488431074364,0.11419678170769587,9,take_profit
1150.SR,Banking,2023-10-24 00:00:00+03:00,2023-11-02 00:00:00+03:00,22.64184965488346,25.513497780505098,1430,4069.9725178128224,0.1268292197586549,8,take_profit
1304.SR,Industrial,2023-10-24 00:00:00+03:00,2023-11-06 00:00:00+03:00,20.69077374215693,22.342333445802574,1459,2377.028143121566,0.07982107021356244,12,take_profit
2010.SR,Materials,2023-10-24 00:00:00+03:00,2023-11-09 00:00:00+03:00,69.33904213775979,70.74638250732421,486,649.5846777097502,0.020296507222704152,15,time_exit
4250.SR,Real Estate,2023-10-25 00:00:00+03:00,2023-11-09 00:00:00+03:00,20.440420076370238,19.99998045730591,1328,-611.4637881647302,-0.021547483731681694,14,stop_loss
4310.SR,Real Estate,2023-10-26 00:00:00+03:00,2023-11-13 00:00:00+03:00,12.952939579963683,12.20778026676178,2316,-1754.0621884734269,-0.05752820111618184,17,time_exit
1211.SR,Materials,2023-11-01 00:00:00+03:00,2023-11-16 00:00:00+03:00,36.035999999999994,39.760199237823485,645,2376.4631798877554,0.10334663219623419,14,take_profit
4250.SR,Real Estate,2023-11-09 00:00:00+03:00,2023-11-20 00:00:00+03:00,20.040020458221434,21.878099618911744,1405,2551.762490805314,0.09172042336594699,10,take_profit
7020.SR,Telecom,2023-12-01 00:00:00+03:00,2023-12-18 00:00:00+03:00,42.02759503947107,43.317326635089444,893,1113.0479422020699,0.030687732533995593,16,time_exit
4300.SR,Real Estate,2023-12-21 00:00:00+03:00,2023-12-28 00:00:00+03:00,14.214199809074401,13.626360342979432,2651,-1594.4859058870027,-0.04135579026542813,6,stop_loss
4310.SR,Real Estate,2023-12-22 00:00:00+03:00,2024-01-08 00:00:00+03:00,13.813800190925596,14.465519542694091,2619,1668.967786599373,0.04717886047002584,16,time_exit
4300.SR,Real Estate,2023-12-28 00:00:00+03:00,2024-01-15 00:00:00+03:00,13.653640343666074,13.666320304870606,2649,-2.6128652567985355,0.0009286872134737223,17,stop_loss
3020.SR,Materials,2024-01-05 00:00:00+03:00,2024-01-15 00:00:00+03:00,30.301254755840176,29.43744440460205,1146,-1023.661973806566,-0.028507411927277904,9,stop_loss
2082.SR,Utilities,2024-01-05 00:00:00+03:00,2024-01-22 00:00:00+03:00,244.67718011907135,246.97677502441405,114,233.99846685628472,0.009398485401146184,16,time_exit
1080.SR,Banking,2024-01-16 00:00:00+03:00,2024-02-01 00:00:00+03:00,16.333793888596333,16.5402954147477,2236,424.75331192708114,0.012642594094170567,15,stop_loss
2010.SR,Materials,2024-01-18 00:00:00+03:00,2024-02-05 00:00:00+03:00,71.16135714926611,71.56477571478214,492,163.27206458221605,0.0056690678997286525,17,time_exit
3020.SR,Materials,2024-01-26 00:00:00+03:00,2024-02-12 00:00:00+03:00,29.354339871290513,30.902227727748322,1185,1797.6279700451219,0.0527311417407037,16,time_exit
1320.SR,Industrial,2024-02-01 00:00:00+03:00,2024-02-12 00:00:00+03:00,31.436957597748755,34.23472682310578,667,1843.2775105221247,0.08899618280992239,10,take_profit
8210.SR,Insurance,2024-02-06 00:00:00+03:00,2024-02-15 00:00:00+03:00,201.32727910331135,217.4604831473288,164,2610.1819439826995,0.08013421785598496,8,take_profit
4280.SR,Holding,2024-02-01 00:00:00+03:00,2024-02-19 00:00:00+03:00,6.5541823341884236,6.550431735012094,5192,-53.48295249168369,-0.000572245168823704,17,time_exit
1180.SR,Banking,2024-02-07 00:00:00+03:00,2024-02-26 00:00:00+03:00,35.7199994289643,37.75881440071331,917,1834.96849628839,0.057077687691556855,18,time_exit
1050.SR,Banking,2024-02-20 00:00:00+03:00,2024-03-07 00:00:00+03:00,16.529357626265742,16.132127099990846,1702,-703.5432360440576,-0.024031818734666532,15,time_exit
1180.SR,Banking,2024-03-14 00:00:00+03:00,2024-04-01 00:00:00+03:00,35.85495637265741,36.00780850620281,1058,123.62129589146483,0.004263068457167618,17,time_exit
7010.SR,Telecom,2024-03-22 00:00:00+03:00,2024-04-15 00:00:00+03:00,34.30897868347168,34.11155080051101,1062,-245.89487865437155,-0.005754408628193208,23,time_exit
4190.SR,Retail,2024-03-25 00:00:00+03:00,2024-04-16 00:00:00+03:00,13.111338678519195,13.335404235574009,2668,562.2280477217329,0.01708944925829048,21,time_exit
3020.SR,Materials,2024-03-27 00:00:00+03:00,2024-04-16 00:00:00+03:00,33.26768644092779,33.395658865132006,1009,95.42795622713615,0.003846748538749445,19,time_exit
2222.SR,Energy,2024-04-04 00:00:00+03:00,2024-04-22 00:00:00+03:00,27.626038005857424,27.120336984463258,1222,-651.1076999386856,-0.018305231509742503,17,time_exit
4300.SR,Real Estate,2024-04-16 00:00:00+03:00,2024-05-02 00:00:00+03:00,13.893880114555357,13.146839847564697,2155,-1638.2032152363722,-0.05376757686343159,15,time_exit
7010.SR,Telecom,2024-04-17 00:00:00+03:00,2024-05-03 00:00:00+03:00,33.23279427342785,33.083922272831444,1065,-193.78305785573735,-0.004479671476660618,15,time_exit
1321.SR,Industrial,2024-04-19 00:00:00+03:00,2024-05-06 00:00:00+03:00,130.43816896968264,138.29006223175386,118,910.205177581058,0.0601962855205076,16,time_exit
4190.SR,Retail,2024-04-24 00:00:00+03:00,2024-05-10 00:00:00+03:00,12.448607457033807,12.030466007036013,2788,-1199.3193018214663,-0.03358941563873741,15,time_exit
1050.SR,Banking,2024-04-26 00:00:00+03:00,2024-05-13 00:00:00+03:00,15.498955342292785,15.639379031181335,2150,268.2862661933425,0.00906020346451153,16,time_exit
1140.SR,Banking,2024-04-30 00:00:00+03:00,2024-05-13 00:00:00+03:00,28.849291067427764,28.18593350382523,1108,-766.230194793847,-0.022993894791109692,12,stop_loss
4300.SR,Real Estate,2024-05-06 00:00:00+03:00,2024-05-22 00:00:00+03:00,13.113100381851195,12.70728026676178,2585,-1081.8933169957186,-0.030947686151406195,15,time_exit
2050.SR,Food,2024-05-15 00:00:00+03:00,2024-05-27 00:00:00+03:00,28.70188526344299,27.610328189849852,1099,-1229.9649745595023,-0.03803084931788192,11,stop_loss
1180.SR,Banking,2024-05-21 00:00:00+03:00,2024-05-27 00:00:00+03:00,31.487162775358694,30.596085896821158,1029,-948.4014804029536,-0.028299687872636037,5,stop_loss
1010.SR,Banking,2024-05-21 00:00:00+03:00,2024-05-28 00:00:00+03:00,23.49315618080828,22.351451537045584,1436,-1671.5845528504306,-0.04859732915304771,6,stop_loss
7030.SR,Telecom,2024-05-13 00:00:00+03:00,2024-05-29 00:00:00+03:00,10.983537745429034,10.53857662590076,3321,-1512.7144909280162,-0.040511639313430825,15,stop_loss
4100.SR,Real Estate,2024-05-22 00:00:00+03:00,2024-06-04 00:00:00+03:00,73.61733820609632,78.05286320352283,203,884.5668432472669,0.060251091733430906,12,take_profit
4310.SR,Real Estate,2024-05-21 00:00:00+03:00,2024-06-06 00:00:00+03:00,14.274260229110716,14.365620114326477,1532,117.95521413539751,0.006400323641952532,15,time_exit
1304.SR,Industrial,2024-05-23 00:00:00+03:00,2024-06-06 00:00:00+03:00,34.22163345242109,32.775316031077935,508,-751.3791105861092,-0.04226324916237534,13,stop_loss
3020.SR,Materials,2024-05-23 00:00:00+03:00,2024-06-07 00:00:00+03:00,32.53706385164006,30.090122337040434,929,-2301.162390714166,-0.07520474268228383,14,stop_loss
2010.SR,Materials,2024-05-24 00:00:00+03:00,2024-06-07 00:00:00+03:00,71.9628043597906,69.40650265042238,273,-716.8183418810876,-0.03552254157005241,13,stop_loss
1180.SR,Banking,2024-05-27 00:00:00+03:00,2024-06-10 00:00:00+03:00,30.657339322040013,33.63268590535572,935,2750.5024940786802,0.09705168971322586,13,take_profit
2280.SR,Food,2024-05-30 00:00:00+03:00,2024-06-11 00:00:00+03:00,51.386387542724606,55.598220902481394,537,2231.898269564763,0.08196399009864064,11,take_profit
1303.SR,Industrial,2024-06-05 00:00:00+03:00,2024-06-12 00:00:00+03:00,5.079854536375043,5.696297830332881,3443,2102.801907667,0.12135057993170983,6,take_profit
1010.SR,Banking,2024-05-28 00:00:00+03:00,2024-06-13 00:00:00+03:00,22.396199187770396,22.661636422716853,1332,323.3770972336223,0.011851887577933429,15,stop_loss
1060.SR,Banking,2024-05-28 00:00:00+03:00,2024-06-13 00:00:00+03:00,34.80037155282934,35.966320537125156,852,962.7452295224051,0.03350392344305364,15,time_exit
1080.SR,Banking,2024-05-28 00:00:00+03:00,2024-06-13 00:00:00+03:00,18.36806956969148,18.29496130021477,1550,-141.6750077042372,-0.003980182522683062,15,stop_loss
1140.SR,Banking,2024-05-28 00:00:00+03:00,2024-06-13 00:00:00+03:00,26.62389034336295,27.136031557290675,1026,497.6153171120639,0.019236152467680068,15,time_exit
1211.SR,Materials,2024-05-30 00:00:00+03:00,2024-06-24 00:00:00+03:00,46.796749999999996,44.855101524353024,441,-876.0480775325541,-0.04149109661775596,24,time_exit
7010.SR,Telecom,2024-05-30 00:00:00+03:00,2024-06-24 00:00:00+03:00,32.52006310653686,33.480462548049985,790,732.2659933824095,0.02953252084311231,24,time_exit
4300.SR,Real Estate,2024-06-06 00:00:00+03:00,2024-06-24 00:00:00+03:00,12.011999999999999,12.007980457305909,2177,-34.89191790058912,-0.0003346272639103143,17,time_exit
2010.SR,Materials,2024-06-07 00:00:00+03:00,2024-06-24 00:00:00+03:00,69.54545460768048,69.77764485583735,388,63.01609008080008,0.0033386833038435704,16,time_exit
2082.SR,Utilities,2024-06-12 00:00:00+03:00,2024-06-27 00:00:00+03:00,360.35999999999996,349.8498121948242,41,-445.2615423121934,-0.029165800325163027,14,stop_loss
2222.SR,Energy,2024-06-12 00:00:00+03:00,2024-06-28 00:00:00+03:00,25.969172904968257,25.367802909851076,1122,-703.1998093863307,-0.023157071552407094,15,time_exit
4310.SR,Real Estate,2024-06-14 00:00:00+03:00,2024-07-01 00:00:00+03:00,13.7136998090744,14.125860342979431,2144,853.3863401170374,0.03005465626659709,16,time_exit
1320.SR,Industrial,2024-06-25 00:00:00+03:00,2024-07-02 00:00:00+03:00,61.62314628073288,68.68591158709732,517,3615.939047099886,0.11461221525738119,6,take_profit
4280.SR,Holding,2024-07-12 00:00:00+03:00,2024-07-24 00:00:00+03:00,6.4974359128816195,7.513283274469576,5835,5883.629346959198,0.15634588400848526,11,take_profit
1321.SR,Industrial,2024-07-23 00:00:00+03:00,2024-08-02 00:00:00+03:00,148.2080054151993,133.00750642582187,200,-3066.701299160649,-0.10256192940991127,9,stop_loss
1321.SR,Industrial,2024-08-02 00:00:00+03:00,2024-08-08 00:00:00+03:00,133.27378771996766,134.39781432429723,285,282.04420515150326,0.008433966075094723,5,stop_loss
4250.SR,Real Estate,2024-08-06 00:00:00+03:00,2024-08-16 00:00:00+03:00,23.22320076370239,25.824150381088256,723,1861.8157126444537,0.11199789571862628,9,take_profit
1304.SR,Industrial,2024-08-06 00:00:00+03:00,2024-08-19 00:00:00+03:00,30.621950234461455,33.66113591621465,775,2329.281523023658,0.09924859972938438,12,take_profit
7010.SR,Telecom,2024-08-05 00:00:00+03:00,2024-08-21 00:00:00+03:00,33.39821881215569,35.313361103807914,1093,2054.6530210894184,0.05734264759518215,15,time_exit
3020.SR,Materials,2024-08-06 00:00:00+03:00,2024-08-21 00:00:00+03:00,29.419740318692398,29.263737901213744,1064,-197.12318932417864,-0.005302644271796497,14,stop_loss
2050.SR,Food,2024-08-06 00:00:00+03:00,2024-08-22 00:00:00+03:00,26.75493102264404,27.014873977661132,1156,269.2648616815818,0.009715702679146787,15,time_exit
2222.SR,Energy,2024-08-06 00:00:00+03:00,2024-08-22 00:00:00+03:00,24.86800606063195,25.85505418722355,1359,1306.2613853975513,0.03969148649011234,15,time_exit
1010.SR,Banking,2024-08-06 00:00:00+03:00,2024-08-22 00:00:00+03:00,22.816698738622172,24.43338944696986,1041,1657.5398689756462,0.0708555925144021,15,time_exit
1150.SR,Banking,2024-08-06 00:00:00+03:00,2024-08-22 00:00:00+03:00,29.476646316558345,31.11880560649081,994,1601.3742414200185,0.055710519856866814,15,time_exit
1180.SR,Banking,2024-08-06 00:00:00+03:00,2024-08-22 00:00:00+03:00,32.27087994070619,34.790759242443826,726,1804.1742818515115,0.07808523679452217,15,time_exit
8210.SR,Insurance,2024-08-06 00:00:00+03:00,2024-08-22 00:00:00+03:00,215.2740176583615,228.51578895961484,123,1600.6304280121296,0.061511237841382016,15,time_exit
1080.SR,Banking,2024-08-07 00:00:00+03:00,2024-08-23 00:00:00+03:00,18.149182138998327,19.04996601745142,1402,1236.1909452347709,0.04963220224218934,15,time_exit
2280.SR,Food,2024-08-09 00:00:00+03:00,2024-08-26 00:00:00+03:00,56.397299849776665,55.50016298599792,460,-438.2130323117831,-0.015907443550815636,16,time_exit
7030.SR,Telecom,2024-08-13 00:00:00+03:00,2024-08-29 00:00:00+03:00,10.067749635900896,10.79688410080798,2476,1778.6038500763386,0.07242278476086073,15,time_exit
1321.SR,Industrial,2024-08-14 00:00:00+03:00,2024-08-30 00:00:00+03:00,135.621969956269,140.30750416656542,155,704.5101394501281,0.034548489539027116,15,time_exit
1060.SR,Banking,2024-09-06 00:00:00+03:00,2024-09-12 00:00:00+03:00,32.88151368382433,31.49942019495461,1041,-1471.5502183363274,-0.042032538470077374,5,stop_loss
2280.SR,Food,2024-08-30 00:00:00+03:00,2024-09-16 00:00:00+03:00,53.64620980741169,54.22542277483503,721,378.5160196915757,0.010796903816741255,16,time_exit
1080.SR,Banking,2024-09-05 00:00:00+03:00,2024-09-16 00:00:00+03:00,18.089418599405903,17.357471897601805,2055,-1539.8200769569935,-0.04046269910676603,10,stop_loss
7020.SR,Telecom,2024-09-05 00:00:00+03:00,2024-09-23 00:00:00+03:00,46.407684949242274,49.90871063090285,769,2653.908950721821,0.07544064491667224,17,time_exit
1211.SR,Materials,2024-09-17 00:00:00+03:00,2024-09-25 00:00:00+03:00,40.03999999999999,43.956,895,3465.4793800000098,0.09780219780219812,7,take_profit
8210.SR,Insurance,2024-09-12 00:00:00+03:00,2024-09-30 00:00:00+03:00,212.92558895907104,214.84389763237644,157,267.4439697806654,0.009009291380540185,17,time_exit
8010.SR,Insurance,2024-09-20 00:00:00+03:00,2024-10-04 00:00:00+03:00,142.32280992842848,142.03845235286008,232,-98.923878477734,-0.001997976120000744,13,stop_loss
1050.SR,Banking,2024-09-20 00:00:00+03:00,2024-10-07 00:00:00+03:00,15.144770928316145,14.501760739092195,2272,-1493.8671503160333,-0.042457571148977635,16,time_exit
1150.SR,Banking,2024-10-04 00:00:00+03:00,2024-10-21 00:00:00+03:00,26.442332155430304,26.815138326277054,1417,490.2692930815112,0.014098838508470601,16,time_exit
3020.SR,Materials,2024-10-11 00:00:00+03:00,2024-10-28 00:00:00+03:00,28.396867900517698,30.673450451990917,1313,2948.878649640872,0.0801701990321162,16,time_exit
8210.SR,Insurance,2024-10-15 00:00:00+03:00,2024-10-30 00:00:00+03:00,193.94232011279604,198.24232846952543,125,512.7207535324835,0.022171583562723862,14,stop_loss
1080.SR,Banking,2024-10-15 00:00:00+03:00,2024-10-31 00:00:00+03:00,17.618339133745256,17.808804914474486,2032,350.83897485558373,0.010810654698116373,15,time_exit
1140.SR,Banking,2024-10-17 00:00:00+03:00,2024-11-04 00:00:00+03:00,29.52044067297296,29.91156392669678,1131,408.5304211605454,0.013249234930354792,17,time_exit
4250.SR,Real Estate,2024-11-04 00:00:00+03:00,2024-11-20 00:00:00+03:00,21.521499999999996,21.078900381088257,1811,-839.7217984393104,-0.02056546332326925,15,time_exit
1180.SR,Banking,2024-11-05 00:00:00+03:00,2024-11-21 00:00:00+03:00,31.076378382097367,31.43914184513187,1204,398.9144827120043,0.011673286332601895,15,time_exit
8010.SR,Insurance,2024-11-07 00:00:00+03:00,2024-11-25 00:00:00+03:00,133.21732801818845,127.41975211874633,242,-1433.8489476777304,-0.0435196831049679,17,time_exit
2082.SR,Utilities,2024-11-15 00:00:00+03:00,2024-11-26 00:00:00+03:00,391.59121221923823,378.621,45,-600.6974948657212,-0.033121816359802936,10,stop_loss
1322.SR,Industrial,2024-11-12 00:00:00+03:00,2024-11-28 00:00:00+03:00,65.87042345428466,65.83492212546672,525,-53.20153174529039,-0.0005389570456091342,15,time_exit
8210.SR,Insurance,2024-11-12 00:00:00+03:00,2024-11-28 00:00:00+03:00,189.8325464961666,176.56262436695303,133,-1788.3824722262095,-0.06990330359120767,15,time_exit
2010.SR,Materials,2024-11-14 00:00:00+03:00,2024-11-28 00:00:00+03:00,67.14844140949764,64.83109625991901,442,-1052.921900660638,-0.03451078090475024,13,stop_loss
1060.SR,Banking,2024-11-15 00:00:00+03:00,2024-11-28 00:00:00+03:00,29.913695762634273,29.430801864097468,830,-425.22950133274884,-0.016142903316546886,12,stop_loss
2280.SR,Food,2024-11-13 00:00:00+03:00,2024-11-29 00:00:00+03:00,53.744466532365855,53.146801620731324,599,-389.8362162399024,-0.011120492028227846,15,time_exit
4100.SR,Real Estate,2024-11-13 00:00:00+03:00,2024-11-29 00:00:00+03:00,90.56649278181665,87.4646432736252,341,-1087.5561256495903,-0.03424941623459021,15,time_exit
2050.SR,Food,2024-11-15 00:00:00+03:00,2024-12-02 00:00:00+03:00,26.47035260009765,26.52441720199585,1077,29.66077891780906,0.0020424586976599546,16,time_exit
7010.SR,Telecom,2024-11-15 00:00:00+03:00,2024-12-02 00:00:00+03:00,36.63312362670898,36.24162826398605,728,-311.3925294384735,-0.01068692276182237,16,time_exit
1150.SR,Banking,2024-11-15 00:00:00+03:00,2024-12-02 00:00:00+03:00,26.24569808578491,26.527846558515336,937,239.51652672308091,0.010750275028243328,16,time_exit
1303.SR,Industrial,2024-11-29 00:00:00+03:00,2024-12-04 00:00:00+03:00,7.03632810625129,7.60102784627905,3368,1876.308462627228,0.0802548902638669,4,take_profit
2082.SR,Utilities,2024-11-26 00:00:00+03:00,2024-12-12 00:00:00+03:00,379.37899999999996,386.0135939025879,54,337.4233366690089,0.017488036772167037,15,stop_loss
4190.SR,Retail,2024-11-26 00:00:00+03:00,2024-12-12 00:00:00+03:00,11.918906024677712,12.08212137245115,2329,351.9892842878977,0.013693819502855753,15,time_exit
4280.SR,Holding,2024-11-27 00:00:00+03:00,2024-12-13 00:00:00+03:00,8.622885738994022,8.615229118184697,3090,-50.280016276004105,-0.0008879418145019136,15,time_exit
4300.SR,Real Estate,2024-12-05 00:00:00+03:00,2024-12-16 00:00:00+03:00,15.275260229110716,14.84513965702057,1662,-739.5330129237916,-0.028157986550726433,10,stop_loss
2280.SR,Food,2025-01-06 00:00:00+03:00,2025-01-22 00:00:00+03:00,54.62874330916432,54.9118225389159,653,148.9933169098687,0.005181873361968625,15,time_exit
1322.SR,Industrial,2025-01-08 00:00:00+03:00,2025-01-24 00:00:00+03:00,61.2479317653991,61.41388787368042,609,63.66621222825325,0.002709578976756166,15,time_exit
1211.SR,Materials,2025-01-15 00:00:00+03:00,2025-01-31 00:00:00+03:00,47.3472992362976,48.70125,756,986.7686323590146,0.028596156180845655,15,time_exit
8210.SR,Insurance,2025-01-30 00:00:00+03:00,2025-02-17 00:00:00+03:00,189.8325393230479,175.7813750660638,152,-2162.4957360716285,-0.07401873412793858,17,time_exit
1303.SR,Industrial,2025-02-05 00:00:00+03:00,2025-02-17 00:00:00+03:00,6.823691359310337,6.89687194363638,5514,365.48839007658717,0.010724486274748424,11,stop_loss
1304.SR,Industrial,2025-02-11 00:00:00+03:00,2025-02-26 00:00:00+03:00,35.84888527679443,34.44853013992309,843,-1209.539491290489,-0.03906272471400407,14,stop_loss
1211.SR,Materials,2025-02-28 00:00:00+03:00,2025-03-05 00:00:00+03:00,45.69565152740478,43.60635152435303,674,-1437.5788829842916,-0.04572207492869962,4,stop_loss
2222.SR,Energy,2025-02-25 00:00:00+03:00,2025-03-06 00:00:00+03:00,25.88516092591266,25.217233167120465,1448,-1003.67394835709,-0.025803500341524233,8,stop_loss
8210.SR,Insurance,2025-02-25 00:00:00+03:00,2025-03-07 00:00:00+03:00,169.87077534957706,162.10949404907225,157,-1243.9723547449587,-0.04568932639845125,9,stop_loss
1303.SR,Industrial,2025-03-05 00:00:00+03:00,2025-03-10 00:00:00+03:00,6.572394693197324,5.970858148289846,3204,-1946.453719390679,-0.09152471404830431,4,stop_loss
1322.SR,Industrial,2025-03-06 00:00:00+03:00,2025-03-11 00:00:00+03:00,52.484474198102944,53.91235948683108,291,399.8261224092193,0.02720586060057628,4,stop_loss
2050.SR,Food,2025-02-28 00:00:00+03:00,2025-03-12 00:00:00+03:00,36.18615152740478,32.66730076217652,854,-3032.9964283558375,-0.09724302299909793,11,stop_loss
8010.SR,Insurance,2025-02-25 00:00:00+03:00,2025-03-13 00:00:00+03:00,143.51048672479956,145.39680104359925,250,435.229379439023,0.013144086971267566,15,time_exit
2280.SR,Food,2025-02-28 00:00:00+03:00,2025-03-13 00:00:00+03:00,55.7095300775906,52.95068366837935,599,-1684.266458634899,-0.04952198313948819,12,stop_loss
4280.SR,Holding,2025-03-10 00:00:00+03:00,2025-03-14 00:00:00+03:00,7.444513219634616,7.352448088766564,2772,-275.5855288683017,-0.012366843627227952,3,stop_loss
2010.SR,Materials,2025-02-28 00:00:00+03:00,2025-03-17 00:00:00+03:00,60.58304562612238,62.99342011642456,529,1241.7645861282656,0.039786287820150035,16,time_exit
4190.SR,Retail,2025-02-28 00:00:00+03:00,2025-03-17 00:00:00+03:00,11.88142578580626,11.857686113315495,2488,-88.56622820695068,-0.001998049133053015,16,time_exit
2082.SR,Utilities,2025-03-04 00:00:00+03:00,2025-03-20 00:00:00+03:00,354.15378778076166,324.0755939025879,65,-1976.147515684962,-0.08492975344596232,15,time_exit
1320.SR,Industrial,2025-03-04 00:00:00+03:00,2025-03-20 00:00:00+03:00,61.71665645595416,56.18059864425659,282,-1577.0112317163944,-0.08970119461426973,15,time_exit
2050.SR,Food,2025-03-13 00:00:00+03:00,2025-04-04 00:00:00+03:00,31.781749999999995,28.571400381088257,904,-2927.9846014407153,-0.10101236146252923,21,time_exit
4280.SR,Holding,2025-03-14 00:00:00+03:00,2025-04-04 00:00:00+03:00,7.36716770455989,7.719105772990562,2908,1000.9887434085387,0.04777114931330284,20,take_profit
1150.SR,Banking,2025-03-14 00:00:00+03:00,2025-04-04 00:00:00+03:00,28.017762515048464,27.627198826688442,1148,-480.0831384903432,-0.013939860049504205,20,time_exit
1304.SR,Industrial,2025-04-07 00:00:00+03:00,2025-04-09 00:00:00+03:00,29.028999999999996,30.669300762176512,802,1290.9244320542998,0.056505589657808164,1,take_profit
1140.SR,Banking,2025-04-07 00:00:00+03:00,2025-04-10 00:00:00+03:00,27.470409978234134,26.392556854248046,1175,-1297.4886749873951,-0.03923687796578623,2,stop_loss
8010.SR,Insurance,2025-04-07 00:00:00+03:00,2025-04-10 00:00:00+03:00,122.72619795937574,125.04914208984376,174,382.43372797780205,0.01892785867314939,2,stop_loss
1320.SR,Industrial,2025-04-08 00:00:00+03:00,2025-04-10 00:00:00+03:00,49.18630188322909,47.50153462600708,400,-692.9075167392082,-0.03425277349010181,1,stop_loss
1303.SR,Industrial,2025-04-08 00:00:00+03:00,2025-04-10 00:00:00+03:00,5.478561169869627,5.172067894935608,3127,-974.5775270261418,-0.05594411843380276,1,stop_loss
1140.SR,Banking,2025-04-10 00:00:00+03:00,2025-04-14 00:00:00+03:00,26.4453948059082,28.806759831488904,924,2155.283837552274,0.08929210711020086,3,take_profit
8010.SR,Insurance,2025-04-10 00:00:00+03:00,2025-04-14 00:00:00+03:00,125.29949072265623,134.53155126747944,146,1328.239233059137,0.07367995266044525,3,take_profit
4250.SR,Real Estate,2025-04-08 00:00:00+03:00,2025-04-21 00:00:00+03:00,23.22320076370239,25.374599618911745,948,2015.4709942997395,0.09264006616055998,12,take_profit
2010.SR,Materials,2025-04-08 00:00:00+03:00,2025-04-24 00:00:00+03:00,58.92457610236098,59.78046658243091,568,452.19048766090003,0.01452518688608162,15,time_exit
7030.SR,Telecom,2025-05-08 00:00:00+03:00,2025-05-16 00:00:00+03:00,11.511499999999998,10.989,1444,-770.3581159999961,-0.04538939321547997,7,stop_loss
1320.SR,Industrial,2025-05-06 00:00:00+03:00,2025-05-20 00:00:00+03:00,49.466835003895845,55.060716181718135,414,2293.0716711191967,0.113083466475705,13,take_profit
2082.SR,Utilities,2025-05-06 00:00:00+03:00,2025-05-21 00:00:00+03:00,307.30699999999996,284.715,111,-2539.315364999998,-0.07351606048674453,14,stop_loss
1010.SR,Banking,2025-05-06 00:00:00+03:00,2025-05-22 00:00:00+03:00,28.341886638390015,27.07441776601069,683,-884.1730671692644,-0.04472069515169452,15,stop_loss
2050.SR,Food,2025-05-09 00:00:00+03:00,2025-05-26 00:00:00+03:00,28.128100381851194,26.323650381088257,599,-1096.6334170352713,-0.06415115049600728,16,time_exit
1150.SR,Banking,2025-05-14 00:00:00+03:00,2025-05-26 00:00:00+03:00,27.529857493472374,25.76682580653223,1232,-2203.7997677039066,-0.06404071242861242,11,stop_loss
4250.SR,Real Estate,2025-05-20 00:00:00+03:00,2025-05-27 00:00:00+03:00,23.60357992362976,22.877099618911743,1084,-812.3034263012303,-0.030778394932826747,6,stop_loss
4100.SR,Real Estate,2025-05-16 00:00:00+03:00,2025-05-30 00:00:00+03:00,102.59960556793212,96.60329695129394,311,-1894.8956051263247,-0.05844377844774429,13,stop_loss
2082.SR,Utilities,2025-05-22 00:00:00+03:00,2025-05-30 00:00:00+03:00,273.8736061096191,259.74,118,-1698.4148409350548,-0.05160630960532231,7,stop_loss
7010.SR,Telecom,2025-05-15 00:00:00+03:00,2025-06-02 00:00:00+03:00,42.49302217804918,40.89876180275951,766,-1252.5318990128023,-0.037518168715079625,17,time_exit
1321.SR,Industrial,2025-05-23 00:00:00+03:00,2025-06-02 00:00:00+03:00,116.43787911149866,113.6999836944264,253,-721.4536363939733,-0.023513786389483315,9,stop_loss
7020.SR,Telecom,2025-05-22 00:00:00+03:00,2025-06-12 00:00:00+03:00,56.13451228685075,56.61000107129452,495,207.34499776937486,0.008470524906567078,20,time_exit
1150.SR,Banking,2025-05-26 00:00:00+03:00,2025-06-12 00:00:00+03:00,25.81841104338214,25.181215320087112,1194,-790.8780647064491,-0.0246798969241121,16,time_exit
4280.SR,Holding,2025-05-27 00:00:00+03:00,2025-06-12 00:00:00+03:00,8.024605423056611,8.539261061980742,3763,1904.5159298952706,0.06413469719587739,15,time_exit
4250.SR,Real Estate,2025-05-27 00:00:00+03:00,2025-06-12 00:00:00+03:00,22.9228996181488,20.979,1038,-2039.544005638456,-0.08480164597543993,15,time_exit
1140.SR,Banking,2025-05-27 00:00:00+03:00,2025-06-12 00:00:00+03:00,26.076390019465915,25.042240137164963,1090,-1154.5194134575472,-0.039658475790895986,15,time_exit
4300.SR,Real Estate,2025-05-28 00:00:00+03:00,2025-06-13 00:00:00+03:00,19.439420076370237,17.982,953,-1406.0581787808362,-0.07497240507404934,15,time_exit
1321.SR,Industrial,2025-06-04 00:00:00+03:00,2025-06-13 00:00:00+03:00,111.61044583128196,96.54863137008098,145,-2197.962648422804,-0.13494986377860596,8,stop_loss
2010.SR,Materials,2025-05-30 00:00:00+03:00,2025-06-16 00:00:00+03:00,54.534498502892596,52.96510409323651,531,-861.4729018008892,-0.02877801121748358,16,time_exit
4310.SR,Real Estate,2025-05-30 00:00:00+03:00,2025-06-16 00:00:00+03:00,13.553539961814879,12.287700190544129,2052,-2622.7175714385758,-0.09339550957440412,16,stop_loss
4100.SR,Real Estate,2025-05-30 00:00:00+03:00,2025-06-16 00:00:00+03:00,96.79669694519042,86.21370304870605,215,-2293.879633899611,-0.10933218002755629,16,stop_loss
4310.SR,Real Estate,2025-06-16 00:00:00+03:00,2025-06-19 00:00:00+03:00,12.312300190925598,12.007980457305909,2428,-768.0436897789436,-0.0247167246493859,2,stop_loss
1060.SR,Banking,2025-06-05 00:00:00+03:00,2025-06-23 00:00:00+03:00,31.326939972181044,30.29641308370417,881,-934.5853286748697,-0.03289586820136292,17,time_exit
1321.SR,Industrial,2025-06-16 00:00:00+03:00,2025-06-24 00:00:00+03:00,103.30724395250596,116.01252498370762,186,2341.60394215654,0.12298538364882461,7,take_profit
1140.SR,Banking,2025-06-18 00:00:00+03:00,2025-06-25 00:00:00+03:00,23.222747834897902,25.53326521417382,1375,3141.853156834898,0.0994937117563579,6,take_profit
1320.SR,Industrial,2025-06-23 00:00:00+03:00,2025-06-30 00:00:00+03:00,50.95090152740478,55.944,384,1895.867317476565,0.09799823600588509,6,take_profit
3020.SR,Materials,2025-06-16 00:00:00+03:00,2025-07-02 00:00:00+03:00,33.13309847259521,34.145820304870604,1069,1046.097756796492,0.03056526189704334,15,time_exit
4300.SR,Real Estate,2025-07-02 00:00:00+03:00,2025-07-18 00:00:00+03:00,19.279260229110715,19.31066992378235,1536,18.584102012700157,0.001629196053083426,15,time_exit
7020.SR,Telecom,2025-07-22 00:00:00+03:00,2025-07-31 00:00:00+03:00,54.95686431043836,59.009558087896735,578,2308.3494787961354,0.07374317709550637,8,take_profit
8010.SR,Insurance,2025-07-23 00:00:00+03:00,2025-08-04 00:00:00+03:00,137.13699999999997,134.4654060974121,254,-712.7390644060587,-0.019481204216133197,11,stop_loss
2050.SR,Food,2025-07-28 00:00:00+03:00,2025-08-04 00:00:00+03:00,25.745719312667845,24.375599618911743,1197,-1669.2108661698917,-0.05321737866853671,6,stop_loss
7030.SR,Telecom,2025-07-22 00:00:00+03:00,2025-08-07 00:00:00+03:00,10.190180305480956,10.869120114326478,3561,2378.9997225717866,0.0666268690535674,15,time_exit
1080.SR,Banking,2025-07-24 00:00:00+03:00,2025-08-11 00:00:00+03:00,20.684110181811878,21.61835939025879,1616,1474.8114520755496,0.045167483649764195,17,time_exit
1150.SR,Banking,2025-07-25 00:00:00+03:00,2025-08-11 00:00:00+03:00,25.348985466003416,25.453820693271688,1266,100.49686072394954,0.004135677438013019,16,time_exit
4100.SR,Real Estate,2025-08-05 00:00:00+03:00,2025-08-11 00:00:00+03:00,81.38130305480956,78.62129695129394,302,-857.2654749410085,-0.03391449878428199,5,stop_loss
1321.SR,Industrial,2025-07-29 00:00:00+03:00,2025-08-13 00:00:00+03:00,109.19672030098327,106.19439457515146,270,-839.3004325098794,-0.027494651099010836,14,stop_loss
3020.SR,Materials,2025-07-30 00:00:00+03:00,2025-08-14 00:00:00+03:00,33.8337992362976,32.907058628082275,839,-805.1443924816193,-0.027390970837856687,14,stop_loss
1060.SR,Banking,2025-07-30 00:00:00+03:00,2025-08-15 00:00:00+03:00,31.152362407564205,31.032046307338206,875,-132.42962821666998,-0.003862182220786714,15,time_exit
1320.SR,Industrial,2025-08-01 00:00:00+03:00,2025-08-18 00:00:00+03:00,51.5515,51.748199237823485,534,77.40385460474472,0.0038155870890952404,16,time_exit
4280.SR,Holding,2025-08-05 00:00:00+03:00,2025-08-21 00:00:00+03:00,7.855934493222699,7.516423768043518,3687,-1279.4890981684148,-0.04321710236663456,15,time_exit
8010.SR,Insurance,2025-08-05 00:00:00+03:00,2025-08-21 00:00:00+03:00,133.03289389038085,126.27360152435303,209,-1439.0832872184046,-0.05080918086016739,15,time_exit
8210.SR,Insurance,2025-08-06 00:00:00+03:00,2025-08-22 00:00:00+03:00,154.3541969451904,150.04979695129396,162,-721.6208661173351,-0.027886510889139626,15,time_exit
2050.SR,Food,2025-08-11 00:00:00+03:00,2025-08-27 00:00:00+03:00,24.144120840072627,24.255720685958863,1238,108.13202699794277,0.0046222368843105155,15,time_exit
4250.SR,Real Estate,2025-08-13 00:00:00+03:00,2025-08-29 00:00:00+03:00,18.248229541778564,19.020960914611816,1565,1179.5567946526728,0.042345553088540155,15,time_exit
4100.SR,Real Estate,2025-08-13 00:00:00+03:00,2025-08-29 00:00:00+03:00,76.22615152740478,75.07485152435302,308,-377.7234552094425,-0.015103740382824471,15,stop_loss
8010.SR,Insurance,2025-08-21 00:00:00+03:00,2025-08-29 00:00:00+03:00,126.52640152740477,117.882,251,-2199.3331653785963,-0.06832093083381063,7,stop_loss
4280.SR,Holding,2025-08-21 00:00:00+03:00,2025-09-08 00:00:00+03:00,7.531471663475036,7.418298574065484,4409,-531.6874296197673,-0.015026689930787485,17,time_exit
1010.SR,Banking,2025-08-29 00:00:00+03:00,2025-09-15 00:00:00+03:00,26.22620076370239,25.91406053352356,1375,-464.8246497294862,-0.011901847049491043,16,time_exit
3020.SR,Materials,2025-09-09 00:00:00+03:00,2025-09-15 00:00:00+03:00,30.73070076370239,29.870099618911745,1124,-1000.889678716343,-0.028004605277571315,5,stop_loss
8010.SR,Insurance,2025-09-01 00:00:00+03:00,2025-09-17 00:00:00+03:00,116.31619694519041,124.3755,297,2356.673483778448,0.06928788308482292,15,time_exit
4300.SR,Real Estate,2025-09-10 00:00:00+03:00,2025-09-22 00:00:00+03:00,17.577559465408324,15.774209961891174,1550,-2819.6417558925145,-0.10259385024787104,11,stop_loss
1180.SR,Banking,2025-09-16 00:00:00+03:00,2025-09-25 00:00:00+03:00,33.713680305480956,37.962,995,4189.305906046452,0.12601174526260128,8,take_profit
1150.SR,Banking,2025-09-17 00:00:00+03:00,2025-09-25 00:00:00+03:00,24.475881956439807,27.60623720741272,1268,3934.2857494546524,0.12789550368579428,7,take_profit
4300.SR,Real Estate,2025-09-22 00:00:00+03:00,2025-09-25 00:00:00+03:00,15.80578996181488,17.71226954269409,1689,3190.127988847379,0.1206190633612787,2,take_profit
4280.SR,Holding,2025-09-12 00:00:00+03:00,2025-09-29 00:00:00+03:00,7.089022472911505,7.594924187440999,4525,2254.8382262977934,0.07136410082809608,16,time_exit
2050.SR,Food,2025-09-17 00:00:00+03:00,2025-09-29 00:00:00+03:00,22.872850381851194,24.49548045730591,1473,2354.0522584311843,0.07094131463135067,11,take_profit
3020.SR,Materials,2025-09-17 00:00:00+03:00,2025-10-03 00:00:00+03:00,29.849819694519038,31.18877931404114,1083,1416.315819945328,0.04485653961145886,15,time_exit
1010.SR,Banking,2025-09-19 00:00:00+03:00,2025-10-06 00:00:00+03:00,25.785760229110714,27.872099618911744,1156,2379.588187450528,0.08091052469516358,16,take_profit
4250.SR,Real Estate,2025-09-19 00:00:00+03:00,2025-10-06 00:00:00+03:00,18.398379159927366,19.4805,1555,1652.405728812945,0.058816096280347896,16,time_exit
4250.SR,Real Estate,2025-10-21 00:00:00+03:00,2025-11-06 00:00:00+03:00,17.71770076370239,16.4835,1718,-2148.6755650407054,-0.06965919450625624,15,stop_loss
3020.SR,Materials,2025-10-22 00:00:00+03:00,2025-11-07 00:00:00+03:00,28.428399618148802,26.69327931404114,769,-1354.8346456512909,-0.06103475142511916,15,time_exit
1050.SR,Banking,2025-11-04 00:00:00+03:00,2025-11-14 00:00:00+03:00,17.38737084007263,16.983,1910,-804.7858345387239,-0.02325658340136616,9,stop_loss
1150.SR,Banking,2025-10-31 00:00:00+03:00,2025-11-17 00:00:00+03:00,25.544351835374744,24.855119161605835,1411,-1007.5778758249572,-0.0269818031872876,16,time_exit
1320.SR,Industrial,2025-11-06 00:00:00+03:00,2025-11-18 00:00:00+03:00,48.68863938903808,46.31364060974121,645,-1561.746510839762,-0.04877932119482442,11,stop_loss
4300.SR,Real Estate,2025-11-06 00:00:00+03:00,2025-11-18 00:00:00+03:00,16.38637084007263,16.46351954269409,1860,112.87444052650604,0.004708101835019685,11,stop_loss
2010.SR,Materials,2025-11-04 00:00:00+03:00,2025-11-20 00:00:00+03:00,58.758700763702386,56.843101524353024,589,-1161.768538774618,-0.03260111633599472,15,time_exit
1010.SR,Banking,2025-11-05 00:00:00+03:00,2025-11-21 00:00:00+03:00,26.486459083557126,25.974,1204,-648.273432602779,-0.019347965008854717,15,time_exit
1211.SR,Materials,2025-11-07 00:00:00+03:00,2025-11-24 00:00:00+03:00,59.859799236297604,63.38655076217651,502,1738.609217508599,0.05891686191523959,16,time_exit
4190.SR,Retail,2025-11-19 00:00:00+03:00,2025-11-27 00:00:00+03:00,13.2131998090744,12.687299809455872,2573,-1385.785121428201,-0.039801108529166185,7,stop_loss
1320.SR,Industrial,2025-11-25 00:00:00+03:00,2025-12-01 00:00:00+03:00,45.44540152740478,42.31764060974121,803,-2545.5730822934706,-0.06882458538247149,5,stop_loss
2082.SR,Utilities,2025-11-25 00:00:00+03:00,2025-12-02 00:00:00+03:00,201.80160610961912,186.11370304870604,143,-2269.9843972465346,-0.0777392378750017,6,stop_loss
7020.SR,Telecom,2025-11-25 00:00:00+03:00,2025-12-08 00:00:00+03:00,62.26220076370239,67.08285152435303,500,2376.7839545631455,0.07742499785617896,12,take_profit
2010.SR,Materials,2025-11-25 00:00:00+03:00,2025-12-11 00:00:00+03:00,55.8557992362976,54.64530076217651,627,-793.2451468518071,-0.02167184948871792,15,time_exit
7010.SR,Telecom,2025-11-25 00:00:00+03:00,2025-12-11 00:00:00+03:00,42.64259847259521,42.6173398475647,761,-51.653609272214865,-0.0005923331582793345,15,time_exit
1150.SR,Banking,2025-11-25 00:00:00+03:00,2025-12-11 00:00:00+03:00,24.524499999999996,24.625349618911745,1220,92.9936085372611,0.004112198777212583,15,time_exit
8010.SR,Insurance,2025-11-25 00:00:00+03:00,2025-12-11 00:00:00+03:00,122.92280305480956,124.77510152435303,233,402.5129447484543,0.015068794589052414,15,time_exit
1050.SR,Banking,2025-11-25 00:00:00+03:00,2025-12-11 00:00:00+03:00,16.516499999999997,16.583400381088257,1670,84.02935778097685,0.004050518032770789,15,time_exit
1060.SR,Banking,2025-11-25 00:00:00+03:00,2025-12-11 00:00:00+03:00,30.910879159927365,32.16780076217651,856,1048.3892540728466,0.040662758110051156,15,time_exit
1180.SR,Banking,2025-11-25 00:00:00+03:00,2025-12-11 00:00:00+03:00,37.23720076370239,37.922039085388185,682,441.1969047334777,0.018391240685130983,15,time_exit
4250.SR,Real Estate,2025-11-25 00:00:00+03:00,2025-12-11 00:00:00+03:00,15.665649618148802,15.714269542694092,1558,51.26701049404522,0.0031036009185960722,15,time_exit
2280.SR,Food,2025-11-27 00:00:00+03:00,2025-12-15 00:00:00+03:00,44.62458183288574,44.435519542694095,554,-129.35778659282275,-0.004236729677370654,17,time_exit
4190.SR,Retail,2025-11-27 00:00:00+03:00,2025-12-15 00:00:00+03:00,12.712699809074401,12.587400381088257,1868,-257.5725953899905,-0.009856240599396937,17,time_exit
1304.SR,Industrial,2025-12-03 00:00:00+03:00,2025-12-15 00:00:00+03:00,32.37234015274048,32.147820304870606,712,-182.7473797404161,-0.006935545802698617,11,stop_loss
2082.SR,Utilities,2025-12-02 00:00:00+03:00,2025-12-17 00:00:00+03:00,186.48630305480955,187.812,135,153.61446760071183,0.007108816698461862,14,stop_loss
1320.SR,Industrial,2025-12-04 00:00:00+03:00,2025-12-17 00:00:00+03:00,41.94190152740478,39.66030076217651,516,-1197.7707100510702,-0.054399077822865904,12,stop_loss
2010.SR,Materials,2025-12-17 00:00:00+03:00,2026-01-02 00:00:00+03:00,52.65259847259521,51.34860152435303,715,-969.0720680830708,-0.024766051174490267,15,time_exit
1080.SR,Banking,2025-12-19 00:00:00+03:00,2026-01-05 00:00:00+03:00,21.321299236297605,21.318660152435303,1696,-40.63233384899493,-0.00012377687837195062,16,time_exit
2050.SR,Food,2025-12-29 00:00:00+03:00,2026-01-07 00:00:00+03:00,21.921899618148803,21.878099618911744,1520,-99.8307102610759,-0.0019980019980019303,8,stop_loss
1320.SR,Industrial,2025-12-29 00:00:00+03:00,2026-01-07 00:00:00+03:00,36.63659847259521,36.763199237823486,662,59.47246868567906,0.0034555818636650137,8,stop_loss
8210.SR,Insurance,2025-12-31 00:00:00+03:00,2026-01-07 00:00:00+03:00,138.13799999999998,137.862,188,-77.80605599999663,-0.0019980019980018193,6,stop_loss
4100.SR,Real Estate,2025-12-25 00:00:00+03:00,2026-01-12 00:00:00+03:00,79.62955305480956,78.921,436,-343.3386878969665,-0.008898116686927193,17,time_exit
2010.SR,Materials,2026-01-06 00:00:00+03:00,2026-01-13 00:00:00+03:00,50.00995908355712,54.945,631,3079.340523275457,0.09868116284993089,6,take_profit
4250.SR,Real Estate,2026-01-05 00:00:00+03:00,2026-01-19 00:00:00+03:00,14.374359656333922,15.614370114326476,2288,2801.4182490653843,0.08626543982751644,13,take_profit
2082.SR,Utilities,2026-01-06 00:00:00+03:00,2026-01-19 00:00:00+03:00,169.96980305480955,183.816,150,2049.3571417785683,0.08146268746764118,12,take_profit
1303.SR,Industrial,2026-01-06 00:00:00+03:00,2026-01-21 00:00:00+03:00,10.560550190925596,11.788200190544128,2293,2787.971106088375,0.1162486780919254,14,take_profit
2050.SR,Food,2026-01-07 00:00:00+03:00,2026-01-23 00:00:00+03:00,21.921899618148803,22.39758007621765,1444,654.5404758213573,0.02169887036956597,15,time_exit
1321.SR,Industrial,2026-01-15 00:00:00+03:00,2026-01-28 00:00:00+03:00,131.8316969451904,150.849,251,4735.479967757206,0.14425440539323486,12,take_profit
