date,cash,positions_value,total_value,num_positions,daily_return
2022-01-02 00:00:00+03:00,1000000.0,0.0,1000000.0,0,
2022-01-03 00:00:00+03:00,1000000.0,0.0,1000000.0,0,0.0
2022-01-04 00:00:00+03:00,1000000.0,0.0,1000000.0,0,0.0
2022-01-05 00:00:00+03:00,1000000.0,0.0,1000000.0,0,0.0
2022-01-06 00:00:00+03:00,1000000.0,0.0,1000000.0,0,0.0
2022-01-09 00:00:00+03:00,1000000.0,0.0,1000000.0,0,0.0
2022-01-10 00:00:00+03:00,1000000.0,0.0,1000000.0,0,0.0
2022-01-11 00:00:00+03:00,1000000.0,0.0,1000000.0,0,0.0
2022-01-12 00:00:00+03:00,1000000.0,0.0,1000000.0,0,0.0
2022-01-13 00:00:00+03:00,1000000.0,0.0,1000000.0,0,0.0
2022-01-16 00:00:00+03:00,1000000.0,0.0,1000000.0,0,0.0
2022-01-17 00:00:00+03:00,1000000.0,0.0,1000000.0,0,0.0
2022-01-18 00:00:00+03:00,1000000.0,0.0,1000000.0,0,0.0
2022-01-19 00:00:00+03:00,1000000.0,0.0,1000000.0,0,0.0
2022-01-20 00:00:00+03:00,1000000.0,0.0,1000000.0,0,0.0
2022-01-23 00:00:00+03:00,1000000.0,0.0,1000000.0,0,0.0
2022-01-24 00:00:00+03:00,1000000.0,0.0,1000000.0,0,0.0
2022-01-25 00:00:00+03:00,1000000.0,0.0,1000000.0,0,0.0
2022-01-26 00:00:00+03:00,1000000.0,0.0,1000000.0,0,0.0
2022-01-27 00:00:00+03:00,1000000.0,0.0,1000000.0,0,0.0
2022-01-30 00:00:00+03:00,1000000.0,0.0,1000000.0,0,0.0
2022-01-31 00:00:00+03:00,1000000.0,0.0,1000000.0,0,0.0
2022-02-01 00:00:00+03:00,1000000.0,0.0,1000000.0,0,0.0
2022-02-02 00:00:00+03:00,1000000.0,0.0,1000000.0,0,0.0
2022-02-03 00:00:00+03:00,1000000.0,0.0,1000000.0,0,0.0
2022-02-06 00:00:00+03:00,1000000.0,0.0,1000000.0,0,0.0
2022-02-07 00:00:00+03:00,1000000.0,0.0,1000000.0,0,0.0
2022-02-08 00:00:00+03:00,1000000.0,0.0,1000000.0,0,0.0
2022-02-09 00:00:00+03:00,1000000.0,0.0,1000000.0,0,0.0
2022-02-10 00:00:00+03:00,1000000.0,0.0,1000000.0,0,0.0
2022-02-13 00:00:00+03:00,1000000.0,0.0,1000000.0,0,0.0
2022-02-14 00:00:00+03:00,1000000.0,0.0,1000000.0,0,0.0
2022-02-15 00:00:00+03:00,1000000.0,0.0,1000000.0,0,0.0
2022-02-16 00:00:00+03:00,1000000.0,0.0,1000000.0,0,0.0
2022-02-17 00:00:00+03:00,1000000.0,0.0,1000000.0,0,0.0
2022-02-20 00:00:00+03:00,1000000.0,0.0,1000000.0,0,0.0
2022-02-21 00:00:00+03:00,1000000.0,0.0,1000000.0,0,0.0
2022-02-23 00:00:00+03:00,1000000.0,0.0,1000000.0,0,0.0
2022-02-24 00:00:00+03:00,1000000.0,0.0,1000000.0,0,0.0
2022-02-27 00:00:00+03:00,1000000.0,0.0,1000000.0,0,0.0
2022-02-28 00:00:00+03:00,1000000.0,0.0,1000000.0,0,0.0
2022-03-01 00:00:00+03:00,1000000.0,0.0,1000000.0,0,0.0
2022-03-02 00:00:00+03:00,1000000.0,0.0,1000000.0,0,0.0
2022-03-03 00:00:00+03:00,1000000.0,0.0,1000000.0,0,0.0
2022-03-06 00:00:00+03:00,1000000.0,0.0,1000000.0,0,0.0
2022-03-07 00:00:00+03:00,1000000.0,0.0,1000000.0,0,0.0
2022-03-08 00:00:00+03:00,1000000.0,0.0,1000000.0,0,0.0
2022-03-09 00:00:00+03:00,1000000.0,0.0,1000000.0,0,0.0
2022-03-10 00:00:00+03:00,1000000.0,0.0,1000000.0,0,0.0
2022-03-13 00:00:00+03:00,1000000.0,0.0,1000000.0,0,0.0
2022-03-14 00:00:00+03:00,1000000.0,0.0,1000000.0,0,0.0
2022-03-15 00:00:00+03:00,1000000.0,0.0,1000000.0,0,0.0
2022-03-16 00:00:00+03:00,1000000.0,0.0,1000000.0,0,0.0
2022-03-17 00:00:00+03:00,1000000.0,0.0,1000000.0,0,0.0
2022-03-20 00:00:00+03:00,1000000.0,0.0,1000000.0,0,0.0
2022-03-21 00:00:00+03:00,1000000.0,0.0,1000000.0,0,0.0
2022-03-22 00:00:00+03:00,1000000.0,0.0,1000000.0,0,0.0
2022-03-23 00:00:00+03:00,1000000.0,0.0,1000000.0,0,0.0
2022-03-24 00:00:00+03:00,1000000.0,0.0,1000000.0,0,0.0
2022-03-27 00:00:00+03:00,1000000.0,0.0,1000000.0,0,0.0
2022-03-28 00:00:00+03:00,1000000.0,0.0,1000000.0,0,0.0
2022-03-29 00:00:00+03:00,1000000.0,0.0,1000000.0,0,0.0
2022-03-30 00:00:00+03:00,1000000.0,0.0,1000000.0,0,0.0
2022-03-31 00:00:00+03:00,1000000.0,0.0,1000000.0,0,0.0
2022-04-03 00:00:00+03:00,1000000.0,0.0,1000000.0,0,0.0
2022-04-04 00:00:00+03:00,1000000.0,0.0,1000000.0,0,0.0
2022-04-05 00:00:00+03:00,1000000.0,0.0,1000000.0,0,0.0
2022-04-06 00:00:00+03:00,1000000.0,0.0,1000000.0,0,0.0
2022-04-07 00:00:00+03:00,1000000.0,0.0,1000000.0,0,0.0
2022-04-10 00:00:00+03:00,1000000.0,0.0,1000000.0,0,0.0
2022-04-11 00:00:00+03:00,1000000.0,0.0,1000000.0,0,0.0
2022-04-12 00:00:00+03:00,1000000.0,0.0,1000000.0,0,0.0
2022-04-13 00:00:00+03:00,1000000.0,0.0,1000000.0,0,0.0
2022-04-14 00:00:00+03:00,1000000.0,0.0,1000000.0,0,0.0
2022-04-17 00:00:00+03:00,1000000.0,0.0,1000000.0,0,0.0
2022-04-18 00:00:00+03:00,1000000.0,0.0,1000000.0,0,0.0
2022-04-19 00:00:00+03:00,1000000.0,0.0,1000000.0,0,0.0
2022-04-20 00:00:00+03:00,1000000.0,0.0,1000000.0,0,0.0
2022-04-21 00:00:00+03:00,1000000.0,0.0,1000000.0,0,0.0
2022-04-24 00:00:00+03:00,1000000.0,0.0,1000000.0,0,0.0
2022-04-25 00:00:00+03:00,1000000.0,0.0,1000000.0,0,0.0
2022-04-26 00:00:00+03:00,1000000.0,0.0,1000000.0,0,0.0
2022-04-27 00:00:00+03:00,1000000.0,0.0,1000000.0,0,0.0
2022-04-28 00:00:00+03:00,1000000.0,0.0,1000000.0,0,0.0
2022-05-08 00:00:00+03:00,1000000.0,0.0,1000000.0,0,0.0
2022-05-09 00:00:00+03:00,1000000.0,0.0,1000000.0,0,0.0
2022-05-10 00:00:00+03:00,1000000.0,0.0,1000000.0,0,0.0
2022-05-11 00:00:00+03:00,1000000.0,0.0,1000000.0,0,0.0
2022-05-12 00:00:00+03:00,1000000.0,0.0,1000000.0,0,0.0
2022-05-15 00:00:00+03:00,1000000.0,0.0,1000000.0,0,0.0
2022-05-16 00:00:00+03:00,1000000.0,0.0,1000000.0,0,0.0
2022-05-17 00:00:00+03:00,1000000.0,0.0,1000000.0,0,0.0
2022-05-18 00:00:00+03:00,1000000.0,0.0,1000000.0,0,0.0
2022-05-19 00:00:00+03:00,1000000.0,0.0,1000000.0,0,0.0
2022-05-22 00:00:00+03:00,1000000.0,0.0,1000000.0,0,0.0
2022-05-23 00:00:00+03:00,1000000.0,0.0,1000000.0,0,0.0
2022-05-24 00:00:00+03:00,1000000.0,0.0,1000000.0,0,0.0
2022-05-25 00:00:00+03:00,1000000.0,0.0,1000000.0,0,0.0
2022-05-26 00:00:00+03:00,1000000.0,0.0,1000000.0,0,0.0
2022-05-29 00:00:00+03:00,968203.9482594092,31732.55576324463,999936.5040226538,1,-6.349597734622847e-05
2022-05-30 00:00:00+03:00,939343.9146756199,60647.19390678406,999991.108582404,2,5.460802714019053e-05
2022-05-31 00:00:00+03:00,837823.3071978043,160581.2661075592,998404.5733053635,5,-0.001586549383713498
2022-06-01 00:00:00+03:00,837823.3071978043,161270.89479255676,999094.2019903611,5,0.0006907306951875469
2022-06-02 00:00:00+03:00,837823.3071978043,160826.92048072815,998650.2276785325,5,-0.0004443768274744464
2022-06-05 00:00:00+03:00,837823.3071978043,161511.993019104,999335.3002169083,5,0.0006859984801368402
2022-06-06 00:00:00+03:00,837823.3071978043,163290.51818275452,1001113.8253805588,5,0.0017797081352619593
2022-06-07 00:00:00+03:00,837823.3071978043,162003.99591636658,999827.3031141709,5,-0.0012850908995277743
2022-06-08 00:00:00+03:00,837823.3071978043,160516.22645759583,998339.5336554002,5,-0.0014880264363023032
2022-06-09 00:00:00+03:00,837823.3071978043,160934.24064826965,998757.547846074,5,0.0004187094436132188
2022-06-12 00:00:00+03:00,902051.6125527414,96526.54155921936,998578.1541119608,3,-0.00017961689951684345
2022-06-13 00:00:00+03:00,930278.9359943066,65240.575357437134,995519.5113517437,2,-0.0030629978711452788
2022-06-14 00:00:00+03:00,873538.4471721161,121211.9000673294,994750.3472394455,4,-0.0007726258536648878
2022-06-15 00:00:00+03:00,873538.4471721161,122896.93136024475,996435.3785323609,4,0.0016939238046929095
2022-06-16 00:00:00+03:00,873538.4471721161,122745.93734550476,996284.3845176209,4,-0.0001515341767194256
2022-06-19 00:00:00+03:00,868623.1166785088,124771.00270307064,993394.1193815795,4,-0.0029010443011618925
2022-06-20 00:00:00+03:00,868623.1166785088,127397.82399880886,996020.9406773177,4,0.0026442891542115543
2022-06-21 00:00:00+03:00,836787.7449787093,161132.9065489769,997920.6515276862,5,0.0019073001106548748
2022-06-22 00:00:00+03:00,865089.7995275768,126562.73828673363,991652.5378143104,4,-0.00628117446390164
2022-06-23 00:00:00+03:00,845148.4166269553,146312.02986085415,991460.4464878094,5,-0.00019370829920362098
2022-06-26 00:00:00+03:00,791546.6915695136,202767.25182914734,994313.943398661,7,0.002878074381040596
2022-06-27 00:00:00+03:00,791546.6915695136,203086.63115561008,994633.3227251237,7,0.00032120572036942185
2022-06-28 00:00:00+03:00,791546.6915695136,206418.96840691566,997965.6599764293,7,0.0033503173231472783
2022-06-29 00:00:00+03:00,860487.358523993,139561.34607505798,1000048.704599051,5,0.0020872908820037672
2022-06-30 00:00:00+03:00,870051.342016845,127591.18710327148,997642.5291201165,5,-0.0024060582928301377
2022-07-03 00:00:00+03:00,870051.342016845,127560.55423545837,997611.8962523034,5,-3.070525455661777e-05
2022-07-04 00:00:00+03:00,919767.1251334451,76201.23505020142,995968.3601836466,3,-0.0016474703988906825
2022-07-05 00:00:00+03:00,919767.1251334451,76405.22861099243,996172.3537444376,3,0.00020481931851068502
2022-07-06 00:00:00+03:00,919767.1251334451,76909.94014549255,996677.0652789377,3,0.0005066508145934456
2022-07-13 00:00:00+03:00,972752.7283593756,24562.25605392456,997314.9844133002,1,0.0006400459653237434
2022-07-14 00:00:00+03:00,972752.7283593756,24983.604511260986,997736.3328706366,1,0.00042248283032098044
2022-07-17 00:00:00+03:00,997834.8070881069,0.0,997834.8070881069,0,9.869763606484838e-05
2022-07-18 00:00:00+03:00,941814.5327425797,55821.2338848114,997635.7666273911,2,-0.00019947235684891762
2022-07-19 00:00:00+03:00,941814.5327425797,56308.665205955505,998123.1979485352,2,0.000488586453542883
2022-07-20 00:00:00+03:00,941814.5327425797,57132.24088001251,998946.7736225922,2,0.0008251242689776284
2022-07-21 00:00:00+03:00,941814.5327425797,58513.884366989136,1000328.4171095688,2,0.001383100204594756
2022-07-24 00:00:00+03:00,941814.5327425797,58687.72586154938,1000502.2586041291,2,0.00017378442078297418
2022-07-25 00:00:00+03:00,941814.5327425797,58604.56859970093,1000419.1013422806,2,-8.311551636519532e-05
2022-07-26 00:00:00+03:00,941814.5327425797,58941.20633029938,1000755.7390728791,2,0.0003364967043779643
2022-07-27 00:00:00+03:00,973293.4541136613,28459.768520355225,1001753.2226340165,1,0.00099673029310976
2022-07-28 00:00:00+03:00,973293.4541136613,28895.60135269165,1002189.055466353,1,0.00043507005766385554
2022-07-31 00:00:00+03:00,973293.4541136613,28939.18235015869,1002232.63646382,1,4.348580462876228e-05
2022-08-01 00:00:00+03:00,973293.4541136613,29462.18003463745,1002755.6341482988,1,0.0005218326219389446
2022-08-02 00:00:00+03:00,973293.4541136613,29113.51491165161,1002406.9690253129,1,-0.0003477069697862545
2022-08-03 00:00:00+03:00,1001913.811595397,0.0,1001913.811595397,0,-0.0004919732655046527
2022-08-04 00:00:00+03:00,1001913.811595397,0.0,1001913.811595397,0,0.0
2022-08-07 00:00:00+03:00,1001913.811595397,0.0,1001913.811595397,0,0.0
2022-08-08 00:00:00+03:00,1001913.811595397,0.0,1001913.811595397,0,0.0
2022-08-09 00:00:00+03:00,1001913.811595397,0.0,1001913.811595397,0,0.0
2022-08-10 00:00:00+03:00,1001913.811595397,0.0,1001913.811595397,0,0.0
2022-08-11 00:00:00+03:00,961805.6151050851,39719.39973831177,1001525.0148433968,1,-0.0003880540895838669
2022-08-14 00:00:00+03:00,961805.6151050851,40096.69856071472,1001902.3136657998,1,0.00037672431223501057
2022-08-15 00:00:00+03:00,961805.6151050851,40474.00065422058,1002279.6157593057,1,0.0003765857093644964
2022-08-16 00:00:00+03:00,961805.6151050851,40542.59895324707,1002348.2140583321,1,6.844227693347804e-05
2022-08-17 00:00:00+03:00,961805.6151050851,40748.40039253235,1002554.0154976174,1,0.00020531930560530043
2022-08-18 00:00:00+03:00,961805.6151050851,41022.800130844116,1002828.4152359292,1,0.00027370070247600964
2022-08-21 00:00:00+03:00,961805.6151050851,40954.19856071472,1002759.8136657998,1,-6.840808366326279e-05
2022-08-22 00:00:00+03:00,961805.6151050851,40439.699869155884,1002245.314974241,1,-0.0005130826789697673
2022-08-23 00:00:00+03:00,961805.6151050851,40199.60091590881,1002005.2160209939,1,-0.00023956106320466297
2022-08-24 00:00:00+03:00,1001103.3001144944,0.0,1001103.3001144944,0,-0.0009001109895225845
2022-08-25 00:00:00+03:00,1001103.3001144944,0.0,1001103.3001144944,0,0.0
2022-08-28 00:00:00+03:00,1001103.3001144944,0.0,1001103.3001144944,0,0.0
2022-08-29 00:00:00+03:00,1001103.3001144944,0.0,1001103.3001144944,0,0.0
2022-08-30 00:00:00+03:00,961049.6524744392,39973.661766052246,1001023.3142404915,1,-7.989772283611973e-05
2022-08-31 00:00:00+03:00,754079.7946119237,246680.20247650146,1000759.9970884252,7,-0.0002630479713312539
2022-09-01 00:00:00+03:00,754079.7946119237,244642.24576568604,998722.0403776098,7,-0.0020364090458697692
2022-09-04 00:00:00+03:00,754079.7946119237,246837.75393676758,1000917.5485486913,7,0.0021983175321247383
2022-09-05 00:00:00+03:00,754079.7946119237,245264.2857055664,999344.0803174902,7,-0.0015720258211904259
2022-09-06 00:00:00+03:00,754079.7946119237,246462.6568222046,1000542.4514341283,7,0.0011991576677548021
2022-09-07 00:00:00+03:00,727576.3247138535,268752.84201049805,996329.1667243516,8,-0.004211000446545432
2022-09-08 00:00:00+03:00,735050.2363026318,259707.77011871338,994758.0064213452,8,-0.0015769490199428748
2022-09-11 00:00:00+03:00,735050.2363026318,260366.57695007324,995416.813252705,8,0.0006622784909566803
2022-09-12 00:00:00+03:00,735050.2363026318,260732.4031944275,995782.6394970593,8,0.0003675106141303175
2022-09-13 00:00:00+03:00,765549.1178881514,231531.47564697266,997080.5935351241,7,0.0013034511615108713
2022-09-14 00:00:00+03:00,712538.5191558084,278493.8383960724,991032.3575518808,9,-0.0060659449421229805
2022-09-15 00:00:00+03:00,640837.173309451,350518.9064464569,991356.0797559079,12,0.0003266514978650381
2022-09-18 00:00:00+03:00,747230.5659898918,236711.72116088867,983942.2871507804,9,-0.007478435606056766
2022-09-19 00:00:00+03:00,718232.2080551046,262109.23156166077,980341.4396167654,10,-0.0036596125413433933
2022-09-20 00:00:00+03:00,747541.7052667226,233030.8718700409,980572.5771367635,9,0.00023577246728301304
2022-09-21 00:00:00+03:00,747541.7052667226,232244.248793602,979785.9540603246,9,-0.0008022079087055545
2022-09-25 00:00:00+03:00,771858.8781068517,202812.4545402527,974671.3326471044,8,-0.0052201415952379815
2022-09-26 00:00:00+03:00,763634.5470959467,205288.08207130432,968922.629167251,8,-0.005898094349651717
2022-09-27 00:00:00+03:00,735093.7535757947,235020.33230400085,970114.0858797956,9,0.0012296716751971637
2022-09-28 00:00:00+03:00,735093.7535757947,240398.73435401917,975492.4879298139,9,0.005544092316875027
2022-09-29 00:00:00+03:00,724645.6244316406,256888.51779174805,981534.1422233887,9,0.0061934401016212615
2022-10-02 00:00:00+03:00,755786.5032926374,227305.66761398315,983092.1709066206,8,0.0015873402831434458
2022-10-03 00:00:00+03:00,782965.8565183744,204060.55345916748,987026.4099775419,7,0.0040019025553759136
2022-10-04 00:00:00+03:00,810868.0578225814,176424.88047027588,987292.9382928573,6,0.00027003159451566283
2022-10-05 00:00:00+03:00,841947.556308842,147399.1671333313,989346.7234421733,5,0.002080218615629237
2022-10-06 00:00:00+03:00,841947.556308842,146583.61347198486,988531.1697808269,5,-0.0008243355357856474
2022-10-09 00:00:00+03:00,862650.8308553044,122620.20540237427,985271.0362576786,4,-0.003297957234743576
2022-10-10 00:00:00+03:00,862650.8308553044,122117.81380462646,984768.6446599308,4,-0.0005099019247090109
2022-10-11 00:00:00+03:00,897508.3569293782,86758.3045387268,984266.661468105,3,-0.0005097473346129533
2022-10-12 00:00:00+03:00,924476.7428075898,60154.76391220093,984631.5067197907,2,0.000370677242223616
2022-10-13 00:00:00+03:00,983947.4876019224,0.0,983947.4876019224,0,-0.0006946955416317069
2022-10-16 00:00:00+03:00,983947.4876019224,0.0,983947.4876019224,0,0.0
2022-10-17 00:00:00+03:00,983947.4876019224,0.0,983947.4876019224,0,0.0
2022-10-18 00:00:00+03:00,983947.4876019224,0.0,983947.4876019224,0,0.0
2022-10-19 00:00:00+03:00,983947.4876019224,0.0,983947.4876019224,0,0.0
2022-10-20 00:00:00+03:00,983947.4876019224,0.0,983947.4876019224,0,0.0
2022-10-23 00:00:00+03:00,983947.4876019224,0.0,983947.4876019224,0,0.0
2022-10-24 00:00:00+03:00,983947.4876019224,0.0,983947.4876019224,0,0.0
2022-10-25 00:00:00+03:00,983947.4876019224,0.0,983947.4876019224,0,0.0
2022-10-26 00:00:00+03:00,983947.4876019224,0.0,983947.4876019224,0,0.0
2022-10-27 00:00:00+03:00,983947.4876019224,0.0,983947.4876019224,0,0.0
2022-10-30 00:00:00+03:00,983947.4876019224,0.0,983947.4876019224,0,0.0
2022-10-31 00:00:00+03:00,983947.4876019224,0.0,983947.4876019224,0,0.0
2022-11-01 00:00:00+03:00,968936.1093660473,14981.400453567505,983917.5098196148,1,-3.0466851824173524e-05
2022-11-02 00:00:00+03:00,968936.1093660473,15789.919682502747,984726.0290485501,1,0.0008217347703096678
2022-11-03 00:00:00+03:00,968936.1093660473,15718.580317497253,984654.6896835446,1,-7.244590160215836e-05
2022-11-06 00:00:00+03:00,930154.2131968621,54793.19456958771,984947.4077664498,2,0.0002972799357705558
2022-11-07 00:00:00+03:00,892911.1982096442,91576.10790586472,984487.3061155089,3,-0.00046713321677172015
2022-11-08 00:00:00+03:00,892911.1982096442,90942.07786464691,983853.2760742911,3,-0.0006440205346267547
2022-11-09 00:00:00+03:00,857168.4191604989,125423.36627817154,982591.7854386704,4,-0.0012821938659941523
2022-11-10 00:00:00+03:00,872618.2536244718,108270.34464740753,980888.5982718794,3,-0.0017333619027057878
2022-11-13 00:00:00+03:00,872618.2536244718,108633.10430145264,981251.3579259245,3,0.0003698275774477455
2022-11-14 00:00:00+03:00,872618.2536244718,109636.47576618195,982254.7293906538,3,0.0010225427528072206
2022-11-15 00:00:00+03:00,872618.2536244718,109416.5326833725,982034.7863078443,3,-0.00022391654244913184
2022-11-16 00:00:00+03:00,848757.8644758773,133470.38254976273,982228.24702564,4,0.00019699986242138756
2022-11-17 00:00:00+03:00,848757.8644758773,134430.53035259247,983188.3948284697,4,0.0009775200476440649
2022-11-20 00:00:00+03:00,814778.0315001729,166943.02465820312,981721.056158376,5,-0.0014924287937203573
2022-11-21 00:00:00+03:00,782574.5509633452,196717.692363739,979292.2433270842,6,-0.00247403558888315
2022-11-22 00:00:00+03:00,819304.1584761462,159863.07722187042,979167.2356980166,5,-0.00012765099480716025
2022-11-24 00:00:00+03:00,793175.837646502,183103.62832260132,976279.4659691033,6,-0.0029492099241400505
2022-11-27 00:00:00+03:00,862564.3735624359,108014.2888469696,970578.6624094055,4,-0.005839315235457665
2022-11-28 00:00:00+03:00,850108.2737958971,119953.58650588989,970061.860301787,4,-0.0005324680292635442
2022-11-29 00:00:00+03:00,817990.1350453119,151365.3857574463,969355.5208027582,5,-0.0007281386145921998
2022-11-30 00:00:00+03:00,760255.030260678,209721.50888633728,969976.5391470153,7,0.0006406507529279626
2022-12-01 00:00:00+03:00,760255.030260678,209471.01437568665,969726.0446363647,7,-0.0002582480096590123
2022-12-04 00:00:00+03:00,737551.3055386638,231234.9158229828,968786.2213616465,8,-0.0009691636931031811
2022-12-05 00:00:00+03:00,767669.4800153752,193773.41086387634,961442.8908792515,7,-0.007579928698896898
2022-12-06 00:00:00+03:00,716981.7291102303,245683.85251045227,962665.5816206826,9,0.001271724772246241
2022-12-07 00:00:00+03:00,745874.8966085945,211830.89555168152,957705.792160276,8,-0.005152141673182786
2022-12-08 00:00:00+03:00,722568.131056537,236151.6223974228,958719.7534539598,9,0.001058739857254798
2022-12-11 00:00:00+03:00,740411.6593643774,217743.8115053177,958155.4708696951,8,-0.0005885792821435087
2022-12-12 00:00:00+03:00,702367.7701178689,253836.48556423187,956204.2556821008,9,-0.0020364285827468853
2022-12-13 00:00:00+03:00,602860.5953540531,355677.4438199997,958538.0391740528,13,0.002440674655110442
2022-12-14 00:00:00+03:00,637751.7666733493,320271.2254972458,958022.9921705951,12,-0.0005373255754164141
2022-12-15 00:00:00+03:00,646964.2874718456,313392.5901451111,960356.8776169567,12,0.0024361476346967947
2022-12-18 00:00:00+03:00,646964.2874718456,311783.06164073944,958747.3491125851,12,-0.001675969154680823
2022-12-19 00:00:00+03:00,585168.7936460444,372005.6025156975,957174.3961617419,15,-0.0016406334289206237
2022-12-20 00:00:00+03:00,610277.2760612676,348847.5548443794,959124.830905647,14,0.002037700498181305
2022-12-21 00:00:00+03:00,610277.2760612676,350149.8811278343,960427.1571891019,14,0.0013578277211583334
2022-12-22 00:00:00+03:00,661963.2721127593,297877.8933095932,959841.1654223525,12,-0.000610136606782774
2022-12-25 00:00:00+03:00,686069.2660596616,275145.473795414,961214.7398550756,11,0.0014310434707378583
2022-12-26 00:00:00+03:00,702426.383136035,256482.6535410881,958909.036677123,10,-0.0023987388898136786
2022-12-27 00:00:00+03:00,713948.5365032909,245434.66709709167,959383.2036003825,10,0.0004944858220365944
2022-12-28 00:00:00+03:00,821409.265047481,139390.7300271988,960799.9950746798,6,0.0014767732736828965
2022-12-29 00:00:00+03:00,875151.1299820035,86029.94955348969,961181.0795354932,4,0.0003966324550028766
2023-01-01 00:00:00+03:00,894431.2254231808,66894.4718117714,961325.6972349522,3,0.00015045832938054282
2023-01-02 00:00:00+03:00,894431.2254231808,67452.39061641693,961883.6160395978,3,0.0005803639767980595
2023-01-03 00:00:00+03:00,894431.2254231808,67452.39061641693,961883.6160395978,3,0.0
2023-01-04 00:00:00+03:00,940847.0072079325,21336.77925014496,962183.7864580775,1,0.000312065216076407
2023-01-05 00:00:00+03:00,940847.0072079325,21444.0,962291.0072079325,1,0.00011143479173525428
2023-01-08 00:00:00+03:00,940847.0072079325,21444.0,962291.0072079325,1,0.0
2023-01-09 00:00:00+03:00,940847.0072079325,21551.22074985504,962398.2279577876,1,0.00011142237540617828
2023-01-10 00:00:00+03:00,940847.0072079325,21515.47993183136,962362.4871397639,1,-3.713724421494646e-05
2023-01-11 00:00:00+03:00,940847.0072079325,21301.04013633728,962148.0473442698,1,-0.0002228264280452752
2023-01-12 00:00:00+03:00,961998.4601494612,0.0,961998.4601494612,0,-0.0001554721180607732
2023-01-15 00:00:00+03:00,961998.4601494612,0.0,961998.4601494612,0,0.0
2023-01-16 00:00:00+03:00,961998.4601494612,0.0,961998.4601494612,0,0.0
2023-01-17 00:00:00+03:00,896984.0394927639,62811.184299468994,959795.2237922329,2,-0.002290270149586271
2023-01-18 00:00:00+03:00,896984.0394927639,62811.184299468994,959795.2237922329,2,0.0
2023-01-19 00:00:00+03:00,896984.0394927639,62954.393129348755,959938.4326221127,2,0.00014920769173443205
2023-01-22 00:00:00+03:00,896984.0394927639,62954.393129348755,959938.4326221127,2,0.0
2023-01-23 00:00:00+03:00,896984.0394927639,62178.73861885071,959162.7781116146,2,-0.0008080252692658219
2023-01-24 00:00:00+03:00,896984.0394927639,62427.818908691406,959411.8584014553,2,0.0002596851082263818
2023-01-25 00:00:00+03:00,896984.0394927639,61740.21135139465,958724.2508441586,2,-0.0007166969547806046
2023-01-26 00:00:00+03:00,922739.2237126485,36103.38943862915,958842.6131512776,1,0.00012345813409320172
2023-01-29 00:00:00+03:00,885867.422826225,72850.85277366638,958718.2755998914,2,-0.00012967461988111495
2023-01-30 00:00:00+03:00,885867.422826225,73436.49538230896,959303.918208534,2,0.0006108599612082433
2023-01-31 00:00:00+03:00,850418.967187144,109232.34627723694,959651.3134643809,3,0.0003621326351879173
2023-02-01 00:00:00+03:00,850418.967187144,108496.78206062317,958915.7492477671,3,-0.0007664911268222552
2023-02-02 00:00:00+03:00,886247.7672692989,71732.58739471436,957980.3546640133,2,-0.0009754710823006718
2023-02-05 00:00:00+03:00,819405.7252888182,137289.7313594818,956695.4566483,4,-0.001341257166138754
2023-02-06 00:00:00+03:00,819405.7252888182,135050.2923336029,954456.0176224211,4,-0.002340806586167532
2023-02-07 00:00:00+03:00,819405.7252888182,132747.5207042694,952153.2459930877,4,-0.0024126534767623387
2023-02-08 00:00:00+03:00,730790.9861573944,220382.89850616455,951173.8846635589,7,-0.0010285753198344683
2023-02-09 00:00:00+03:00,730790.9861573944,220600.59750556946,951391.5836629638,7,0.00022887402914961719
2023-02-12 00:00:00+03:00,730790.9861573944,220360.58368873596,951151.5698461303,7,-0.00025227658196158576
2023-02-13 00:00:00+03:00,701565.9585833654,253949.66272354126,955515.6213069067,8,0.004588176689318102
2023-02-14 00:00:00+03:00,620687.922197791,333006.4483718872,953694.3705696783,11,-0.0019060397303996002
2023-02-15 00:00:00+03:00,620687.922197791,337000.12397766113,957688.0461754522,11,0.004187584334159666
2023-02-16 00:00:00+03:00,655659.5214362257,300337.6657047272,955997.1871409529,10,-0.0017655634747157922
2023-02-19 00:00:00+03:00,655659.5214362257,301460.24188137054,957119.7633175963,10,0.0011742463176074303
2023-02-20 00:00:00+03:00,685155.4989001352,269169.1876602173,954324.6865603524,9,-0.002920299908504065
2023-02-21 00:00:00+03:00,727266.00395833,223450.7762041092,950716.7801624392,8,-0.0037805858411953386
2023-02-23 00:00:00+03:00,720501.4385721649,227110.299390316,947611.7379624809,8,-0.003266001257943296
2023-02-26 00:00:00+03:00,752075.2689207257,194073.07891988754,946148.3478406132,7,-0.001544292945351411
2023-02-27 00:00:00+03:00,665386.1538396233,279686.87969350815,945073.0335331315,10,-0.0011365176612483374
2023-02-28 00:00:00+03:00,665386.1538396233,282465.54685258865,947851.700692212,10,0.0029401613002251192
2023-03-01 00:00:00+03:00,665386.1538396233,285836.80470085144,951222.9585404748,10,0.0035567355587384775
2023-03-02 00:00:00+03:00,721273.4867757197,232789.1752705574,954062.6620462771,8,0.0029853185105619406
2023-03-05 00:00:00+03:00,721273.4867757197,236158.56486034393,957432.0516360636,8,0.0035316229466100246
2023-03-06 00:00:00+03:00,721273.4867757197,236321.052775383,957594.5395511027,8,0.0001697122158814679
2023-03-07 00:00:00+03:00,721273.4867757197,237214.74005413055,958488.2268298502,8,0.000933262713848082
2023-03-08 00:00:00+03:00,752084.577754463,207965.61313915253,960050.1908936155,7,0.0016296121538512676
2023-03-09 00:00:00+03:00,807800.564728381,152138.0268201828,959938.5915485638,5,-0.00011624324031200839
2023-03-12 00:00:00+03:00,869296.9581470413,90087.65423583984,959384.6123828811,3,-0.000577098546261201
2023-03-13 00:00:00+03:00,869296.9581470413,90087.65423583984,959384.6123828811,3,0.0
2023-03-14 00:00:00+03:00,869296.9581470413,88666.6388721466,957963.5970191879,3,-0.0014811738122042506
2023-03-15 00:00:00+03:00,954666.5701230234,0.0,954666.5701230234,0,-0.003441703741586366
2023-03-16 00:00:00+03:00,954666.5701230234,0.0,954666.5701230234,0,0.0
2023-03-19 00:00:00+03:00,954666.5701230234,0.0,954666.5701230234,0,0.0
2023-03-20 00:00:00+03:00,954666.5701230234,0.0,954666.5701230234,0,0.0
2023-03-21 00:00:00+03:00,954666.5701230234,0.0,954666.5701230234,0,0.0
2023-03-22 00:00:00+03:00,954666.5701230234,0.0,954666.5701230234,0,0.0
2023-03-23 00:00:00+03:00,954666.5701230234,0.0,954666.5701230234,0,0.0
2023-03-26 00:00:00+03:00,954666.5701230234,0.0,954666.5701230234,0,0.0
2023-03-27 00:00:00+03:00,954666.5701230234,0.0,954666.5701230234,0,0.0
2023-03-28 00:00:00+03:00,954666.5701230234,0.0,954666.5701230234,0,0.0
2023-03-29 00:00:00+03:00,954666.5701230234,0.0,954666.5701230234,0,0.0
2023-03-30 00:00:00+03:00,954666.5701230234,0.0,954666.5701230234,0,0.0
2023-04-02 00:00:00+03:00,954666.5701230234,0.0,954666.5701230234,0,0.0
2023-04-03 00:00:00+03:00,954666.5701230234,0.0,954666.5701230234,0,0.0
2023-04-04 00:00:00+03:00,954666.5701230234,0.0,954666.5701230234,0,0.0
2023-04-05 00:00:00+03:00,954666.5701230234,0.0,954666.5701230234,0,0.0
2023-04-06 00:00:00+03:00,954666.5701230234,0.0,954666.5701230234,0,0.0
2023-04-09 00:00:00+03:00,954666.5701230234,0.0,954666.5701230234,0,0.0
2023-04-10 00:00:00+03:00,954666.5701230234,0.0,954666.5701230234,0,0.0
2023-04-11 00:00:00+03:00,954666.5701230234,0.0,954666.5701230234,0,0.0
2023-04-12 00:00:00+03:00,954666.5701230234,0.0,954666.5701230234,0,0.0
2023-04-13 00:00:00+03:00,954666.5701230234,0.0,954666.5701230234,0,0.0
2023-04-16 00:00:00+03:00,954666.5701230234,0.0,954666.5701230234,0,0.0
2023-04-17 00:00:00+03:00,954666.5701230234,0.0,954666.5701230234,0,0.0
2023-04-25 00:00:00+03:00,954666.5701230234,0.0,954666.5701230234,0,0.0
2023-04-26 00:00:00+03:00,954666.5701230234,0.0,954666.5701230234,0,0.0
2023-04-27 00:00:00+03:00,954666.5701230234,0.0,954666.5701230234,0,0.0
2023-04-30 00:00:00+03:00,954666.5701230234,0.0,954666.5701230234,0,0.0
2023-05-01 00:00:00+03:00,954666.5701230234,0.0,954666.5701230234,0,0.0
2023-05-02 00:00:00+03:00,954666.5701230234,0.0,954666.5701230234,0,0.0
2023-05-03 00:00:00+03:00,954666.5701230234,0.0,954666.5701230234,0,0.0
2023-05-04 00:00:00+03:00,954666.5701230234,0.0,954666.5701230234,0,0.0
2023-05-07 00:00:00+03:00,954666.5701230234,0.0,954666.5701230234,0,0.0
2023-05-08 00:00:00+03:00,954666.5701230234,0.0,954666.5701230234,0,0.0
2023-05-09 00:00:00+03:00,920432.5054337838,34165.69912528992,954598.2045590737,1,-7.16119806529747e-05
2023-05-10 00:00:00+03:00,920432.5054337838,33248.5,953681.0054337838,1,-0.0009608221772359204
2023-05-11 00:00:00+03:00,883583.765978655,70711.54217624664,954295.3081549016,2,0.00064413857214074
2023-05-14 00:00:00+03:00,866157.51580806,88077.28107357025,954234.7968816302,3,-6.340937941773372e-05
2023-05-15 00:00:00+03:00,866157.51580806,89354.19858837128,955511.7143964312,3,0.0013381586156508973
2023-05-16 00:00:00+03:00,866157.51580806,88071.7888841629,954229.3046922229,3,-0.001342118243959356
2023-05-17 00:00:00+03:00,866157.51580806,88102.80725002289,954260.3230580828,3,3.250619710315483e-05
2023-05-18 00:00:00+03:00,866157.51580806,88532.08861064911,954689.6044187091,3,0.0004498577068052789
2023-05-21 00:00:00+03:00,866157.51580806,88616.98959732056,954774.5054053805,3,8.893046104052615e-05
2023-05-22 00:00:00+03:00,866157.51580806,89301.50576114655,955459.0215692065,3,0.0007169401360747063
2023-05-23 00:00:00+03:00,866157.51580806,89654.87756347656,955812.3933715365,3,0.0003698450633180528
2023-05-24 00:00:00+03:00,831481.6190961413,124047.52266025543,955529.1417563967,4,-0.00029634645575227214
2023-05-25 00:00:00+03:00,799032.8684598857,155535.57192993164,954568.4403898173,5,-0.0010054129430459025
2023-05-28 00:00:00+03:00,834969.3306847663,118788.34090328217,953757.6715880485,4,-0.000849356387099709
2023-05-29 00:00:00+03:00,834969.3306847663,118738.8233718872,953708.1540566535,4,-5.1918357115265934e-05
2023-05-30 00:00:00+03:00,852100.9291956293,101254.211353302,953355.1405489313,3,-0.00037014835851056915
2023-05-31 00:00:00+03:00,734081.1735973551,216305.73499679565,950386.9085941508,7,-0.003113458803055802
2023-06-01 00:00:00+03:00,736942.9893527088,213637.39553070068,950580.3848834095,7,0.00020357634086609622
2023-06-04 00:00:00+03:00,736942.9893527088,218338.7240715027,955281.7134242115,7,0.0049457453736314605
2023-06-05 00:00:00+03:00,736942.9893527088,220518.59827041626,957461.5876231251,7,0.002281917646156817
2023-06-06 00:00:00+03:00,736942.9893527088,220938.37324523926,957881.362597948,7,0.000438424872861054
2023-06-07 00:00:00+03:00,765029.648894074,192530.96299362183,957560.6118876958,6,-0.00033485431784818775
2023-06-08 00:00:00+03:00,800003.8280337788,156901.52223968506,956905.3502734639,5,-0.0006843030154929375
2023-06-11 00:00:00+03:00,833454.5257110308,124790.94318723679,958245.4688982676,4,0.0014004714514561645
2023-06-12 00:00:00+03:00,833454.5257110308,124922.09389066696,958376.6196016978,4,0.000136865456385582
2023-06-13 00:00:00+03:00,833454.5257110308,125638.10834980011,959092.6340608309,4,0.0007471117768198532
2023-06-14 00:00:00+03:00,833454.5257110308,126925.45092630386,960379.9766373347,4,0.0013422505092683945
2023-06-15 00:00:00+03:00,833454.5257110308,125715.54137086868,959170.0670818995,4,-0.0012598238039818188
2023-06-18 00:00:00+03:00,890815.0747302049,68448.93345880508,959264.00818901,2,9.793999034624079e-05
2023-06-19 00:00:00+03:00,890815.0747302049,67691.81930494308,958506.894035148,2,-0.0007892656738902604
2023-06-20 00:00:00+03:00,890815.0747302049,67654.36370801926,958469.4384382241,2,-3.907702402239366e-05
2023-06-21 00:00:00+03:00,890815.0747302049,67722.37120485306,958537.445935058,2,7.095426740422184e-05
2023-06-22 00:00:00+03:00,890815.0747302049,67729.27490186691,958544.3496320718,2,7.202323751842599e-06
2023-07-02 00:00:00+03:00,958871.3177517882,0.0,958871.3177517882,0,0.0003411090158131902
2023-07-03 00:00:00+03:00,958871.3177517882,0.0,958871.3177517882,0,0.0
2023-07-04 00:00:00+03:00,958871.3177517882,0.0,958871.3177517882,0,0.0
2023-07-05 00:00:00+03:00,906097.5224281305,52592.98567390442,958690.5081020349,2,-0.00018856508314091247
2023-07-06 00:00:00+03:00,906097.5224281305,52194.07845592499,958291.6008840555,2,-0.0004160959294039479
2023-07-09 00:00:00+03:00,877595.955115786,80774.98628044128,958370.9413962273,3,8.279370506714123e-05
2023-07-10 00:00:00+03:00,877595.955115786,81204.17942905426,958800.1345448403,3,0.00044783614577004194
2023-07-11 00:00:00+03:00,842472.9753097083,117157.93686008453,959630.9121697928,4,0.0008664763333048331
2023-07-12 00:00:00+03:00,842472.9753097083,118220.60804271698,960693.5833524253,4,0.0011073748971150987
2023-07-13 00:00:00+03:00,842472.9753097083,118803.01615333557,961275.9914630438,4,0.0006062371194217597
2023-07-16 00:00:00+03:00,873400.4270685285,87620.70599937439,961021.1330679029,3,-0.00026512510184828475
2023-07-17 00:00:00+03:00,873400.4270685285,87519.85114383698,960920.2782123655,3,-0.00010494551271256203
2023-07-18 00:00:00+03:00,838470.913189,122236.99694347382,960707.9101324738,4,-0.0002210048894865091
2023-07-19 00:00:00+03:00,838470.913189,121796.76035022736,960267.6735392273,4,-0.0004582418741464478
2023-07-20 00:00:00+03:00,838470.913189,120779.67373943329,959250.5869284333,4,-0.001059169894833012
2023-07-23 00:00:00+03:00,889728.0827627175,69792.47451019287,959520.5572729104,2,0.0002814388108340893
2023-07-24 00:00:00+03:00,889728.0827627175,69602.6457939148,959330.7285566323,2,-0.00019783704980491645
2023-07-25 00:00:00+03:00,889728.0827627175,70035.39388275146,959763.476645469,2,0.00045109374270513314
2023-07-26 00:00:00+03:00,889728.0827627175,70089.82772827148,959817.910490989,2,5.671589599365312e-05
2023-07-27 00:00:00+03:00,887907.9386894479,71647.84494018555,959555.7836296335,2,-0.00027310061470031677
2023-07-30 00:00:00+03:00,887907.9386894479,71437.98313903809,959345.921828486,2,-0.00021870724425587795
2023-07-31 00:00:00+03:00,852359.9229942267,106425.82419586182,958785.7471900885,3,-0.0005839130866682751
2023-08-01 00:00:00+03:00,818264.4900991742,139981.23652267456,958245.7266218488,4,-0.0005632338296875927
2023-08-02 00:00:00+03:00,800123.7087791428,156763.0887145996,956886.7974937424,5,-0.0014181426437424038
2023-08-03 00:00:00+03:00,730615.805731004,224955.5267047882,955571.3324357922,8,-0.0013747342542458352
2023-08-06 00:00:00+03:00,730615.805731004,228087.96187210083,958703.7676031048,8,0.003278075702970229
2023-08-07 00:00:00+03:00,763693.8601363552,190572.11192846298,954265.9720648181,7,-0.004628953894049825
2023-08-08 00:00:00+03:00,733121.4056843717,222779.57116878033,955900.976853152,8,0.0017133638170039323
2023-08-09 00:00:00+03:00,676240.7991888033,281040.20098924637,957281.0001780497,10,0.001443688581050262
2023-08-10 00:00:00+03:00,676240.7991888033,285041.7766984701,961282.5758872734,10,0.004180147426387393
2023-08-13 00:00:00+03:00,715540.4670758594,248777.0507749319,964317.5178507913,9,0.0031571798341571977
2023-08-14 00:00:00+03:00,705817.8892389039,257287.12500810623,963105.0142470101,9,-0.0012573696747556484
2023-08-15 00:00:00+03:00,696686.7259317884,262023.43507015705,958710.1610019455,9,-0.004563212920764115
2023-08-16 00:00:00+03:00,716378.2121182164,240309.96506023407,956688.1771784505,8,-0.002109066854347086
2023-08-17 00:00:00+03:00,709907.63033043,245977.23413181305,955884.864462243,9,-0.0008396808232508102
2023-08-20 00:00:00+03:00,708914.8138753361,248394.57691287994,957309.390788216,9,0.0014902697792733566
2023-08-21 00:00:00+03:00,708914.8138753361,246903.2013130188,955818.0151883549,9,-0.0015578825552240438
2023-08-22 00:00:00+03:00,683258.2574192479,271522.18842983246,954780.4458490803,10,-0.0010855302189194393
2023-08-23 00:00:00+03:00,683258.2574192479,270883.64182567596,954141.8992449238,10,-0.000668788941931675
2023-08-24 00:00:00+03:00,731045.9556245721,223862.90853881836,954908.8641633905,8,0.0008038268931209736
2023-08-27 00:00:00+03:00,731045.9556245721,225125.72667884827,956171.6823034204,8,0.00132244886127042
2023-08-28 00:00:00+03:00,731045.9556245721,224851.55854797363,955897.5141725458,8,-0.00028673525471301087
2023-08-29 00:00:00+03:00,731045.9556245721,225569.65833950043,956615.6139640725,8,0.0007512309435686593
2023-08-30 00:00:00+03:00,761906.8329866523,196402.48989868164,958309.3228853339,7,0.0017705219280739204
2023-08-31 00:00:00+03:00,723155.5374791196,232770.2631034851,955925.8005826047,8,-0.002487216022852401
2023-09-03 00:00:00+03:00,806845.9751515067,150206.4139060974,957052.3890576041,5,0.0011785312984677887
2023-09-04 00:00:00+03:00,806845.9751515067,147685.5253982544,954531.5005497611,5,-0.0026340130766773218
2023-09-05 00:00:00+03:00,801868.276228267,152675.2600774765,954543.5363057435,5,1.2609071545099937e-05
2023-09-06 00:00:00+03:00,769789.9587741813,183491.72698307037,953281.6857572517,6,-0.001321941326401288
2023-09-07 00:00:00+03:00,763622.055477938,189569.9100151062,953191.9654930442,6,-9.411726412866805e-05
2023-09-10 00:00:00+03:00,763622.055477938,189569.9100151062,953191.9654930442,6,0.0
2023-09-11 00:00:00+03:00,768465.8942907661,191215.47884178162,959681.3731325477,6,0.006808080506791603
2023-09-12 00:00:00+03:00,768465.8942907661,189436.9346704483,957902.8289612144,6,-0.00185326528275509
2023-09-13 00:00:00+03:00,737710.4353820272,220494.76763629913,958205.2030183263,7,0.0003156625577980243
2023-09-14 00:00:00+03:00,678124.8677894508,279876.9175825119,958001.7853719627,9,-0.00021229027532188027
2023-09-17 00:00:00+03:00,708566.9867242451,249458.55370140076,958025.5404256459,8,2.4796460764475725e-05
2023-09-18 00:00:00+03:00,737617.0401574523,217633.6531639099,955250.6933213623,7,-0.0028964228897809807
2023-09-19 00:00:00+03:00,708084.1433957827,247877.55278205872,955961.6961778414,8,0.0007443102229081067
2023-09-20 00:00:00+03:00,652567.8238813436,302279.29368400574,954847.1175653493,10,-0.0011659239245133124
2023-09-21 00:00:00+03:00,657996.3721386438,295453.0057926178,953449.3779312616,10,-0.0014638360512116977
2023-09-25 00:00:00+03:00,721897.3073935832,229900.28070640564,951797.5880999889,8,-0.0017324357952349656
2023-09-26 00:00:00+03:00,748603.5343896132,201111.6329574585,949715.1673470717,7,-0.002187881939346159
2023-09-27 00:00:00+03:00,749006.9887302143,202487.13375091553,951494.1224811298,7,0.001873145965466172
2023-09-28 00:00:00+03:00,749006.9887302143,201515.21967315674,950522.208403371,7,-0.00102146093685207
2023-10-01 00:00:00+03:00,807863.2994099775,142841.49155044556,950704.7909604231,5,0.00019208657666047735
2023-10-02 00:00:00+03:00,807863.2994099775,142969.56023025513,950832.8596402326,5,0.000134709197878502
2023-10-03 00:00:00+03:00,834466.5733590717,113440.47177124023,947907.045130312,4,-0.0030771070648817345
2023-10-04 00:00:00+03:00,836888.0468682642,109139.12887954712,946027.1757478113,4,-0.0019831790386600767
2023-10-05 00:00:00+03:00,789965.256362902,152574.33659267426,942539.5929555763,5,-0.003686556667336971
2023-10-08 00:00:00+03:00,816741.8023045231,123009.69858264923,939751.5008871723,4,-0.002958063607345296
2023-10-09 00:00:00+03:00,752663.8027338692,185976.16893672943,938639.9716705986,6,-0.0011827905733848842
2023-10-10 00:00:00+03:00,725303.3857346256,215443.11532497406,940746.5010595997,7,0.0022442357587348916
2023-10-11 00:00:00+03:00,731668.4307162642,207150.70952129364,938819.1402375578,7,-0.0020487568328673156
2023-10-12 00:00:00+03:00,731668.4307162642,205652.8624982834,937321.2932145476,7,-0.0015954585487373274
2023-10-15 00:00:00+03:00,752607.5893797256,183202.6382074356,935810.2275871612,6,-0.0016121106373292449
2023-10-16 00:00:00+03:00,725297.481708571,211548.4606294632,936845.9423380342,7,0.0011067572466516573
2023-10-17 00:00:00+03:00,696266.3910883929,241786.35556983948,938052.7466582324,8,0.0012881566388456278
2023-10-18 00:00:00+03:00,696266.3910883929,240039.55331420898,936305.9444026019,8,-0.0018621578177275833
2023-10-19 00:00:00+03:00,696266.3910883929,238675.13176250458,934941.5228508975,8,-0.001457239014513556
2023-10-22 00:00:00+03:00,735399.1512933379,196711.33896636963,932110.4902597076,7,-0.0030280317239065324
2023-10-23 00:00:00+03:00,777403.9156973405,149237.10842704773,926641.0241243882,5,-0.005867830254539297
2023-10-24 00:00:00+03:00,750231.8929580594,179258.32207489014,929490.2150329496,6,0.003074751532022413
2023-10-25 00:00:00+03:00,720202.8858827964,213194.3070716858,933397.1929544822,7,0.00420335562262375
2023-10-26 00:00:00+03:00,744046.3297515407,185469.47968101501,929515.8094325557,6,-0.004158340684141892
2023-10-29 00:00:00+03:00,744046.3297515407,186517.93392181396,930564.2636733546,6,0.001127957405521629
2023-10-30 00:00:00+03:00,744046.3297515407,186211.29294776917,930257.6226993098,6,-0.00032952154516907584
2023-10-31 00:00:00+03:00,720779.8665315406,211807.02522277832,932586.891754319,7,0.0025038967681343394
2023-11-01 00:00:00+03:00,791324.6446366325,143606.01525497437,934930.6598916069,5,0.00251319009307438
2023-11-02 00:00:00+03:00,791324.6446366325,145778.47301101685,937103.1176476494,5,0.0023236565546951304
2023-11-05 00:00:00+03:00,823889.511669561,117091.47456741333,940980.9862369744,4,0.004138145009120686
2023-11-06 00:00:00+03:00,823889.511669561,116766.06479263306,940655.5764621941,4,-0.00034581971319269655
2023-11-07 00:00:00+03:00,823889.511669561,115797.39413452148,939686.9058040825,4,-0.0010297825073813938
2023-11-08 00:00:00+03:00,856586.899926932,80248.21947669983,936835.1194036318,3,-0.0030348261562828105
2023-11-09 00:00:00+03:00,856586.899926932,80514.67963981628,937101.5795667482,3,0.0002844258905303487
2023-11-12 00:00:00+03:00,884831.8458056544,52013.85010719299,936845.6959128474,2,-0.00027305860909887514
2023-11-13 00:00:00+03:00,884831.8458056544,51985.749464035034,936817.5952696895,2,-2.999495357725035e-05
2023-11-14 00:00:00+03:00,884831.8458056544,52007.44815826416,936839.2939639186,2,2.3162133523824124e-05
2023-11-15 00:00:00+03:00,910451.5289855421,27481.799249649048,937933.3282351912,1,0.0011677928950264427
2023-11-16 00:00:00+03:00,910451.5289855421,28943.000535964966,939394.5295215071,1,0.0015578946203620436
2023-11-19 00:00:00+03:00,941159.5202201486,0.0,941159.5202201486,0,0.0018788598859953431
2023-11-20 00:00:00+03:00,941159.5202201486,0.0,941159.5202201486,0,0.0
2023-11-21 00:00:00+03:00,941159.5202201486,0.0,941159.5202201486,0,0.0
2023-11-22 00:00:00+03:00,941159.5202201486,0.0,941159.5202201486,0,0.0
2023-11-23 00:00:00+03:00,941159.5202201486,0.0,941159.5202201486,0,0.0
2023-11-26 00:00:00+03:00,941159.5202201486,0.0,941159.5202201486,0,0.0
2023-11-27 00:00:00+03:00,941159.5202201486,0.0,941159.5202201486,0,0.0
2023-11-28 00:00:00+03:00,941159.5202201486,0.0,941159.5202201486,0,0.0
2023-11-29 00:00:00+03:00,941159.5202201486,0.0,941159.5202201486,0,0.0
2023-11-30 00:00:00+03:00,903591.3472075306,37820.60277175903,941411.9499792897,1,0.00026821144951294507
2023-12-03 00:00:00+03:00,903591.3472075306,37534.07998275757,941125.4271902882,1,-0.00030435431482234154
2023-12-04 00:00:00+03:00,903591.3472075306,37247.56060028076,940838.9078078114,1,-0.00030444335494383967
2023-12-05 00:00:00+03:00,903591.3472075306,38066.18935394287,941657.5365614735,1,0.000870105123064624
2023-12-06 00:00:00+03:00,903591.3472075306,38066.18935394287,941657.5365614735,1,0.0
2023-12-07 00:00:00+03:00,903591.3472075306,37984.32715988159,941575.6743674122,1,-8.693414631422147e-05
2023-12-10 00:00:00+03:00,903591.3472075306,37656.87497711182,941248.2221846425,1,-0.00034777043596601054
2023-12-11 00:00:00+03:00,903591.3472075306,37779.669971466064,941371.0171789967,1,0.0001304597357636439
2023-12-12 00:00:00+03:00,903591.3472075306,38148.05154800415,941739.3987555348,1,0.00039132453603896167
2023-12-13 00:00:00+03:00,903591.3472075306,38802.9559135437,942394.3031210743,1,0.0006954199499404901
2023-12-14 00:00:00+03:00,903591.3472075306,38434.57093048096,942025.9181380116,1,-0.00039090323640822433
2023-12-17 00:00:00+03:00,942235.0375199803,0.0,942235.0375199803,0,0.00022198898983805115
2023-12-18 00:00:00+03:00,942235.0375199803,0.0,942235.0375199803,0,0.0
2023-12-19 00:00:00+03:00,942235.0375199803,0.0,942235.0375199803,0,0.0
2023-12-20 00:00:00+03:00,904515.5119824302,37644.19949436188,942159.7114767921,1,-7.994400567667981e-05
2023-12-21 00:00:00+03:00,868300.9909396961,73945.46110630035,942246.4520459964,2,9.206567437325397e-05
2023-12-24 00:00:00+03:00,868300.9909396961,73522.58150959015,941823.5724492862,2,-0.0004487993515835953
2023-12-25 00:00:00+03:00,868300.9909396961,73150.16060066223,941451.1515403583,2,-0.00039542534273107055
2023-12-26 00:00:00+03:00,868300.9909396961,72932.31829547882,941233.3092351749,2,-0.00023138991845406132
2023-12-27 00:00:00+03:00,868183.6869640236,72535.25991153717,940718.9468755608,2,-0.0005464770047630685
2023-12-28 00:00:00+03:00,868183.6869640236,73592.46140098572,941776.1483650093,2,0.001123822894138371
2023-12-31 00:00:00+03:00,868183.6869640236,74334.1806936264,942517.86765765,2,0.0007875749390429121
2024-01-01 00:00:00+03:00,868183.6869640236,74177.03959465027,942360.7265586739,2,-0.00016672479575019494
2024-01-02 00:00:00+03:00,868183.6869640236,73753.8000125885,941937.4869766121,2,-0.000449126932111632
2024-01-03 00:00:00+03:00,868183.6869640236,73125.84059715271,941309.5275611763,2,-0.000666667824689049
2024-01-04 00:00:00+03:00,805502.632043773,135827.64279270172,941330.2748364747,4,2.2040864020578255e-05
2024-01-07 00:00:00+03:00,843349.9425304065,99910.83760643005,943260.7801368366,3,0.0020508267416525783
2024-01-08 00:00:00+03:00,843349.9425304065,100899.76773548126,944249.7102658878,3,0.0010484164611483937
2024-01-09 00:00:00+03:00,843349.9425304065,100339.41664409637,943689.3591745029,3,-0.0005934352801941767
2024-01-10 00:00:00+03:00,843349.9425304065,99895.48934841156,943245.4318788181,3,-0.0004704167651875535
2024-01-11 00:00:00+03:00,843349.9425304065,99617.43063354492,942967.3731639514,3,-0.00029478935754057023
2024-01-14 00:00:00+03:00,913217.3989119075,26933.460205078125,940150.8591169856,1,-0.002986862671097046
2024-01-15 00:00:00+03:00,876658.5134138712,62706.032218933105,939364.5456328043,2,-0.0008363694789577103
2024-01-16 00:00:00+03:00,876658.5134138712,63349.26110076904,940007.7745146402,2,0.0006847489452592725
2024-01-17 00:00:00+03:00,841612.1143087149,99391.53116607666,941003.6454747915,3,0.0010594284293716782
2024-01-18 00:00:00+03:00,841612.1143087149,99975.19980621338,941587.3141149282,3,0.0006202618267672211
2024-01-21 00:00:00+03:00,869739.3113091453,71863.17555999756,941602.4868691429,2,1.6114017242108147e-05
2024-01-22 00:00:00+03:00,869739.3113091453,71863.17555999756,941602.4868691429,2,0.0
2024-01-23 00:00:00+03:00,869739.3113091453,73054.42026519775,942793.731574343,2,0.001265124850255095
2024-01-24 00:00:00+03:00,869739.3113091453,73501.35404205322,943240.6653511985,2,0.00047405255453836226
2024-01-25 00:00:00+03:00,834919.6336689185,107729.04371833801,942648.6773872565,3,-0.0006276107314792112
2024-01-28 00:00:00+03:00,834919.6336689185,108634.46461296082,943554.0982818793,3,0.0009605072561416073
2024-01-29 00:00:00+03:00,834919.6336689185,109322.70284461975,944242.3365135383,3,0.0007294104629635978
2024-01-30 00:00:00+03:00,834919.6336689185,106783.07641220093,941702.7100811194,3,-0.0026895917861466945
2024-01-31 00:00:00+03:00,816813.9869535455,123686.87591362,940500.8628671655,4,-0.001276249076367697
2024-02-01 00:00:00+03:00,816813.9869535455,123610.22807121277,940424.2150247582,4,-8.149683369085281e-05
2024-02-04 00:00:00+03:00,851988.6467355667,89608.87786865234,941597.524604219,3,0.0012476386302215925
2024-02-05 00:00:00+03:00,818937.9552888507,123909.59959220886,942847.5548810596,4,0.001327563257311981
2024-02-06 00:00:00+03:00,786149.9605730141,159395.01010131836,945544.9706743325,5,0.0028609246312498726
2024-02-07 00:00:00+03:00,786149.9605730141,160183.96307182312,946333.9236448372,5,0.0008343896852860411
2024-02-08 00:00:00+03:00,786149.9605730141,160183.96307182312,946333.9236448372,5,0.0
2024-02-11 00:00:00+03:00,845544.209518759,102097.31129074097,947641.5208095,3,0.0013817502807322857
2024-02-12 00:00:00+03:00,845544.209518759,102249.704662323,947793.914181082,3,0.00016081331203365856
2024-02-13 00:00:00+03:00,845544.209518759,103346.18447875977,948890.3939975188,3,0.0011568757722866252
2024-02-14 00:00:00+03:00,881172.0652356849,68788.7056274414,949960.7708631263,2,0.0011280300363227802
2024-02-15 00:00:00+03:00,881172.0652356849,68669.51133728027,949841.5765729651,2,-0.00012547285510833284
2024-02-18 00:00:00+03:00,915147.8969622995,34164.945320129395,949312.8422824289,1,-0.0005566552397547886
2024-02-19 00:00:00+03:00,886986.7973157152,62342.8056678772,949329.6029835924,2,1.765561405786542e-05
2024-02-20 00:00:00+03:00,886986.7973157152,62668.990547180176,949655.7878628954,2,0.0003435949729975185
2024-02-21 00:00:00+03:00,886986.7973157152,63185.9013633728,950172.698679088,2,0.000544313869087043
2024-02-25 00:00:00+03:00,921577.0052883639,27666.862350463867,949243.8676388278,1,-0.0009775391795107113
2024-02-26 00:00:00+03:00,921577.0052883639,27812.86502456665,949389.8703129306,1,0.00015380944673992758
2024-02-27 00:00:00+03:00,921577.0052883639,27520.869415283203,949097.8747036471,1,-0.0003075613279791556
2024-02-28 00:00:00+03:00,921577.0052883639,27739.86855697632,949316.8738453402,1,0.00023074452859939143
2024-02-29 00:00:00+03:00,921577.0052883639,27812.86502456665,949389.8703129306,1,7.689367965690863e-05
2024-03-03 00:00:00+03:00,921577.0052883639,27557.36764907837,949134.3729374423,1,-0.000269117444242406
2024-03-04 00:00:00+03:00,921577.0052883639,27447.866455078125,949024.871743442,1,-0.0001153695378889319
2024-03-05 00:00:00+03:00,921577.0052883639,27447.866455078125,949024.871743442,1,0.0
2024-03-06 00:00:00+03:00,949006.4287322242,0.0,949006.4287322242,0,-1.9433643697830405e-05
2024-03-07 00:00:00+03:00,949006.4287322242,0.0,949006.4287322242,0,0.0
2024-03-10 00:00:00+03:00,949006.4287322242,0.0,949006.4287322242,0,0.0
2024-03-11 00:00:00+03:00,949006.4287322242,0.0,949006.4287322242,0,0.0
2024-03-12 00:00:00+03:00,949006.4287322242,0.0,949006.4287322242,0,0.0
2024-03-13 00:00:00+03:00,911033.9503461104,37706.457458496094,948740.4078046065,1,-0.00028031520078641847
2024-03-14 00:00:00+03:00,911033.9503461104,36945.664794921875,947979.6151410323,1,-0.0008018976079396944
2024-03-17 00:00:00+03:00,911033.9503461104,36755.47066497803,947789.4210110884,1,-0.00020063103352230272
2024-03-18 00:00:00+03:00,911033.9503461104,37468.7077331543,948502.6580792647,1,0.0007525269351660313
2024-03-19 00:00:00+03:00,911033.9503461104,37801.552505493164,948835.5028516036,1,0.0003509160143133627
2024-03-20 00:00:00+03:00,911033.9503461104,37468.7077331543,948502.6580792647,1,-0.0003507929154616951
2024-03-21 00:00:00+03:00,874561.3788489016,74494.11455535889,949055.4934042605,2,0.0005828505806355633
2024-03-24 00:00:00+03:00,839545.3462030181,109242.30069732666,948787.6469003448,3,-0.0002822242806423958
2024-03-25 00:00:00+03:00,839545.3462030181,108544.85544967651,948090.2016526946,3,-0.000735090986828002
2024-03-26 00:00:00+03:00,805944.6834885031,141733.5488357544,947678.2323242575,4,-0.0004345254573024926
2024-03-27 00:00:00+03:00,805944.6834885031,142071.79964447021,948016.4831329733,4,0.0003569257973630169
2024-03-28 00:00:00+03:00,805944.6834885031,143103.38484573364,949048.0683342367,4,0.0010881511235483199
2024-03-31 00:00:00+03:00,844002.8486266661,103187.63547515869,947190.4841018248,3,-0.001957313116576209
2024-04-01 00:00:00+03:00,844002.8486266661,103827.495262146,947830.3438888121,3,0.0006755344333870816
2024-04-02 00:00:00+03:00,844002.8486266661,103852.18756484985,947855.036191516,3,2.605139502342979e-05
2024-04-03 00:00:00+03:00,810210.0711650652,137495.35356140137,947705.4247264665,4,-0.00015784213760217103
2024-04-04 00:00:00+03:00,810210.0711650652,138023.52074050903,948233.5919055742,4,0.0005573115499049042
2024-04-14 00:00:00+03:00,846400.3116482577,101942.79897710137,948343.110625359,3,0.00011549761653628643
2024-04-15 00:00:00+03:00,885634.8619068782,63047.45225715637,948682.3141640346,2,0.0003576801843923061
2024-04-16 00:00:00+03:00,850206.5430797763,97964.16763877869,948170.710718555,3,-0.0005392779414574722
2024-04-17 00:00:00+03:00,850206.5430797763,97612.47591876984,947819.0189985462,3,-0.0003709160344579354
2024-04-18 00:00:00+03:00,834799.4474374154,113831.81507873535,948631.2625161507,4,0.0008569605603216957
2024-04-21 00:00:00+03:00,867907.3581806344,81225.52118968964,949132.8793703241,3,0.0005287795943418327
2024-04-22 00:00:00+03:00,867907.3581806344,80225.09988594055,948132.458066575,3,-0.001054037137995678
2024-04-23 00:00:00+03:00,833165.933872834,114217.61552524567,947383.5493980796,4,-0.0007898776823045406
2024-04-24 00:00:00+03:00,833165.933872834,113449.45066833496,946615.3845411689,4,-0.0008108277343413794
2024-04-25 00:00:00+03:00,799809.8571329186,145983.90333461761,945793.7604675362,5,-0.0008679597723113552
2024-04-28 00:00:00+03:00,799809.8571329186,146924.42365932465,946734.2807922432,5,0.0009944243280290976
2024-04-29 00:00:00+03:00,767812.8776157058,178839.2709197998,946652.1485355056,6,-8.675322992302004e-05
2024-04-30 00:00:00+03:00,767812.8776157058,179643.38758945465,947456.2652051605,6,0.0008494320441767567
2024-05-01 00:00:00+03:00,796115.9860473362,150178.24238967896,946294.2284370152,5,-0.0012264806417144891
2024-05-02 00:00:00+03:00,831315.1288906812,115899.31962394714,947214.4485146283,4,0.0009724460426363546
2024-05-05 00:00:00+03:00,813685.7761551124,134796.00601768494,948481.7821727974,4,0.0013379585374320158
2024-05-06 00:00:00+03:00,813685.7761551124,134923.92493247986,948609.7010875923,4,0.00013486702348863844
2024-05-07 00:00:00+03:00,813685.7761551124,133360.37989902496,947046.1560541374,4,-0.0016482490445356435
2024-05-08 00:00:00+03:00,813685.7761551124,133239.35017299652,946925.126328109,4,-0.00012779707224908066
2024-05-09 00:00:00+03:00,847193.1744435012,98072.78469467163,945265.9591381728,3,-0.001752163020924291
2024-05-12 00:00:00+03:00,875470.1938221176,69527.88785266876,944998.0816747864,2,-0.00028338845887421193
2024-05-13 00:00:00+03:00,875470.1938221176,69283.32667827606,944753.5205003937,2,-0.00025879541888518265
2024-05-14 00:00:00+03:00,843895.2785456893,99707.4067440033,943602.6852896926,3,-0.001218132757093704
2024-05-15 00:00:00+03:00,843895.2785456893,100257.25637054443,944152.5349162337,3,0.0005827130794697766
2024-05-16 00:00:00+03:00,843895.2785456893,100034.76838588715,943930.0469315764,3,-0.00023564834751732544
2024-05-19 00:00:00+03:00,843895.2785456893,100034.76838588715,943930.0469315764,3,0.0
2024-05-20 00:00:00+03:00,755802.6444737643,187541.3893108368,943344.0337846011,6,-0.0006208226434577524
2024-05-21 00:00:00+03:00,773658.8516683606,170931.74130916595,944590.5929775266,6,0.0013214258513136734
2024-05-22 00:00:00+03:00,725999.7180342452,221324.0915517807,947323.8095860259,8,0.002893546292773941
2024-05-23 00:00:00+03:00,706334.2265984322,237498.62191867828,943832.8485171105,9,-0.0036850768803551315
2024-05-26 00:00:00+03:00,739406.2456654642,201544.7503900528,940950.996055517,8,-0.0030533504593756033
2024-05-27 00:00:00+03:00,656087.291908615,284740.76860046387,940828.0605090789,11,-0.0001306503175547702
2024-05-28 00:00:00+03:00,691050.9062702568,245049.05626869202,936099.9625389489,10,-0.0050254644483835875
2024-05-29 00:00:00+03:00,617054.276848935,322791.75690460205,939846.0337535371,13,0.004001785455078899
2024-05-30 00:00:00+03:00,617054.276848935,323319.3444137573,940373.6212626924,13,0.0005613552541667843
2024-06-02 00:00:00+03:00,617054.276848935,323319.3444137573,940373.6212626924,13,0.0
2024-06-03 00:00:00+03:00,632883.1633480198,312735.6344680786,945618.7978160984,12,0.005577758068503691
2024-06-04 00:00:00+03:00,615375.7342401118,324660.61673498154,940036.3509750933,13,-0.005903485478395476
2024-06-05 00:00:00+03:00,627818.7926844886,310519.76504325867,938338.5577277472,12,-0.0018060931852103002
2024-06-06 00:00:00+03:00,647662.9698361219,289509.08015823364,937172.0499943555,11,-0.001243162954122301
2024-06-09 00:00:00+03:00,679078.084596308,266588.67458724976,945666.7591835577,10,0.00906419391108959
2024-06-10 00:00:00+03:00,708904.4729763158,238914.67730093002,947819.1502772458,9,0.0022760566264867776
2024-06-11 00:00:00+03:00,684541.1298813483,261647.43910503387,946188.5689863822,10,-0.0017203506495797605
2024-06-12 00:00:00+03:00,801451.4657239451,142124.8857269287,943576.3514508738,6,-0.0027607790044502645
2024-06-13 00:00:00+03:00,772019.8911608988,169723.83058166504,941743.7217425639,7,-0.0019422166584527334
2024-06-23 00:00:00+03:00,871366.210240873,72974.91119003296,944341.121430906,3,0.0027580748651405695
2024-06-24 00:00:00+03:00,839475.184447107,103642.8938293457,943118.0782764527,4,-0.001295128557570413
2024-06-25 00:00:00+03:00,839475.184447107,104062.02390289307,943537.2083500001,4,0.0004444089061608203
2024-06-26 00:00:00+03:00,853804.6829047948,89101.81781387329,942906.5007186681,3,-0.0006684501954458133
2024-06-27 00:00:00+03:00,882238.8950947828,60749.22152709961,942988.1166218824,2,8.655779035571243e-05
2024-06-30 00:00:00+03:00,912494.4538255554,31247.781036376953,943742.2348619323,1,0.00079971128666112
2024-07-01 00:00:00+03:00,947969.5594997942,0.0,947969.5594997942,0,0.004479321240169254
2024-07-02 00:00:00+03:00,947969.5594997942,0.0,947969.5594997942,0,0.0
2024-07-03 00:00:00+03:00,947969.5594997942,0.0,947969.5594997942,0,0.0
2024-07-04 00:00:00+03:00,947969.5594997942,0.0,947969.5594997942,0,0.0
2024-07-07 00:00:00+03:00,947969.5594997942,0.0,947969.5594997942,0,0.0
2024-07-08 00:00:00+03:00,947969.5594997942,0.0,947969.5594997942,0,0.0
2024-07-09 00:00:00+03:00,947969.5594997942,0.0,947969.5594997942,0,0.0
2024-07-10 00:00:00+03:00,947969.5594997942,0.0,947969.5594997942,0,0.0
2024-07-11 00:00:00+03:00,910019.1084095782,37874.66327190399,947893.7716814822,1,-7.994752315876319e-05
2024-07-14 00:00:00+03:00,910019.1084095782,37984.92481470108,948004.0332242793,1,0.00011632267886030334
2024-07-15 00:00:00+03:00,910019.1084095782,37819.53389167786,947838.6423012561,1,-0.000174462256727681
2024-07-16 00:00:00+03:00,910019.1084095782,37819.53389167786,947838.6423012561,1,0.0
2024-07-17 00:00:00+03:00,910019.1084095782,37929.795434474945,947948.9038440532,1,0.00011632944456607675
2024-07-18 00:00:00+03:00,910019.1084095782,37929.795434474945,947948.9038440532,1,0.0
2024-07-21 00:00:00+03:00,910019.1084095782,38040.056977272034,948059.1653868502,1,0.0001163159136003955
2024-07-22 00:00:00+03:00,880347.8657254553,69030.3066110611,949378.1723365164,2,0.0013912707115995016
2024-07-23 00:00:00+03:00,924144.0336240788,29649.758911132812,953793.7925352117,1,0.004651065642080177
2024-07-24 00:00:00+03:00,924144.0336240788,29725.302124023438,953869.3357481023,1,7.920287747920085e-05
2024-07-25 00:00:00+03:00,924144.0336240788,29460.906982421875,953604.9406065007,1,-0.0002771817183893077
2024-07-28 00:00:00+03:00,924144.0336240788,29272.05810546875,953416.0917295476,1,-0.00019803680634566945
2024-07-29 00:00:00+03:00,924144.0336240788,28743.267822265625,952887.3014463445,1,-0.0005546269753470279
2024-07-30 00:00:00+03:00,924144.0336240788,29083.203125,953227.2367490788,1,0.00035674239988137124
2024-07-31 00:00:00+03:00,924144.0336240788,29725.302124023438,953869.3357481023,1,0.0006736053841822631
2024-08-01 00:00:00+03:00,912697.920878267,40367.108459472656,953065.0293377397,1,-0.0008432039695791538
2024-08-04 00:00:00+03:00,876157.1634634192,76767.44825363159,952924.6117170508,2,-0.0001473326754906079
2024-08-05 00:00:00+03:00,636409.0122047787,313715.79095840454,950124.8031631833,11,-0.002938121777359304
2024-08-06 00:00:00+03:00,610938.4136925442,339654.4597110748,950592.873403619,12,0.0004926407971641567
2024-08-07 00:00:00+03:00,649203.4873978865,303681.5459136963,952885.0333115828,11,0.002411295068683428
2024-08-08 00:00:00+03:00,623234.7867090583,329459.5466308594,952694.3333399177,12,-0.00020012904495125827
2024-08-11 00:00:00+03:00,623234.7867090583,333462.0600643158,956696.8467733741,12,0.004201256681589216
2024-08-12 00:00:00+03:00,598282.1108624692,360019.58662605286,958301.697488522,13,0.001677491381476326
2024-08-13 00:00:00+03:00,577239.6841139043,380827.17395401,958066.8580679143,14,-0.00024505791988393977
2024-08-14 00:00:00+03:00,577239.6841139043,382477.5777454376,959717.2618593419,14,0.0017226394771194808
2024-08-15 00:00:00+03:00,595891.8739787055,365568.9285430908,961460.8025217963,13,0.0018167232493833119
2024-08-18 00:00:00+03:00,621953.1669334368,341129.48180389404,963082.6487373308,12,0.0016868563037417683
2024-08-19 00:00:00+03:00,621953.1669334368,340561.474357605,962514.6412910417,12,-0.0005897805832487668
2024-08-20 00:00:00+03:00,691617.5536259769,273284.7402496338,964902.2938756107,10,0.0024806402751094137
2024-08-21 00:00:00+03:00,867540.4520263865,99934.64962005615,967475.1016464427,4,0.002666392014157193
2024-08-22 00:00:00+03:00,894221.7963304969,73566.52152252197,967788.3178530189,3,0.0003237460127327729
2024-08-25 00:00:00+03:00,919726.3412290824,49186.49186706543,968912.8330961479,2,0.0011619433944229929
2024-08-26 00:00:00+03:00,919726.3412290824,48871.22273635864,968597.5639654411,2,-0.00032538441017382347
2024-08-27 00:00:00+03:00,919726.3412290824,48302.74445724487,968029.0856863273,2,-0.0005869086401439905
2024-08-28 00:00:00+03:00,946432.6931776494,21828.59115600586,968261.2843336553,1,0.0002398674283254909
2024-08-29 00:00:00+03:00,929441.0124719063,38498.73871612549,967939.7511880317,1,-0.00033207270684665335
2024-09-01 00:00:00+03:00,929441.0124719063,38215.659633636475,967656.6721055427,1,-0.00029245527125176807
2024-09-02 00:00:00+03:00,929441.0124719063,38215.659633636475,967656.6721055427,1,0.0
2024-09-03 00:00:00+03:00,929441.0124719063,39064.896881103516,968505.9093530098,1,0.0008776224790754128
2024-09-04 00:00:00+03:00,856506.8862592122,112492.74960708618,968999.6358662983,3,0.0005097816218988527
2024-09-05 00:00:00+03:00,822243.0008586062,147832.70077896118,970075.7016375674,4,0.0011104914093253981
2024-09-08 00:00:00+03:00,822243.0008586062,145780.0272769928,968023.028135599,4,-0.0021159931111596197
2024-09-09 00:00:00+03:00,822243.0008586062,145259.4933757782,967502.4942343844,4,-0.0005377288412417025
2024-09-10 00:00:00+03:00,822243.0008586062,146018.80379486084,968261.804653467,4,0.0007848149473594912
2024-09-11 00:00:00+03:00,821538.3596010903,143088.1070728302,964626.4666739205,4,-0.0037544990023101743
2024-09-12 00:00:00+03:00,821538.3596010903,145767.28887557983,967305.6484766701,4,0.0027774292903113285
2024-09-15 00:00:00+03:00,896229.7280367478,71027.3942565918,967257.1222933396,2,-5.0166339261026316e-05
2024-09-16 00:00:00+03:00,860358.0922367477,106211.45239639282,966569.5446331406,3,-0.0007108530341640718
2024-09-17 00:00:00+03:00,860358.0922367477,108535.92597961426,968894.018216362,3,0.0024048694645182334
2024-09-18 00:00:00+03:00,860358.0922367477,108179.5163230896,968537.6085598373,3,-0.0003678520558737519
2024-09-19 00:00:00+03:00,792862.8529727656,175148.69717788696,968011.5501506525,5,-0.0005431471163696022
2024-09-22 00:00:00+03:00,831204.2716494547,139862.38053131104,971066.6521807658,4,0.003156059480527551
2024-09-24 00:00:00+03:00,870505.5510294547,102555.64807128906,973061.1991007437,3,0.002053975301796962
2024-09-25 00:00:00+03:00,870505.5510294547,103327.71865844727,973833.269687902,3,0.0007934450452569131
2024-09-26 00:00:00+03:00,870505.5510294547,103925.16191101074,974430.7129404654,3,0.0006134964486836925
2024-09-29 00:00:00+03:00,904202.3124658095,68140.3588256836,972342.6712914931,2,-0.002142832344304235
2024-09-30 00:00:00+03:00,904202.3124658095,67096.62829589844,971298.940761708,2,-0.0010734184157513704
2024-10-01 00:00:00+03:00,904202.3124658095,68323.87091064453,972526.183376454,2,0.001263506592299679
2024-10-02 00:00:00+03:00,904202.3124658095,68323.87091064453,972526.183376454,2,0.0
2024-10-03 00:00:00+03:00,899616.0270418181,70567.18067359924,970183.2077154174,2,-0.0024091646076841444
2024-10-06 00:00:00+03:00,932531.0794406363,37095.94691467285,969627.0263553092,1,-0.000573274568849591
2024-10-07 00:00:00+03:00,932531.0794406363,36894.70290374756,969425.7823443839,1,-0.00020754785650078933
2024-10-08 00:00:00+03:00,932531.0794406363,38303.41368293762,970834.493123574,1,0.0014531393788428382
2024-10-09 00:00:00+03:00,932531.0794406363,37968.00429534912,970499.0837359854,1,-0.00034548565174008505
2024-10-10 00:00:00+03:00,895208.7067997032,75685.41383361816,970894.1206333213,2,0.0004070451007693876
2024-10-13 00:00:00+03:00,895208.7067997032,76218.87413787842,971427.5809375816,2,0.0005494526055140891
2024-10-14 00:00:00+03:00,835105.4084106995,136612.5868473053,971717.9952580048,4,0.0002989562229052112
2024-10-15 00:00:00+03:00,835105.4084106995,138201.20764923096,973306.6160599304,4,0.0016348578596652175
2024-10-16 00:00:00+03:00,801684.402391166,172469.45002937317,974153.8524205391,5,0.0008704722095063122
2024-10-17 00:00:00+03:00,801684.402391166,171491.60571289062,973176.0081040566,5,-0.0010037883790664504
2024-10-20 00:00:00+03:00,839643.4563484922,132419.24078559875,972062.6971340909,4,-0.0011439975510026956
2024-10-21 00:00:00+03:00,839643.4563484922,134164.44478225708,973807.9011307493,4,0.0017953615562078529
2024-10-22 00:00:00+03:00,839643.4563484922,134786.25077819824,974429.7071266904,4,0.0006385304485814203
2024-10-23 00:00:00+03:00,839643.4563484922,134472.77332878113,974116.2296772733,4,-0.0003217035021864101
2024-10-24 00:00:00+03:00,839643.4563484922,134239.42586898804,973882.8822174802,4,-0.00023954786162472264
2024-10-27 00:00:00+03:00,879877.4225515128,96639.45769691467,976516.8802484275,3,0.0027046353098945097
2024-10-28 00:00:00+03:00,879877.4225515128,95461.53222084045,975338.9547723533,3,-0.001206252037112332
2024-10-29 00:00:00+03:00,904632.9333191449,70677.47439193726,975310.4077110821,2,-2.9268862000719764e-05
2024-10-30 00:00:00+03:00,940784.2374137709,33910.168756484985,974694.4061702559,1,-0.000631595373079219
2024-10-31 00:00:00+03:00,940784.2374137709,34095.47105026245,974879.7084640333,1,0.00019011322174877776
2024-11-03 00:00:00+03:00,935565.9742995638,38900.27917098999,974466.2534705538,1,-0.00042410872837939095
2024-11-04 00:00:00+03:00,898112.5987679465,76061.54077911377,974174.1395470602,2,-0.00029976812686249854
2024-11-05 00:00:00+03:00,898112.5987679465,76051.29235458374,974163.8911225302,2,-1.0520115566570176e-05
2024-11-06 00:00:00+03:00,865841.7667941644,108198.18728637695,974039.9540805414,3,-0.0001272240155052451
2024-11-07 00:00:00+03:00,865841.7667941644,108293.90017700195,974135.6669711664,3,9.826382400857092e-05
2024-11-10 00:00:00+03:00,865841.7667941644,108095.89969062805,973937.6664847925,3,-0.0002032576088600857
2024-11-11 00:00:00+03:00,805952.2360956774,167780.1643924713,973732.4004881487,5,-0.0002107588644606473
2024-11-12 00:00:00+03:00,742813.0504946993,229008.05311203003,971821.1036067293,7,-0.0019628564074289923
2024-11-13 00:00:00+03:00,713103.7597805983,255768.88855171204,968872.6483323104,8,-0.0030339485976136338
2024-11-14 00:00:00+03:00,590761.8652159265,375607.49818992615,966369.3634058527,13,-0.002583708943344143
2024-11-17 00:00:00+03:00,590761.8652159265,375607.49818992615,966369.3634058527,13,0.0
2024-11-18 00:00:00+03:00,590761.8652159265,379784.3717098236,970546.2369257502,13,0.0043222329660541625
2024-11-19 00:00:00+03:00,628897.5799174872,339820.48220443726,968718.0621219245,12,-0.0018836555480514772
2024-11-20 00:00:00+03:00,666712.4539722444,302347.8535003662,969060.3074726106,11,0.0003532971708366528
2024-11-21 00:00:00+03:00,666712.4539722444,302678.29134368896,969390.7453159334,11,0.00034098790423531256
2024-11-24 00:00:00+03:00,697517.1984049683,271062.8089866638,968580.0073916321,10,-0.0008363375947405549
2024-11-25 00:00:00+03:00,666244.2617303623,301728.0283794403,967972.2901098026,11,-0.0006274311643764685
2024-11-26 00:00:00+03:00,639572.9000799373,327444.50632953644,967017.4064094737,12,-0.0009864783424953227
2024-11-27 00:00:00+03:00,750590.8442574464,213753.34024047852,964344.1844979249,8,-0.002764398958933434
2024-11-28 00:00:00+03:00,788467.5099921273,176309.35750198364,964776.867494111,7,0.00044868108621543
2024-12-01 00:00:00+03:00,868194.9976252594,97056.18705749512,965251.1846827546,4,0.0004916340810239284
2024-12-02 00:00:00+03:00,868194.9976252594,99351.81435585022,967546.8119811097,4,0.0023782693404408306
2024-12-03 00:00:00+03:00,893769.659149741,75781.06005859375,969550.7192083348,3,0.002071121730143455
2024-12-04 00:00:00+03:00,868356.7891664583,102449.0208978653,970805.8100643236,4,0.0012945076839441239
2024-12-05 00:00:00+03:00,868356.7891664583,102458.29024219513,970815.0794086534,4,9.5480931754377e-06
2024-12-08 00:00:00+03:00,868356.7891664583,102398.8279762268,970755.6171426851,4,-6.124983761535141e-05
2024-12-09 00:00:00+03:00,868356.7891664583,101636.61009502411,969993.3992614824,4,-0.0007851799853048069
2024-12-10 00:00:00+03:00,868356.7891664583,101572.1731004715,969928.9622669298,4,-6.643034334219422e-05
2024-12-11 00:00:00+03:00,917291.7999188895,51795.86262702942,969087.662545919,2,-0.0008673828225982394
2024-12-12 00:00:00+03:00,943886.236836105,24863.52006340027,968749.7568995053,1,-0.000348684292941992
2024-12-15 00:00:00+03:00,968534.1863239632,0.0,968534.1863239632,0,-0.00022252452091653385
2024-12-16 00:00:00+03:00,968534.1863239632,0.0,968534.1863239632,0,0.0
2024-12-17 00:00:00+03:00,968534.1863239632,0.0,968534.1863239632,0,0.0
2024-12-18 00:00:00+03:00,968534.1863239632,0.0,968534.1863239632,0,0.0
2024-12-19 00:00:00+03:00,968534.1863239632,0.0,968534.1863239632,0,0.0
2024-12-22 00:00:00+03:00,968534.1863239632,0.0,968534.1863239632,0,0.0
2024-12-23 00:00:00+03:00,968534.1863239632,0.0,968534.1863239632,0,0.0
2024-12-24 00:00:00+03:00,968534.1863239632,0.0,968534.1863239632,0,0.0
2024-12-25 00:00:00+03:00,968534.1863239632,0.0,968534.1863239632,0,0.0
2024-12-26 00:00:00+03:00,968534.1863239632,0.0,968534.1863239632,0,0.0
2024-12-29 00:00:00+03:00,968534.1863239632,0.0,968534.1863239632,0,0.0
2024-12-30 00:00:00+03:00,968534.1863239632,0.0,968534.1863239632,0,0.0
2024-12-31 00:00:00+03:00,968534.1863239632,0.0,968534.1863239632,0,0.0
2025-01-01 00:00:00+03:00,968534.1863239632,0.0,968534.1863239632,0,0.0
2025-01-02 00:00:00+03:00,968534.1863239632,0.0,968534.1863239632,0,0.0
2025-01-05 00:00:00+03:00,932825.9443736981,35636.93246078491,968462.876834483,1,-7.362619769868406e-05
2025-01-06 00:00:00+03:00,932825.9443736981,35829.22001647949,968655.1643901776,1,0.00019854922712481127
2025-01-07 00:00:00+03:00,895488.6539381249,73097.45335769653,968586.1072958214,2,-7.12917216516562e-05
2025-01-08 00:00:00+03:00,895488.6539381249,73588.19138717651,969076.8453253014,2,0.0005066540039997403
2025-01-09 00:00:00+03:00,895488.6539381249,73588.19138717651,969076.8453253014,2,0.0
2025-01-12 00:00:00+03:00,895488.6539381249,74562.18357086182,970050.8375089867,2,0.001005072186363476
2025-01-13 00:00:00+03:00,895488.6539381249,74007.34968948364,969496.0036276085,2,-0.0005719637156367252
2025-01-14 00:00:00+03:00,859658.3011572612,109612.2365989685,969270.5377562298,3,-0.0002325598770238635
2025-01-15 00:00:00+03:00,859658.3011572612,111214.53888320923,970872.8400404705,3,0.0016531011949976193
2025-01-16 00:00:00+03:00,859658.3011572612,111772.50477981567,971430.8059370769,3,0.0005747054337035262
2025-01-19 00:00:00+03:00,859658.3011572612,111970.7031326294,971629.0042898906,3,0.00020402724682222484
2025-01-20 00:00:00+03:00,859658.3011572612,110867.61512756348,970525.9162848247,3,-0.0011352975263146936
2025-01-21 00:00:00+03:00,895479.8638550554,75019.25535964966,970499.1192147051,2,-2.7610875371841814e-05
2025-01-22 00:00:00+03:00,895479.8638550554,75321.65362930298,970801.5174843584,2,0.00031159046274864544
2025-01-23 00:00:00+03:00,932843.5205124117,37459.79942321777,970303.3199356295,1,-0.0005131816748905615
2025-01-26 00:00:00+03:00,932843.5205124117,37686.59884643555,970530.1193588473,1,0.00023374074741155937
2025-01-27 00:00:00+03:00,932843.5205124117,36892.79942321777,969736.3199356295,1,-0.0008179029247873393
2025-01-28 00:00:00+03:00,932843.5205124117,36892.79942321777,969736.3199356295,1,0.0
2025-01-29 00:00:00+03:00,903960.1199893313,65945.31942749023,969905.4394168216,2,0.00017439738794489124
2025-01-30 00:00:00+03:00,940741.4468443313,27637.03076171875,968378.4776060501,1,-0.0015743409086246274
2025-02-02 00:00:00+03:00,940741.4468443313,27963.920288085938,968705.3671324173,1,0.0003375638078773058
2025-02-03 00:00:00+03:00,940741.4468443313,28231.376831054688,968972.823675386,1,0.0002760968938992914
2025-02-04 00:00:00+03:00,903077.9868549389,65617.79661655426,968695.7834714932,2,-0.0002859112217843407
2025-02-05 00:00:00+03:00,903077.9868549389,66616.99055957794,969694.9774145168,2,0.0010314837331519833
2025-02-06 00:00:00+03:00,903077.9868549389,65995.42648220062,969073.4133371395,2,-0.0006409892717342824
2025-02-09 00:00:00+03:00,903077.9868549389,66296.296043396,969374.2828983349,2,0.00031047138127471285
2025-02-10 00:00:00+03:00,872827.1559563129,96201.25330066681,969028.4092569797,3,-0.0003568009255631166
2025-02-11 00:00:00+03:00,872827.1559563129,97360.84655857086,970188.0025148838,3,0.0011966555849411975
2025-02-12 00:00:00+03:00,872827.1559563129,95321.9348859787,968149.0908422916,3,-0.0021015634777042935
2025-02-13 00:00:00+03:00,872827.1559563129,96145.90068721771,968973.0566435306,3,0.000851073258274937
2025-02-16 00:00:00+03:00,937510.5287426583,30522.639896392822,968033.1686390511,1,-0.0009699836316762189
2025-02-17 00:00:00+03:00,937510.5287426583,30647.22280883789,968157.7515514962,1,0.0001286969460150278
2025-02-18 00:00:00+03:00,937510.5287426583,30730.277011871338,968240.8057545297,1,8.57858163096914e-05
2025-02-19 00:00:00+03:00,937510.5287426583,30730.277011871338,968240.8057545297,1,0.0
2025-02-20 00:00:00+03:00,937510.5287426583,30024.311462402344,967534.8402050607,1,-0.0007291218726511728
2025-02-24 00:00:00+03:00,837381.4532644216,129594.02807617188,966975.4813405934,4,-0.0005781278784221522
2025-02-25 00:00:00+03:00,866392.5240614688,99412.41749572754,965804.9415571963,3,-0.001210516508416859
2025-02-26 00:00:00+03:00,866392.5240614688,98781.21202087402,965173.7360823428,3,-0.0006535537847174311
2025-02-27 00:00:00+03:00,709554.5732502711,255106.00926971436,964660.5825199855,8,-0.0005316696291801648
2025-03-02 00:00:00+03:00,709554.5732502711,254711.42622756958,964265.9994778407,8,-0.00040903821436755194
2025-03-03 00:00:00+03:00,669090.0558306163,295000.1464805603,964090.2023111766,10,-0.00018231190020112642
2025-03-04 00:00:00+03:00,677372.3355275015,281592.1315021515,958964.467029653,10,-0.005316655297643136
2025-03-05 00:00:00+03:00,698562.1196262264,258855.2693786621,957417.3890048885,10,-0.001613279822094471
2025-03-06 00:00:00+03:00,723987.859001365,232093.72661018372,956081.5856115487,9,-0.0013952153038792048
2025-03-09 00:00:00+03:00,722442.5310435066,235543.6927471161,957986.2237906227,9,0.0019921293409868035
2025-03-10 00:00:00+03:00,738115.3391575638,216793.94097709656,954909.2801346603,8,-0.0032118871645014924
2025-03-11 00:00:00+03:00,765985.3161336116,188775.4806919098,954760.7968255214,7,-0.00015549467601572164
2025-03-12 00:00:00+03:00,805224.4765500923,148463.28792190552,953687.7644719979,6,-0.0011238755896673114
2025-03-13 00:00:00+03:00,771943.3784988632,180674.41701316833,952617.7955120315,7,-0.0011219279515016778
2025-03-16 00:00:00+03:00,834705.9953480893,121845.85725021362,956551.8525983029,5,0.004129732936761776
2025-03-17 00:00:00+03:00,834705.9953480893,122381.81125640869,957087.806604498,5,0.0005602979124856855
2025-03-18 00:00:00+03:00,834705.9953480893,120202.96591377258,954908.9612618618,5,-0.0022765365179669983
2025-03-19 00:00:00+03:00,871576.9299270165,82467.57543754578,954044.5053645623,3,-0.0009052757198521055
2025-03-20 00:00:00+03:00,871576.9299270165,82467.57543754578,954044.5053645623,3,0.0
2025-03-23 00:00:00+03:00,871576.9299270165,82495.96780967712,954072.8977366936,3,2.9760008020351947e-05
2025-03-24 00:00:00+03:00,871576.9299270165,82522.75134277344,954099.6812697899,3,2.8072837159331954e-05
2025-03-25 00:00:00+03:00,871576.9299270165,81163.16325759888,952740.0931846154,3,-0.0014249958488248282
2025-03-26 00:00:00+03:00,871576.9299270165,83295.26131057739,954872.1912375939,3,0.0022378590637996965
2025-03-27 00:00:00+03:00,871576.9299270165,83480.68709182739,955057.6170188439,3,0.00019418911028257213
2025-04-03 00:00:00+03:00,951488.6679826298,0.0,951488.6679826298,0,-0.003736893955523124
2025-04-06 00:00:00+03:00,874498.4064651041,78412.12913703918,952910.5356021433,3,0.0014943610653064265
2025-04-07 00:00:00+03:00,782115.3806484176,170784.6922674179,952900.0729158355,7,-1.0979715216463681e-05
2025-04-08 00:00:00+03:00,806687.5630804719,148111.77811908722,954799.3411995592,6,0.0019931452811330352
2025-04-09 00:00:00+03:00,851771.0950739143,96679.513671875,948450.6087457893,4,-0.006649284493424168
2025-04-10 00:00:00+03:00,851771.0950739143,96679.513671875,948450.6087457893,4,0.0
2025-04-13 00:00:00+03:00,897983.8885906927,55682.5791015625,953666.4676922552,2,0.005499346933166338
2025-04-14 00:00:00+03:00,897983.8885906927,56306.73554229736,954290.62413299,2,0.0006544808503599064
2025-04-15 00:00:00+03:00,897983.8885906927,56155.05568695068,954138.9442776433,2,-0.0001589451384209628
2025-04-16 00:00:00+03:00,897983.8885906927,56054.166358947754,954038.0549496404,2,-0.00010573861239815407
2025-04-17 00:00:00+03:00,897983.8885906927,56054.166358947754,954038.0549496404,2,0.0
2025-04-20 00:00:00+03:00,922014.9539089822,33989.29342651367,956004.2473354959,1,0.0020609160983198205
2025-04-21 00:00:00+03:00,922014.9539089822,33823.22085571289,955838.1747646951,1,-0.00017371530645771127
2025-04-22 00:00:00+03:00,922014.9539089822,33657.150451660156,955672.1043606424,1,-0.0001737432218519297
2025-04-23 00:00:00+03:00,955936.3036227842,0.0,955936.3036227842,0,0.00027645388092456535
2025-04-24 00:00:00+03:00,955936.3036227842,0.0,955936.3036227842,0,0.0
2025-04-27 00:00:00+03:00,955936.3036227842,0.0,955936.3036227842,0,0.0
2025-04-28 00:00:00+03:00,955936.3036227842,0.0,955936.3036227842,0,0.0
2025-04-29 00:00:00+03:00,955936.3036227842,0.0,955936.3036227842,0,0.0
2025-04-30 00:00:00+03:00,955936.3036227842,0.0,955936.3036227842,0,0.0
2025-05-01 00:00:00+03:00,955936.3036227842,0.0,955936.3036227842,0,0.0
2025-05-04 00:00:00+03:00,955936.3036227842,0.0,955936.3036227842,0,0.0
2025-05-05 00:00:00+03:00,881914.5005018853,73651.98127365112,955566.4817755364,3,-0.0003868687127439596
2025-05-06 00:00:00+03:00,881914.5005018853,72615.91856765747,954530.4190695428,3,-0.0010842392714199844
2025-05-07 00:00:00+03:00,865275.2718958854,89972.67064476013,955247.9425406455,4,0.0007517030958552606
2025-05-08 00:00:00+03:00,848409.6910350277,106337.01633834839,954746.7073733761,5,-0.0005247173481852663
2025-05-11 00:00:00+03:00,848409.6910350277,105141.43172454834,953551.1227595761,5,-0.0012522531940322157
2025-05-12 00:00:00+03:00,848409.6910350277,106556.44904136658,954966.1400763943,5,0.001483944890886546
2025-05-13 00:00:00+03:00,814458.9898186378,140385.61031341553,954844.6001320534,6,-0.00012727146988811278
2025-05-14 00:00:00+03:00,781876.7851752638,173089.59037590027,954966.375551164,7,0.00012753428054557148
2025-05-15 00:00:00+03:00,765788.6472503052,187921.20096206665,953709.8482123718,7,-0.0013157817604488864
2025-05-18 00:00:00+03:00,765788.6472503052,187921.20096206665,953709.8482123718,7,0.0
2025-05-19 00:00:00+03:00,762949.1216951854,189480.46401405334,952429.5857092388,7,-0.0013424025195217792
2025-05-20 00:00:00+03:00,794520.8833301854,158602.4386997223,953123.3220299077,6,0.0007283859416782335
2025-05-21 00:00:00+03:00,752830.4460650075,199469.16117477417,952299.6072397816,7,-0.000864226875040397
2025-05-22 00:00:00+03:00,723342.2038663831,228142.9761314392,951485.1799978223,8,-0.0008552216505894883
2025-05-25 00:00:00+03:00,739949.2772737466,205663.1453819275,945612.422655674,7,-0.0061722005403822555
2025-05-26 00:00:00+03:00,682227.0155277097,264087.4028954506,946314.4184231603,9,0.0007423715580161527
2025-05-27 00:00:00+03:00,663682.7224275961,281099.65716171265,944782.3795893088,10,-0.0016189532823608355
2025-05-28 00:00:00+03:00,663682.7224275961,283705.67308425903,947388.3955118551,10,0.0027583240107411644
2025-05-29 00:00:00+03:00,646656.4213116508,299122.58770370483,945779.0090153556,11,-0.001698761040481167
2025-06-01 00:00:00+03:00,706690.8741798388,232224.7312927246,938915.6054725634,9,-0.007256878697210256
2025-06-02 00:00:00+03:00,706690.8741798388,232436.43286132812,939127.3070411669,9,0.00022547454464438843
2025-06-03 00:00:00+03:00,690491.1760196574,247410.98038578033,937902.1564054377,10,-0.0013045628921057872
2025-06-04 00:00:00+03:00,662864.5428700504,277086.14832401276,939950.6911940632,11,0.0021841668394031455
2025-06-11 00:00:00+03:00,802019.0538135204,139145.5029335022,941164.5567470226,6,0.0012914140755801995
2025-06-12 00:00:00+03:00,833124.3149646334,101290.19745445251,934414.512419086,4,-0.00717201288504421
2025-06-15 00:00:00+03:00,820313.9942069467,111251.9940700531,931565.9882769998,4,-0.003048458798774134
2025-06-16 00:00:00+03:00,820313.9942069467,112410.03519439697,932724.0294013437,4,0.001243112285030712
2025-06-17 00:00:00+03:00,788350.7846556891,142986.43466758728,931337.2193232764,5,-0.0014868385871407153
2025-06-18 00:00:00+03:00,817477.0058294776,111993.90391159058,929470.9097410681,4,-0.0020039031443029875
2025-06-19 00:00:00+03:00,817477.0058294776,112373.58044242859,929850.5862719062,4,0.000408486728157742
2025-06-22 00:00:00+03:00,824556.7432835842,105737.9615650177,930294.704848602,4,0.00047762359163150414
2025-06-23 00:00:00+03:00,846113.4946009069,88535.97957992554,934649.4741808324,3,0.004681064300950943
2025-06-24 00:00:00+03:00,881186.6260307264,56233.54778289795,937420.1738136243,2,0.0029644264607544546
2025-06-25 00:00:00+03:00,881186.6260307264,56624.30029296875,937810.9263236951,2,0.0004168381703171242
2025-06-26 00:00:00+03:00,881186.6260307264,57098.598598480225,938285.2246292066,2,0.00050575045800616
2025-06-29 00:00:00+03:00,902647.6395347264,36303.23902130127,938950.8785560277,1,0.0007094366503364036
2025-06-30 00:00:00+03:00,902647.6395347264,36410.141468048096,939057.7810027745,1,0.00011385307707612036
2025-07-01 00:00:00+03:00,909470.4629031012,29460.48046875,938930.9433718512,1,-0.00013506903780491353
2025-07-02 00:00:00+03:00,909470.4629031012,28800.0,938270.4629031012,1,-0.0007034388134851133
2025-07-03 00:00:00+03:00,909470.4629031012,29015.0390625,938485.5019656012,1,0.00022918664820226198
2025-07-06 00:00:00+03:00,909470.4629031012,29644.798828125,939115.2617312262,1,0.0006710383530763586
2025-07-07 00:00:00+03:00,909470.4629031012,30720.0,940190.4629031012,1,0.0011449086344235138
2025-07-08 00:00:00+03:00,909470.4629031012,30105.6005859375,939576.0634890387,1,-0.0006534839889412725
2025-07-09 00:00:00+03:00,909470.4629031012,30766.0810546875,940236.5439577887,1,0.0007029558270112979
2025-07-10 00:00:00+03:00,909470.4629031012,31349.759765625,940820.2226687262,1,0.0006207785845895319
2025-07-13 00:00:00+03:00,909470.4629031012,31242.240234375,940712.7031374762,1,-0.00011428275951064215
2025-07-14 00:00:00+03:00,909470.4629031012,30474.240234375,939944.7031374762,1,-0.0008164022846067764
2025-07-15 00:00:00+03:00,909470.4629031012,30412.798828125,939883.2617312262,1,-6.536704344939359e-05
2025-07-16 00:00:00+03:00,909470.4629031012,30443.51953125,939913.9824343512,1,3.2685658289510755e-05
2025-07-17 00:00:00+03:00,939101.990717028,0.0,939101.990717028,0,-0.000863900029681619
2025-07-20 00:00:00+03:00,939101.990717028,0.0,939101.990717028,0,0.0
2025-07-21 00:00:00+03:00,870981.6387781377,67388.54238986969,938370.1811680074,2,-0.0007792652515429266
2025-07-22 00:00:00+03:00,836114.0079801377,103254.18276977539,939368.1907499131,3,0.0010635563681951066
2025-07-23 00:00:00+03:00,802655.0604042759,138506.63662719727,941161.6970314732,4,0.0019092686970039185
2025-07-24 00:00:00+03:00,770531.1529887156,171334.32360172272,941865.4765904383,5,0.0007477775191924163
2025-07-27 00:00:00+03:00,739682.7093454349,202701.62971305847,942384.3390584934,6,0.0005508880842870489
2025-07-28 00:00:00+03:00,710170.1117496882,229419.45044326782,939589.562192956,7,-0.0029656444294581252
2025-07-29 00:00:00+03:00,654469.59220915,285392.83718299866,939862.4293921486,9,0.00029041105837301906
2025-07-30 00:00:00+03:00,688543.0092593795,252485.6268749237,941028.6361343032,8,0.0012408270675410282
2025-07-31 00:00:00+03:00,660986.9797583795,278486.5794391632,939473.5591975427,9,-0.0016525288147963835
2025-08-03 00:00:00+03:00,724255.453845067,214235.07420158386,938490.5280466508,7,-0.0010463638292614874
2025-08-04 00:00:00+03:00,642828.2491640905,296273.7249946594,939101.9741587499,10,0.0006515208132913397
2025-08-05 00:00:00+03:00,617797.8638790646,322973.0312280655,940770.89510713,11,0.0017771456075099668
2025-08-06 00:00:00+03:00,656464.0956694541,285462.3653435707,941926.4610130248,10,0.0012283180866932142
2025-08-07 00:00:00+03:00,656464.0956694541,285291.9030585289,941755.998727983,10,-0.00018097196766131418
2025-08-10 00:00:00+03:00,717356.3176620235,222968.03724479675,940324.3549068202,8,-0.0015201855078135207
2025-08-11 00:00:00+03:00,717356.3176620235,219449.83672523499,936806.1543872585,8,-0.00374147548258541
2025-08-12 00:00:00+03:00,693911.9616735516,243122.5379486084,937034.49962216,9,0.00024374864942133811
2025-08-13 00:00:00+03:00,721493.3748403237,215472.518597126,936965.8934374497,8,-7.3216284713018e-05
2025-08-14 00:00:00+03:00,748619.2623187257,190041.73310375214,938660.9954224778,7,0.0018091394755141987
2025-08-17 00:00:00+03:00,776225.1671733304,163400.9183154106,939626.085488741,6,0.0010281561404699158
2025-08-18 00:00:00+03:00,776225.1671733304,162889.50580835342,939114.6729816839,6,-0.0005442723599901056
2025-08-19 00:00:00+03:00,776225.1671733304,161779.41663694382,938004.5838102743,6,-0.001182059234454358
2025-08-20 00:00:00+03:00,765245.9503545576,172112.5751028061,937358.5254573637,6,-0.0006887582044494689
2025-08-21 00:00:00+03:00,789529.7093935611,147207.6866426468,936737.3960362079,5,-0.0006626380454082259
2025-08-24 00:00:00+03:00,789529.7093935611,147265.645362854,936795.3547564151,5,6.187296509407858e-05
2025-08-25 00:00:00+03:00,789529.7093935611,146948.70123195648,936478.4106255176,5,-0.00033832803428013314
2025-08-26 00:00:00+03:00,819528.263020569,118348.71082878113,937876.9738493501,4,0.0014934281537770655
2025-08-27 00:00:00+03:00,819528.263020569,117404.0762834549,936932.3393040239,4,-0.0010072051790003256
2025-08-28 00:00:00+03:00,865827.9368051954,69431.0750246048,935259.0118298002,2,-0.001785964048873212
2025-08-31 00:00:00+03:00,831247.4804019812,103929.48541164398,935176.9658136251,3,-8.772544839164009e-05
2025-09-01 00:00:00+03:00,831247.4804019812,105147.95595216751,936395.4363541487,3,0.0013029304453231472
2025-09-02 00:00:00+03:00,831247.4804019812,104521.16805553436,935768.6484575155,3,-0.0006693624000064791
2025-09-03 00:00:00+03:00,831247.4804019812,103919.34481620789,935166.825218189,3,-0.0006431325096416529
2025-09-04 00:00:00+03:00,831247.4804019812,104561.74443435669,935809.2248363378,3,0.0006869358501879752
2025-09-07 00:00:00+03:00,863922.0515366228,72736.39951324463,936658.4510498674,2,0.0009074779249778064
2025-09-08 00:00:00+03:00,829346.202570563,105818.699426651,935164.901997214,3,-0.0015945503411403106
2025-09-09 00:00:00+03:00,802073.7401820087,133361.1798286438,935434.9200106525,4,0.0002887383956153844
2025-09-10 00:00:00+03:00,802073.7401820087,132414.76113128662,934488.5013132953,4,-0.0010117418936491651
2025-09-11 00:00:00+03:00,769963.8356653942,163096.78183841705,933060.6175038113,5,-0.0015279843545183969
2025-09-14 00:00:00+03:00,839100.4550454406,92778.78615570068,931879.2412011413,3,-0.0012661302819001463
2025-09-15 00:00:00+03:00,805521.7980295831,126677.0347366333,932198.8327662164,4,0.0003429538409538413
2025-09-16 00:00:00+03:00,745272.845862024,188578.04531288147,933850.8911749055,6,0.0017722167745981565
2025-09-17 00:00:00+03:00,745272.845862024,189932.66007709503,935205.505939119,6,0.0014505685832877369
2025-09-18 00:00:00+03:00,686796.6096250665,248451.02723026276,935247.6368553293,8,4.5049901805205295e-05
2025-09-21 00:00:00+03:00,684499.509815806,248130.73334789276,932630.2431636988,8,-0.0027986103236049553
2025-09-22 00:00:00+03:00,684499.509815806,250176.0954246521,934675.6052404582,8,0.002193111462717612
2025-09-24 00:00:00+03:00,787089.7389303792,165168.6134815216,952258.3524119008,5,0.018811603804422816
2025-09-25 00:00:00+03:00,787089.7389303792,165168.6134815216,952258.3524119008,5,0.0
2025-09-28 00:00:00+03:00,857468.1647174995,93991.69948005676,951459.8641975563,3,-0.0008385205677871044
2025-09-29 00:00:00+03:00,857468.1647174995,95704.05138587952,953172.216103379,3,0.001799710077384109
2025-09-30 00:00:00+03:00,857468.1647174995,95953.51932907104,953421.6840465706,3,0.000261723893098198
2025-10-01 00:00:00+03:00,857468.1647174995,95953.51932907104,953421.6840465706,3,0.0
2025-10-02 00:00:00+03:00,891211.835266609,62194.53899002075,953406.3742566297,2,-1.6057732058150087e-05
2025-10-05 00:00:00+03:00,953661.6476014116,0.0,953661.6476014116,0,0.00026774872884693934
2025-10-06 00:00:00+03:00,953661.6476014116,0.0,953661.6476014116,0,0.0
2025-10-07 00:00:00+03:00,953661.6476014116,0.0,953661.6476014116,0,0.0
2025-10-08 00:00:00+03:00,953661.6476014116,0.0,953661.6476014116,0,0.0
2025-10-09 00:00:00+03:00,953661.6476014116,0.0,953661.6476014116,0,0.0
2025-10-12 00:00:00+03:00,953661.6476014116,0.0,953661.6476014116,0,0.0
2025-10-13 00:00:00+03:00,953661.6476014116,0.0,953661.6476014116,0,0.0
2025-10-14 00:00:00+03:00,953661.6476014116,0.0,953661.6476014116,0,0.0
2025-10-15 00:00:00+03:00,953661.6476014116,0.0,953661.6476014116,0,0.0
2025-10-16 00:00:00+03:00,953661.6476014116,0.0,953661.6476014116,0,0.0
2025-10-19 00:00:00+03:00,953661.6476014116,0.0,953661.6476014116,0,0.0
2025-10-20 00:00:00+03:00,923192.1986794588,30236.80065536499,953428.9993348238,1,-0.00024395262950216434
2025-10-21 00:00:00+03:00,901308.897933796,51693.03995132446,953001.9378851205,2,-0.00044792160716866647
2025-10-22 00:00:00+03:00,901308.897933796,50003.36078643799,951312.258720234,2,-0.00177300706086303
2025-10-23 00:00:00+03:00,901308.897933796,50225.87966918945,951534.7776029855,2,0.00023390730090122602
2025-10-26 00:00:00+03:00,901308.897933796,50333.5391998291,951642.4371336251,2,0.00011314303289133854
2025-10-27 00:00:00+03:00,901308.897933796,50828.15922355652,952137.0571573526,2,0.0005197540635295539
2025-10-28 00:00:00+03:00,901308.897933796,51164.55890274048,952473.4568365365,2,0.00035331014233208613
2025-10-29 00:00:00+03:00,901308.897933796,51103.03896141052,952411.9368952066,2,-6.458966482303374e-05
2025-10-30 00:00:00+03:00,865229.7744136426,87580.65807533264,952810.4324889752,3,0.00041840676112037123
2025-11-02 00:00:00+03:00,865229.7744136426,87132.26416015625,952362.0385737988,3,-0.00047060139130206124
2025-11-03 00:00:00+03:00,797343.2026062288,154445.8696193695,951789.0722255983,5,-0.000601626613612849
2025-11-04 00:00:00+03:00,765421.6161728894,185227.32601356506,950648.9421864544,6,-0.001197880993188849
2025-11-05 00:00:00+03:00,731767.2455292563,216206.14043807983,947973.3859673361,7,-0.0028144524233778556
2025-11-06 00:00:00+03:00,722194.1813541235,227426.65879249573,949620.8401466192,7,0.0017378696529566362
2025-11-09 00:00:00+03:00,722194.1813541235,226507.13032722473,948701.3116813482,7,-0.0009683111684122281
2025-11-10 00:00:00+03:00,722194.1813541235,228050.2479572296,950244.4293113531,7,0.0016265579176548695
2025-11-11 00:00:00+03:00,722194.1813541235,228623.61923217773,950817.8005863013,7,0.000603393460947288
2025-11-12 00:00:00+03:00,722194.1813541235,227737.68207359314,949931.8634277167,7,-0.000931763328408719
2025-11-13 00:00:00+03:00,754599.2738241235,192857.34118270874,947456.6150068323,6,-0.0026057115422496446
2025-11-16 00:00:00+03:00,789634.7763880123,155742.7791633606,945377.5555513729,5,-0.002194358477769831
2025-11-17 00:00:00+03:00,850068.7264861637,94877.64156723022,944946.3680533939,3,-0.0004561008408197065
2025-11-18 00:00:00+03:00,816037.1658143065,129441.08180141449,945478.247615721,4,0.0005628674603224137
2025-11-19 00:00:00+03:00,849484.2720253526,95139.36190605164,944623.6339314042,3,-0.0009038956596536529
2025-11-20 00:00:00+03:00,880725.6953293526,64710.46853733063,945436.1638666833,2,0.0008601626151332198
2025-11-23 00:00:00+03:00,912513.9237634826,33037.32039260864,945551.2441560912,1,0.00012172190339887479
2025-11-24 00:00:00+03:00,585827.5490093175,359319.73194885254,945147.2809581701,12,-0.00042722507153136746
2025-11-25 00:00:00+03:00,585827.5490093175,356437.16279888153,942264.7118081991,12,-0.0030498623950425685
2025-11-26 00:00:00+03:00,569921.5160762892,370310.00745391846,940231.5235302077,13,-0.0021577676129775902
2025-11-27 00:00:00+03:00,569921.5160762892,368734.8325691223,938656.3486454115,13,-0.0016753053321185707
2025-11-30 00:00:00+03:00,603868.6004205018,331690.0216579437,935558.6220784455,12,-0.0033001711131410705
2025-12-01 00:00:00+03:00,605255.419133619,329766.73220443726,935022.1513380563,12,-0.0005734229023482973
2025-12-02 00:00:00+03:00,582183.2638386791,353176.6964302063,935359.9602688854,13,0.00036128441486193985
2025-12-03 00:00:00+03:00,560519.60062935,377937.147315979,938456.747945329,14,0.0033107977762416585
2025-12-04 00:00:00+03:00,560519.60062935,379149.4325942993,939669.0332236494,14,0.0012917859890448913
2025-12-07 00:00:00+03:00,594027.4849657645,347048.35783958435,941075.8428053488,13,0.0014971330670259242
2025-12-08 00:00:00+03:00,594027.4849657645,347447.1203594208,941474.6053251852,13,0.00042373048132615665
2025-12-09 00:00:00+03:00,594027.4849657645,349027.3586025238,943054.8435682883,13,0.0016784714469884054
2025-12-10 00:00:00+03:00,825181.6025474005,120465.03882217407,945646.6413695746,5,0.0027483001852570688
2025-12-11 00:00:00+03:00,825181.6025474005,120068.21845245361,945249.8209998541,5,-0.00041962859313471323
2025-12-14 00:00:00+03:00,896130.3725531981,46915.6198425293,943045.9923957274,2,-0.0023314774096392377
2025-12-15 00:00:00+03:00,896130.3725531981,46841.76072692871,942972.1332801268,2,-7.831973858762886e-05
2025-12-16 00:00:00+03:00,904219.6338954745,37608.99890899658,941828.6328044711,1,-0.0012126556398629473
2025-12-17 00:00:00+03:00,904219.6338954745,37466.00109100342,941685.6349864779,1,-0.00015182997523377484
2025-12-18 00:00:00+03:00,868022.549467209,73637.53051757812,941660.0799847872,2,-2.713750825256156e-05
2025-12-21 00:00:00+03:00,868022.549467209,73434.49945449829,941457.0489217073,2,-0.00021560971670697704
2025-12-22 00:00:00+03:00,868022.549467209,74184.40044403076,942206.9499112398,2,0.0007965323435534799
2025-12-23 00:00:00+03:00,868022.549467209,74351.67932510376,942374.2287923128,2,0.00017753942601328454
2025-12-24 00:00:00+03:00,833269.3458501801,108845.75054550171,942115.0963956818,3,-0.0002749782291511238
2025-12-25 00:00:00+03:00,833269.3458501801,108035.32900238037,941304.6748525605,3,-0.000860215005811793
2025-12-28 00:00:00+03:00,775637.0555261275,163276.20042800903,938913.2559541365,5,-0.0025405365152346704
2025-12-29 00:00:00+03:00,775637.0555261275,165839.4107246399,941476.4662507673,5,0.002729975618488867
2025-12-30 00:00:00+03:00,749641.1415821274,189385.96097946167,939027.1025615891,6,-0.0026016196654732315
2025-12-31 00:00:00+03:00,749641.1415821274,192029.9803352356,941671.121917363,6,0.0028157007913416354
2026-01-01 00:00:00+03:00,786318.6774219499,156345.3198928833,942663.9973148332,5,0.0010543759645602613
2026-01-04 00:00:00+03:00,789517.5451642759,150444.52430725098,939962.0694715269,5,-0.0028662682047927435
2026-01-05 00:00:00+03:00,708169.1818403098,229462.7654695511,937631.9473098608,8,-0.002478953393274752
2026-01-06 00:00:00+03:00,759908.798879523,179606.20178604126,939515.0006655642,6,0.0020083075892476376
2026-01-07 00:00:00+03:00,759908.798879523,182253.2018814087,942162.0007609316,6,0.0028174112105632254
2026-01-08 00:00:00+03:00,759908.798879523,180988.16425991058,940896.9631394335,6,-0.0013426965006828606
2026-01-11 00:00:00+03:00,794283.9453235229,149451.51090621948,943735.4562297424,5,0.003016794826117719
2026-01-12 00:00:00+03:00,828919.5700285229,117740.3795633316,946659.9495918545,4,0.0030988486686678307
2026-01-13 00:00:00+03:00,828919.5700285229,118325.34939956665,947244.9194280895,4,0.0006179302678721577
2026-01-14 00:00:00+03:00,795796.7243393469,151904.17816066742,947700.9025000143,5,0.00048137821863436514
2026-01-15 00:00:00+03:00,795796.7243393469,150083.6095085144,945880.3338478613,5,-0.001921037161988992
2026-01-18 00:00:00+03:00,859031.5050821042,89532.12125205994,948563.6263341642,3,0.0028368202512332186
2026-01-19 00:00:00+03:00,859031.5050821042,90072.77101421356,949104.2760963178,3,0.0005699667867753444
2026-01-20 00:00:00+03:00,886034.817775985,63682.49966430664,949717.3174402916,2,0.0006459156906291064
2026-01-21 00:00:00+03:00,886034.817775985,64503.539779663086,950538.3575556481,2,0.0008645099971109627
2026-01-22 00:00:00+03:00,918344.5813004132,32630.0,950974.5813004132,1,0.0004589228212599217
2026-01-25 00:00:00+03:00,918344.5813004132,31851.900382995605,950196.4816834088,1,-0.0008182128442806302
2026-01-26 00:00:00+03:00,918344.5813004132,33332.80076599121,951677.3820664044,1,0.001558520170872324
2026-01-27 00:00:00+03:00,956169.8172014132,0.0,956169.8172014132,0,0.004720544188256515
2026-01-28 00:00:00+03:00,956169.8172014132,0.0,956169.8172014132,0,0.0
